2026-10-06 14:27:56,505 | INFO | root | Starting scraping assignment pipeline
2026-10-06 14:27:56,507 | INFO | scrapers.books_scraper | Books page 1: https://books.toscrape.com/
2026-10-06 14:27:56,507 | INFO | scrapers.base_scraper | Request: https://books.toscrape.com/
2026-10-06 14:27:59,060 | INFO | scrapers.books_scraper | Books page 1 parsed: 20 records
2026-10-06 14:27:59,089 | INFO | scrapers.books_scraper | Books page 2: https://books.toscrape.com/catalogue/page-2.html
2026-10-06 14:27:59,089 | INFO | scrapers.base_scraper | Request: https://books.toscrape.com/catalogue/page-2.html
2026-10-06 14:28:00,130 | INFO | scrapers.books_scraper | Books page 2 parsed: 20 records
2026-10-06 14:28:00,166 | INFO | scrapers.books_scraper | Books page 3: https://books.toscrape.com/catalogue/page-3.html
2026-10-06 14:28:00,172 | INFO | scrapers.base_scraper | Request: https://books.toscrape.com/catalogue/page-3.html
2026-10-06 14:28:01,212 | INFO | scrapers.books_scraper | Books page 3 parsed: 20 records
2026-10-06 14:28:01,242 | INFO | scrapers.books_scraper | Books page 4: https://books.toscrape.com/catalogue/page-4.html
2026-10-06 14:28:01,242 | INFO | scrapers.base_scraper | Request: https://books.toscrape.com/catalogue/page-4.html
2026-10-06 14:28:02,290 | INFO | scrapers.books_scraper | Books page 4 parsed: 20 records
2026-10-06 14:28:02,318 | INFO | scrapers.books_scraper | Books page 5: https://books.toscrape.com/catalogue/page-5.html
2026-10-06 14:28:02,318 | INFO | scrapers.base_scraper | Request: https://books.toscrape.com/catalogue/page-5.html
2026-10-06 14:28:03,369 | INFO | scrapers.books_scraper | Books page 5 parsed: 20 records
2026-10-06 14:28:03,393 | INFO | scrapers.books_scraper | Books page 6: https://books.toscrape.com/catalogue/page-6.html
2026-10-06 14:28:03,395 | INFO | scrapers.base_scraper | Request: https://books.toscrape.com/catalogue/page-6.html
2026-10-06 14:28:04,430 | INFO | scrapers.books_scraper | Books page 6 parsed: 20 records
2026-10-06 14:28:04,498 | INFO | scrapers.books_scraper | Books page 7: https://books.toscrape.com/catalogue/page-7.html
2026-10-06 14:28:04,498 | INFO | scrapers.base_scraper | Request: https://books.toscrape.com/catalogue/page-7.html
2026-10-06 14:28:05,539 | INFO | scrapers.books_scraper | Books page 7 parsed: 20 records
2026-10-06 14:28:05,569 | INFO | scrapers.books_scraper | Books page 8: https://books.toscrape.com/catalogue/page-8.html
2026-10-06 14:28:05,569 | INFO | scrapers.base_scraper | Request: https://books.toscrape.com/catalogue/page-8.html
2026-10-06 14:28:06,614 | INFO | scrapers.books_scraper | Books page 8 parsed: 20 records
2026-10-06 14:28:06,685 | INFO | scrapers.books_scraper | Books page 9: https://books.toscrape.com/catalogue/page-9.html
2026-10-06 14:28:06,695 | INFO | scrapers.base_scraper | Request: https://books.toscrape.com/catalogue/page-9.html
2026-10-06 14:28:07,477 | INFO | scrapers.books_scraper | Books page 9 parsed: 20 records
2026-10-06 14:28:07,507 | INFO | scrapers.books_scraper | Books page 10: https://books.toscrape.com/catalogue/page-10.html
2026-10-06 14:28:07,507 | INFO | scrapers.base_scraper | Request: https://books.toscrape.com/catalogue/page-10.html
2026-10-06 14:28:08,550 | INFO | scrapers.books_scraper | Books page 10 parsed: 20 records
2026-10-06 14:28:08,575 | INFO | scrapers.books_scraper | Books page 11: https://books.toscrape.com/catalogue/page-11.html
2026-10-06 14:28:08,575 | INFO | scrapers.base_scraper | Request: https://books.toscrape.com/catalogue/page-11.html
2026-10-06 14:28:09,366 | INFO | scrapers.books_scraper | Books page 11 parsed: 20 records
2026-10-06 14:28:09,389 | INFO | scrapers.books_scraper | Books page 12: https://books.toscrape.com/catalogue/page-12.html
2026-10-06 14:28:09,389 | INFO | scrapers.base_scraper | Request: https://books.toscrape.com/catalogue/page-12.html
2026-10-06 14:28:10,178 | INFO | scrapers.books_scraper | Books page 12 parsed: 20 records
2026-10-06 14:28:10,211 | INFO | scrapers.books_scraper | Books page 13: https://books.toscrape.com/catalogue/page-13.html
2026-10-06 14:28:10,211 | INFO | scrapers.base_scraper | Request: https://books.toscrape.com/catalogue/page-13.html
2026-10-06 14:28:11,001 | INFO | scrapers.books_scraper | Books page 13 parsed: 20 records
2026-10-06 14:28:11,029 | INFO | scrapers.books_scraper | Books page 14: https://books.toscrape.com/catalogue/page-14.html
2026-10-06 14:28:11,029 | INFO | scrapers.base_scraper | Request: https://books.toscrape.com/catalogue/page-14.html
2026-10-06 14:28:11,827 | INFO | scrapers.books_scraper | Books page 14 parsed: 20 records
2026-10-06 14:28:11,862 | INFO | scrapers.books_scraper | Books page 15: https://books.toscrape.com/catalogue/page-15.html
2026-10-06 14:28:11,864 | INFO | scrapers.base_scraper | Request: https://books.toscrape.com/catalogue/page-15.html
2026-10-06 14:28:12,906 | INFO | scrapers.books_scraper | Books page 15 parsed: 20 records
2026-10-06 14:28:12,932 | INFO | scrapers.books_scraper | Books page 16: https://books.toscrape.com/catalogue/page-16.html
2026-10-06 14:28:12,932 | INFO | scrapers.base_scraper | Request: https://books.toscrape.com/catalogue/page-16.html
2026-10-06 14:28:13,727 | INFO | scrapers.books_scraper | Books page 16 parsed: 20 records
2026-10-06 14:28:13,752 | INFO | scrapers.books_scraper | Books page 17: https://books.toscrape.com/catalogue/page-17.html
2026-10-06 14:28:13,752 | INFO | scrapers.base_scraper | Request: https://books.toscrape.com/catalogue/page-17.html
2026-10-06 14:28:14,565 | INFO | scrapers.books_scraper | Books page 17 parsed: 20 records
2026-10-06 14:28:14,644 | INFO | scrapers.books_scraper | Books page 18: https://books.toscrape.com/catalogue/page-18.html
2026-10-06 14:28:14,644 | INFO | scrapers.base_scraper | Request: https://books.toscrape.com/catalogue/page-18.html
2026-10-06 14:28:15,428 | INFO | scrapers.books_scraper | Books page 18 parsed: 20 records
2026-10-06 14:28:15,460 | INFO | scrapers.books_scraper | Books page 19: https://books.toscrape.com/catalogue/page-19.html
2026-10-06 14:28:15,460 | INFO | scrapers.base_scraper | Request: https://books.toscrape.com/catalogue/page-19.html
2026-10-06 14:28:16,327 | INFO | scrapers.books_scraper | Books page 19 parsed: 20 records
2026-10-06 14:28:16,350 | INFO | scrapers.books_scraper | Books page 20: https://books.toscrape.com/catalogue/page-20.html
2026-10-06 14:28:16,350 | INFO | scrapers.base_scraper | Request: https://books.toscrape.com/catalogue/page-20.html
2026-10-06 14:28:17,145 | INFO | scrapers.books_scraper | Books page 20 parsed: 20 records
2026-10-06 14:28:17,176 | INFO | scrapers.books_scraper | Books page 21: https://books.toscrape.com/catalogue/page-21.html
2026-10-06 14:28:17,176 | INFO | scrapers.base_scraper | Request: https://books.toscrape.com/catalogue/page-21.html
2026-10-06 14:28:17,959 | INFO | scrapers.books_scraper | Books page 21 parsed: 20 records
2026-10-06 14:28:17,996 | INFO | scrapers.books_scraper | Books page 22: https://books.toscrape.com/catalogue/page-22.html
2026-10-06 14:28:17,996 | INFO | scrapers.base_scraper | Request: https://books.toscrape.com/catalogue/page-22.html
2026-10-06 14:28:18,785 | INFO | scrapers.books_scraper | Books page 22 parsed: 20 records
2026-10-06 14:28:18,810 | INFO | scrapers.books_scraper | Books page 23: https://books.toscrape.com/catalogue/page-23.html
2026-10-06 14:28:18,810 | INFO | scrapers.base_scraper | Request: https://books.toscrape.com/catalogue/page-23.html
2026-10-06 14:28:19,595 | INFO | scrapers.books_scraper | Books page 23 parsed: 20 records
2026-10-06 14:28:19,616 | INFO | scrapers.books_scraper | Books page 24: https://books.toscrape.com/catalogue/page-24.html
2026-10-06 14:28:19,616 | INFO | scrapers.base_scraper | Request: https://books.toscrape.com/catalogue/page-24.html
2026-10-06 14:28:20,659 | INFO | scrapers.books_scraper | Books page 24 parsed: 20 records
2026-10-06 14:28:20,687 | INFO | scrapers.books_scraper | Books page 25: https://books.toscrape.com/catalogue/page-25.html
2026-10-06 14:28:20,687 | INFO | scrapers.base_scraper | Request: https://books.toscrape.com/catalogue/page-25.html
2026-10-06 14:28:21,726 | INFO | scrapers.books_scraper | Books page 25 parsed: 20 records
2026-10-06 14:28:21,752 | INFO | scrapers.books_scraper | Books page 26: https://books.toscrape.com/catalogue/page-26.html
2026-10-06 14:28:21,752 | INFO | scrapers.base_scraper | Request: https://books.toscrape.com/catalogue/page-26.html
2026-10-06 14:28:22,539 | INFO | scrapers.books_scraper | Books page 26 parsed: 20 records
2026-10-06 14:28:22,565 | INFO | scrapers.books_scraper | Books page 27: https://books.toscrape.com/catalogue/page-27.html
2026-10-06 14:28:22,567 | INFO | scrapers.base_scraper | Request: https://books.toscrape.com/catalogue/page-27.html
2026-10-06 14:28:23,436 | INFO | scrapers.books_scraper | Books page 27 parsed: 20 records
2026-10-06 14:28:23,454 | INFO | scrapers.books_scraper | Books page 28: https://books.toscrape.com/catalogue/page-28.html
2026-10-06 14:28:23,454 | INFO | scrapers.base_scraper | Request: https://books.toscrape.com/catalogue/page-28.html
2026-10-06 14:28:24,496 | INFO | scrapers.books_scraper | Books page 28 parsed: 20 records
2026-10-06 14:28:24,523 | INFO | scrapers.books_scraper | Books page 29: https://books.toscrape.com/catalogue/page-29.html
2026-10-06 14:28:24,523 | INFO | scrapers.base_scraper | Request: https://books.toscrape.com/catalogue/page-29.html
2026-10-06 14:28:25,314 | INFO | scrapers.books_scraper | Books page 29 parsed: 20 records
2026-10-06 14:28:25,344 | INFO | scrapers.books_scraper | Books page 30: https://books.toscrape.com/catalogue/page-30.html
2026-10-06 14:28:25,344 | INFO | scrapers.base_scraper | Request: https://books.toscrape.com/catalogue/page-30.html
2026-10-06 14:28:26,134 | INFO | scrapers.books_scraper | Books page 30 parsed: 20 records
2026-10-06 14:28:26,161 | INFO | scrapers.books_scraper | Books page 31: https://books.toscrape.com/catalogue/page-31.html
2026-10-06 14:28:26,161 | INFO | scrapers.base_scraper | Request: https://books.toscrape.com/catalogue/page-31.html
2026-10-06 14:28:26,945 | INFO | scrapers.books_scraper | Books page 31 parsed: 20 records
2026-10-06 14:28:27,094 | INFO | scrapers.books_scraper | Books page 32: https://books.toscrape.com/catalogue/page-32.html
2026-10-06 14:28:27,094 | INFO | scrapers.base_scraper | Request: https://books.toscrape.com/catalogue/page-32.html
2026-10-06 14:28:28,129 | INFO | scrapers.books_scraper | Books page 32 parsed: 20 records
2026-10-06 14:28:28,163 | INFO | scrapers.books_scraper | Books page 33: https://books.toscrape.com/catalogue/page-33.html
2026-10-06 14:28:28,163 | INFO | scrapers.base_scraper | Request: https://books.toscrape.com/catalogue/page-33.html
2026-10-06 14:28:29,205 | INFO | scrapers.books_scraper | Books page 33 parsed: 20 records
2026-10-06 14:28:29,228 | INFO | scrapers.books_scraper | Books page 34: https://books.toscrape.com/catalogue/page-34.html
2026-10-06 14:28:29,228 | INFO | scrapers.base_scraper | Request: https://books.toscrape.com/catalogue/page-34.html
2026-10-06 14:28:30,272 | INFO | scrapers.books_scraper | Books page 34 parsed: 20 records
2026-10-06 14:28:30,296 | INFO | scrapers.books_scraper | Books page 35: https://books.toscrape.com/catalogue/page-35.html
2026-10-06 14:28:30,296 | INFO | scrapers.base_scraper | Request: https://books.toscrape.com/catalogue/page-35.html
2026-10-06 14:28:31,336 | INFO | scrapers.books_scraper | Books page 35 parsed: 20 records
2026-10-06 14:28:31,357 | INFO | scrapers.books_scraper | Books page 36: https://books.toscrape.com/catalogue/page-36.html
2026-10-06 14:28:31,357 | INFO | scrapers.base_scraper | Request: https://books.toscrape.com/catalogue/page-36.html
2026-10-06 14:28:32,393 | INFO | scrapers.books_scraper | Books page 36 parsed: 20 records
2026-10-06 14:28:32,429 | INFO | scrapers.books_scraper | Books page 37: https://books.toscrape.com/catalogue/page-37.html
2026-10-06 14:28:32,429 | INFO | scrapers.base_scraper | Request: https://books.toscrape.com/catalogue/page-37.html
2026-10-06 14:28:33,471 | INFO | scrapers.books_scraper | Books page 37 parsed: 20 records
2026-10-06 14:28:33,490 | INFO | scrapers.books_scraper | Books page 38: https://books.toscrape.com/catalogue/page-38.html
2026-10-06 14:28:33,490 | INFO | scrapers.base_scraper | Request: https://books.toscrape.com/catalogue/page-38.html
2026-10-06 14:28:34,537 | INFO | scrapers.books_scraper | Books page 38 parsed: 20 records
2026-10-06 14:28:34,567 | INFO | scrapers.books_scraper | Books page 39: https://books.toscrape.com/catalogue/page-39.html
2026-10-06 14:28:34,567 | INFO | scrapers.base_scraper | Request: https://books.toscrape.com/catalogue/page-39.html
2026-10-06 14:28:35,355 | INFO | scrapers.books_scraper | Books page 39 parsed: 20 records
2026-10-06 14:28:35,378 | INFO | scrapers.books_scraper | Books page 40: https://books.toscrape.com/catalogue/page-40.html
2026-10-06 14:28:35,379 | INFO | scrapers.base_scraper | Request: https://books.toscrape.com/catalogue/page-40.html
2026-10-06 14:28:36,416 | INFO | scrapers.books_scraper | Books page 40 parsed: 20 records
2026-10-06 14:28:36,442 | INFO | scrapers.books_scraper | Books page 41: https://books.toscrape.com/catalogue/page-41.html
2026-10-06 14:28:36,442 | INFO | scrapers.base_scraper | Request: https://books.toscrape.com/catalogue/page-41.html
2026-10-06 14:28:37,489 | INFO | scrapers.books_scraper | Books page 41 parsed: 20 records
2026-10-06 14:28:37,524 | INFO | scrapers.books_scraper | Books page 42: https://books.toscrape.com/catalogue/page-42.html
2026-10-06 14:28:37,524 | INFO | scrapers.base_scraper | Request: https://books.toscrape.com/catalogue/page-42.html
2026-10-06 14:28:38,312 | INFO | scrapers.books_scraper | Books page 42 parsed: 20 records
2026-10-06 14:28:38,356 | INFO | scrapers.books_scraper | Books page 43: https://books.toscrape.com/catalogue/page-43.html
2026-10-06 14:28:38,357 | INFO | scrapers.base_scraper | Request: https://books.toscrape.com/catalogue/page-43.html
2026-10-06 14:28:39,131 | INFO | scrapers.books_scraper | Books page 43 parsed: 20 records
2026-10-06 14:28:39,172 | INFO | scrapers.books_scraper | Books page 44: https://books.toscrape.com/catalogue/page-44.html
2026-10-06 14:28:39,172 | INFO | scrapers.base_scraper | Request: https://books.toscrape.com/catalogue/page-44.html
2026-10-06 14:28:40,047 | INFO | scrapers.books_scraper | Books page 44 parsed: 20 records
2026-10-06 14:28:40,083 | INFO | scrapers.books_scraper | Books page 45: https://books.toscrape.com/catalogue/page-45.html
2026-10-06 14:28:40,085 | INFO | scrapers.base_scraper | Request: https://books.toscrape.com/catalogue/page-45.html
2026-10-06 14:28:41,123 | INFO | scrapers.books_scraper | Books page 45 parsed: 20 records
2026-10-06 14:28:41,147 | INFO | scrapers.books_scraper | Books page 46: https://books.toscrape.com/catalogue/page-46.html
2026-10-06 14:28:41,147 | INFO | scrapers.base_scraper | Request: https://books.toscrape.com/catalogue/page-46.html
2026-10-06 14:28:42,191 | INFO | scrapers.books_scraper | Books page 46 parsed: 20 records
2026-10-06 14:28:42,213 | INFO | scrapers.books_scraper | Books page 47: https://books.toscrape.com/catalogue/page-47.html
2026-10-06 14:28:42,213 | INFO | scrapers.base_scraper | Request: https://books.toscrape.com/catalogue/page-47.html
2026-10-06 14:28:43,243 | INFO | scrapers.books_scraper | Books page 47 parsed: 20 records
2026-10-06 14:28:43,281 | INFO | scrapers.books_scraper | Books page 48: https://books.toscrape.com/catalogue/page-48.html
2026-10-06 14:28:43,281 | INFO | scrapers.base_scraper | Request: https://books.toscrape.com/catalogue/page-48.html
2026-10-06 14:28:44,320 | INFO | scrapers.books_scraper | Books page 48 parsed: 20 records
2026-10-06 14:28:44,346 | INFO | scrapers.books_scraper | Books page 49: https://books.toscrape.com/catalogue/page-49.html
2026-10-06 14:28:44,346 | INFO | scrapers.base_scraper | Request: https://books.toscrape.com/catalogue/page-49.html
2026-10-06 14:28:45,380 | INFO | scrapers.books_scraper | Books page 49 parsed: 20 records
2026-10-06 14:28:45,414 | INFO | scrapers.books_scraper | Books page 50: https://books.toscrape.com/catalogue/page-50.html
2026-10-06 14:28:45,415 | INFO | scrapers.base_scraper | Request: https://books.toscrape.com/catalogue/page-50.html
2026-10-06 14:28:46,460 | INFO | scrapers.books_scraper | Books page 50 parsed: 20 records
2026-10-06 14:28:46,493 | INFO | scrapers.books_scraper | Books scrape complete: 1000 raw records
2026-10-06 14:28:46,513 | INFO | scrapers.quotes_scraper | Quotes page 1: https://quotes.toscrape.com/
2026-10-06 14:28:46,513 | INFO | scrapers.base_scraper | Request: https://quotes.toscrape.com/
2026-10-06 14:28:48,605 | INFO | scrapers.quotes_scraper | Quotes page 1 parsed: 10 records
2026-10-06 14:28:48,612 | INFO | scrapers.quotes_scraper | Quotes page 2: https://quotes.toscrape.com/page/2/
2026-10-06 14:28:48,612 | INFO | scrapers.base_scraper | Request: https://quotes.toscrape.com/page/2/
2026-10-06 14:28:49,636 | INFO | scrapers.quotes_scraper | Quotes page 2 parsed: 10 records
2026-10-06 14:28:49,643 | INFO | scrapers.quotes_scraper | Quotes page 3: https://quotes.toscrape.com/page/3/
2026-10-06 14:28:49,643 | INFO | scrapers.base_scraper | Request: https://quotes.toscrape.com/page/3/
2026-10-06 14:28:50,416 | INFO | scrapers.quotes_scraper | Quotes page 3 parsed: 10 records
2026-10-06 14:28:50,423 | INFO | scrapers.quotes_scraper | Quotes page 4: https://quotes.toscrape.com/page/4/
2026-10-06 14:28:50,423 | INFO | scrapers.base_scraper | Request: https://quotes.toscrape.com/page/4/
2026-10-06 14:28:51,202 | INFO | scrapers.quotes_scraper | Quotes page 4 parsed: 10 records
2026-10-06 14:28:51,206 | INFO | scrapers.quotes_scraper | Quotes page 5: https://quotes.toscrape.com/page/5/
2026-10-06 14:28:51,210 | INFO | scrapers.base_scraper | Request: https://quotes.toscrape.com/page/5/
2026-10-06 14:28:51,982 | INFO | scrapers.quotes_scraper | Quotes page 5 parsed: 10 records
2026-10-06 14:28:51,984 | INFO | scrapers.quotes_scraper | Quotes page 6: https://quotes.toscrape.com/page/6/
2026-10-06 14:28:51,984 | INFO | scrapers.base_scraper | Request: https://quotes.toscrape.com/page/6/
2026-10-06 14:28:52,763 | INFO | scrapers.quotes_scraper | Quotes page 6 parsed: 10 records
2026-10-06 14:28:52,777 | INFO | scrapers.quotes_scraper | Quotes page 7: https://quotes.toscrape.com/page/7/
2026-10-06 14:28:52,778 | INFO | scrapers.base_scraper | Request: https://quotes.toscrape.com/page/7/
2026-10-06 14:28:53,557 | INFO | scrapers.quotes_scraper | Quotes page 7 parsed: 10 records
2026-10-06 14:28:53,563 | INFO | scrapers.quotes_scraper | Quotes page 8: https://quotes.toscrape.com/page/8/
2026-10-06 14:28:53,563 | INFO | scrapers.base_scraper | Request: https://quotes.toscrape.com/page/8/
2026-10-06 14:28:54,336 | INFO | scrapers.quotes_scraper | Quotes page 8 parsed: 10 records
2026-10-06 14:28:54,344 | INFO | scrapers.quotes_scraper | Quotes page 9: https://quotes.toscrape.com/page/9/
2026-10-06 14:28:54,344 | INFO | scrapers.base_scraper | Request: https://quotes.toscrape.com/page/9/
2026-10-06 14:28:55,113 | INFO | scrapers.quotes_scraper | Quotes page 9 parsed: 10 records
2026-10-06 14:28:55,113 | INFO | scrapers.quotes_scraper | Quotes page 10: https://quotes.toscrape.com/page/10/
2026-10-06 14:28:55,113 | INFO | scrapers.base_scraper | Request: https://quotes.toscrape.com/page/10/
2026-10-06 14:28:55,894 | INFO | scrapers.quotes_scraper | Quotes page 10 parsed: 10 records
2026-10-06 14:28:55,904 | INFO | scrapers.quotes_scraper | Quotes scrape complete: 100 raw records
2026-10-06 14:28:55,924 | INFO | root | Final records: 1099
2026-10-06 14:28:55,924 | INFO | root | CSV written to C:\scraping_assignment\output\final_dataset.csv
2026-10-06 14:28:55,924 | INFO | root | Summary written to C:\scraping_assignment\output\summary_report.json
2026-10-06 14:28:55,924 | INFO | root | Pipeline finished in 59.420 seconds
2026-10-06 21:32:52,139 | INFO | root | Starting scraping assignment pipeline
2026-10-06 21:32:52,139 | INFO | scrapers.books_scraper | Books page 1: https://books.toscrape.com/
2026-10-06 21:32:52,139 | INFO | scrapers.base_scraper | Request: https://books.toscrape.com/
2026-10-06 21:32:54,585 | INFO | scrapers.books_scraper | Books page 1 parsed: 20 records
2026-10-06 21:32:54,612 | INFO | scrapers.books_scraper | Books page 2: https://books.toscrape.com/catalogue/page-2.html
2026-10-06 21:32:54,612 | INFO | scrapers.base_scraper | Request: https://books.toscrape.com/catalogue/page-2.html
2026-10-06 21:32:55,622 | INFO | scrapers.books_scraper | Books page 2 parsed: 20 records
2026-10-06 21:32:55,651 | INFO | scrapers.books_scraper | Books page 3: https://books.toscrape.com/catalogue/page-3.html
2026-10-06 21:32:55,651 | INFO | scrapers.base_scraper | Request: https://books.toscrape.com/catalogue/page-3.html
2026-10-06 21:32:56,663 | INFO | scrapers.books_scraper | Books page 3 parsed: 20 records
2026-10-06 21:32:56,692 | INFO | scrapers.books_scraper | Books page 4: https://books.toscrape.com/catalogue/page-4.html
2026-10-06 21:32:56,692 | INFO | scrapers.base_scraper | Request: https://books.toscrape.com/catalogue/page-4.html
2026-10-06 21:32:57,705 | INFO | scrapers.books_scraper | Books page 4 parsed: 20 records
2026-10-06 21:32:57,731 | INFO | scrapers.books_scraper | Books page 5: https://books.toscrape.com/catalogue/page-5.html
2026-10-06 21:32:57,731 | INFO | scrapers.base_scraper | Request: https://books.toscrape.com/catalogue/page-5.html
2026-10-06 21:32:58,746 | INFO | scrapers.books_scraper | Books page 5 parsed: 20 records
2026-10-06 21:32:58,772 | INFO | scrapers.books_scraper | Books page 6: https://books.toscrape.com/catalogue/page-6.html
2026-10-06 21:32:58,772 | INFO | scrapers.base_scraper | Request: https://books.toscrape.com/catalogue/page-6.html
2026-10-06 21:32:59,782 | INFO | scrapers.books_scraper | Books page 6 parsed: 20 records
2026-10-06 21:32:59,847 | INFO | scrapers.books_scraper | Books page 7: https://books.toscrape.com/catalogue/page-7.html
2026-10-06 21:32:59,847 | INFO | scrapers.base_scraper | Request: https://books.toscrape.com/catalogue/page-7.html
2026-10-06 21:33:00,624 | INFO | scrapers.books_scraper | Books page 7 parsed: 20 records
2026-10-06 21:33:00,647 | INFO | scrapers.books_scraper | Books page 8: https://books.toscrape.com/catalogue/page-8.html
2026-10-06 21:33:00,647 | INFO | scrapers.base_scraper | Request: https://books.toscrape.com/catalogue/page-8.html
2026-10-06 21:33:01,651 | INFO | scrapers.books_scraper | Books page 8 parsed: 20 records
2026-10-06 21:33:01,680 | INFO | scrapers.books_scraper | Books page 9: https://books.toscrape.com/catalogue/page-9.html
2026-10-06 21:33:01,680 | INFO | scrapers.base_scraper | Request: https://books.toscrape.com/catalogue/page-9.html
2026-10-06 21:33:02,544 | INFO | scrapers.books_scraper | Books page 9 parsed: 20 records
2026-10-06 21:33:02,570 | INFO | scrapers.books_scraper | Books page 10: https://books.toscrape.com/catalogue/page-10.html
2026-10-06 21:33:02,571 | INFO | scrapers.base_scraper | Request: https://books.toscrape.com/catalogue/page-10.html
2026-10-06 21:33:03,580 | INFO | scrapers.books_scraper | Books page 10 parsed: 20 records
2026-10-06 21:33:03,607 | INFO | scrapers.books_scraper | Books page 11: https://books.toscrape.com/catalogue/page-11.html
2026-10-06 21:33:03,607 | INFO | scrapers.base_scraper | Request: https://books.toscrape.com/catalogue/page-11.html
2026-10-06 21:33:04,624 | INFO | scrapers.books_scraper | Books page 11 parsed: 20 records
2026-10-06 21:33:04,648 | INFO | scrapers.books_scraper | Books page 12: https://books.toscrape.com/catalogue/page-12.html
2026-10-06 21:33:04,648 | INFO | scrapers.base_scraper | Request: https://books.toscrape.com/catalogue/page-12.html
2026-10-06 21:33:05,651 | INFO | scrapers.books_scraper | Books page 12 parsed: 20 records
2026-10-06 21:33:05,683 | INFO | scrapers.books_scraper | Books page 13: https://books.toscrape.com/catalogue/page-13.html
2026-10-06 21:33:05,683 | INFO | scrapers.base_scraper | Request: https://books.toscrape.com/catalogue/page-13.html
2026-10-06 21:33:06,462 | INFO | scrapers.books_scraper | Books page 13 parsed: 20 records
2026-10-06 21:33:06,491 | INFO | scrapers.books_scraper | Books page 14: https://books.toscrape.com/catalogue/page-14.html
2026-10-06 21:33:06,491 | INFO | scrapers.base_scraper | Request: https://books.toscrape.com/catalogue/page-14.html
2026-10-06 21:33:07,508 | INFO | scrapers.books_scraper | Books page 14 parsed: 20 records
2026-10-06 21:33:07,534 | INFO | scrapers.books_scraper | Books page 15: https://books.toscrape.com/catalogue/page-15.html
2026-10-06 21:33:07,534 | INFO | scrapers.base_scraper | Request: https://books.toscrape.com/catalogue/page-15.html
2026-10-06 21:33:08,548 | INFO | scrapers.books_scraper | Books page 15 parsed: 20 records
2026-10-06 21:33:08,572 | INFO | scrapers.books_scraper | Books page 16: https://books.toscrape.com/catalogue/page-16.html
2026-10-06 21:33:08,573 | INFO | scrapers.base_scraper | Request: https://books.toscrape.com/catalogue/page-16.html
2026-10-06 21:33:09,571 | INFO | scrapers.books_scraper | Books page 16 parsed: 20 records
2026-10-06 21:33:09,606 | INFO | scrapers.books_scraper | Books page 17: https://books.toscrape.com/catalogue/page-17.html
2026-10-06 21:33:09,606 | INFO | scrapers.base_scraper | Request: https://books.toscrape.com/catalogue/page-17.html
2026-10-06 21:33:10,379 | INFO | scrapers.books_scraper | Books page 17 parsed: 20 records
2026-10-06 21:33:10,416 | INFO | scrapers.books_scraper | Books page 18: https://books.toscrape.com/catalogue/page-18.html
2026-10-06 21:33:10,416 | INFO | scrapers.base_scraper | Request: https://books.toscrape.com/catalogue/page-18.html
2026-10-06 21:33:11,193 | INFO | scrapers.books_scraper | Books page 18 parsed: 20 records
2026-10-06 21:33:11,216 | INFO | scrapers.books_scraper | Books page 19: https://books.toscrape.com/catalogue/page-19.html
2026-10-06 21:33:11,216 | INFO | scrapers.base_scraper | Request: https://books.toscrape.com/catalogue/page-19.html
2026-10-06 21:33:14,167 | INFO | scrapers.books_scraper | Books page 19 parsed: 20 records
2026-10-06 21:33:14,193 | INFO | scrapers.books_scraper | Books page 20: https://books.toscrape.com/catalogue/page-20.html
2026-10-06 21:33:14,193 | INFO | scrapers.base_scraper | Request: https://books.toscrape.com/catalogue/page-20.html
2026-10-06 21:33:14,953 | INFO | scrapers.books_scraper | Books page 20 parsed: 20 records
2026-10-06 21:33:14,993 | INFO | scrapers.books_scraper | Books page 21: https://books.toscrape.com/catalogue/page-21.html
2026-10-06 21:33:14,993 | INFO | scrapers.base_scraper | Request: https://books.toscrape.com/catalogue/page-21.html
2026-10-06 21:33:15,766 | INFO | scrapers.books_scraper | Books page 21 parsed: 20 records
2026-10-06 21:33:15,798 | INFO | scrapers.books_scraper | Books page 22: https://books.toscrape.com/catalogue/page-22.html
2026-10-06 21:33:15,798 | INFO | scrapers.base_scraper | Request: https://books.toscrape.com/catalogue/page-22.html
2026-10-06 21:33:16,567 | INFO | scrapers.books_scraper | Books page 22 parsed: 20 records
2026-10-06 21:33:16,702 | INFO | scrapers.books_scraper | Books page 23: https://books.toscrape.com/catalogue/page-23.html
2026-10-06 21:33:16,702 | INFO | scrapers.base_scraper | Request: https://books.toscrape.com/catalogue/page-23.html
2026-10-06 21:33:17,468 | INFO | scrapers.books_scraper | Books page 23 parsed: 20 records
2026-10-06 21:33:17,496 | INFO | scrapers.books_scraper | Books page 24: https://books.toscrape.com/catalogue/page-24.html
2026-10-06 21:33:17,496 | INFO | scrapers.base_scraper | Request: https://books.toscrape.com/catalogue/page-24.html
2026-10-06 21:33:18,280 | INFO | scrapers.books_scraper | Books page 24 parsed: 20 records
2026-10-06 21:33:18,304 | INFO | scrapers.books_scraper | Books page 25: https://books.toscrape.com/catalogue/page-25.html
2026-10-06 21:33:18,304 | INFO | scrapers.base_scraper | Request: https://books.toscrape.com/catalogue/page-25.html
2026-10-06 21:33:19,069 | INFO | scrapers.books_scraper | Books page 25 parsed: 20 records
2026-10-06 21:33:19,096 | INFO | scrapers.books_scraper | Books page 26: https://books.toscrape.com/catalogue/page-26.html
2026-10-06 21:33:19,096 | INFO | scrapers.base_scraper | Request: https://books.toscrape.com/catalogue/page-26.html
2026-10-06 21:33:19,879 | INFO | scrapers.books_scraper | Books page 26 parsed: 20 records
2026-10-06 21:33:19,900 | INFO | scrapers.books_scraper | Books page 27: https://books.toscrape.com/catalogue/page-27.html
2026-10-06 21:33:19,903 | INFO | scrapers.base_scraper | Request: https://books.toscrape.com/catalogue/page-27.html
2026-10-06 21:33:20,678 | INFO | scrapers.books_scraper | Books page 27 parsed: 20 records
2026-10-06 21:33:20,702 | INFO | scrapers.books_scraper | Books page 28: https://books.toscrape.com/catalogue/page-28.html
2026-10-06 21:33:20,702 | INFO | scrapers.base_scraper | Request: https://books.toscrape.com/catalogue/page-28.html
2026-10-06 21:33:21,464 | INFO | scrapers.books_scraper | Books page 28 parsed: 20 records
2026-10-06 21:33:21,497 | INFO | scrapers.books_scraper | Books page 29: https://books.toscrape.com/catalogue/page-29.html
2026-10-06 21:33:21,501 | INFO | scrapers.base_scraper | Request: https://books.toscrape.com/catalogue/page-29.html
2026-10-06 21:33:22,262 | INFO | scrapers.books_scraper | Books page 29 parsed: 20 records
2026-10-06 21:33:22,292 | INFO | scrapers.books_scraper | Books page 30: https://books.toscrape.com/catalogue/page-30.html
2026-10-06 21:33:22,292 | INFO | scrapers.base_scraper | Request: https://books.toscrape.com/catalogue/page-30.html
2026-10-06 21:33:23,307 | INFO | scrapers.books_scraper | Books page 30 parsed: 20 records
2026-10-06 21:33:23,339 | INFO | scrapers.books_scraper | Books page 31: https://books.toscrape.com/catalogue/page-31.html
2026-10-06 21:33:23,339 | INFO | scrapers.base_scraper | Request: https://books.toscrape.com/catalogue/page-31.html
2026-10-06 21:33:24,105 | INFO | scrapers.books_scraper | Books page 31 parsed: 20 records
2026-10-06 21:33:24,229 | INFO | scrapers.books_scraper | Books page 32: https://books.toscrape.com/catalogue/page-32.html
2026-10-06 21:33:24,229 | INFO | scrapers.base_scraper | Request: https://books.toscrape.com/catalogue/page-32.html
2026-10-06 21:33:25,230 | INFO | scrapers.books_scraper | Books page 32 parsed: 20 records
2026-10-06 21:33:25,269 | INFO | scrapers.books_scraper | Books page 33: https://books.toscrape.com/catalogue/page-33.html
2026-10-06 21:33:25,269 | INFO | scrapers.base_scraper | Request: https://books.toscrape.com/catalogue/page-33.html
2026-10-06 21:33:26,036 | INFO | scrapers.books_scraper | Books page 33 parsed: 20 records
2026-10-06 21:33:26,065 | INFO | scrapers.books_scraper | Books page 34: https://books.toscrape.com/catalogue/page-34.html
2026-10-06 21:33:26,065 | INFO | scrapers.base_scraper | Request: https://books.toscrape.com/catalogue/page-34.html
2026-10-06 21:33:26,839 | INFO | scrapers.books_scraper | Books page 34 parsed: 20 records
2026-10-06 21:33:26,861 | INFO | scrapers.books_scraper | Books page 35: https://books.toscrape.com/catalogue/page-35.html
2026-10-06 21:33:26,863 | INFO | scrapers.base_scraper | Request: https://books.toscrape.com/catalogue/page-35.html
2026-10-06 21:33:27,625 | INFO | scrapers.books_scraper | Books page 35 parsed: 20 records
2026-10-06 21:33:27,735 | INFO | scrapers.books_scraper | Books page 36: https://books.toscrape.com/catalogue/page-36.html
2026-10-06 21:33:27,760 | INFO | scrapers.base_scraper | Request: https://books.toscrape.com/catalogue/page-36.html
2026-10-06 21:33:28,768 | INFO | scrapers.books_scraper | Books page 36 parsed: 20 records
2026-10-06 21:33:28,795 | INFO | scrapers.books_scraper | Books page 37: https://books.toscrape.com/catalogue/page-37.html
2026-10-06 21:33:28,797 | INFO | scrapers.base_scraper | Request: https://books.toscrape.com/catalogue/page-37.html
2026-10-06 21:33:29,809 | INFO | scrapers.books_scraper | Books page 37 parsed: 20 records
2026-10-06 21:33:29,837 | INFO | scrapers.books_scraper | Books page 38: https://books.toscrape.com/catalogue/page-38.html
2026-10-06 21:33:29,837 | INFO | scrapers.base_scraper | Request: https://books.toscrape.com/catalogue/page-38.html
2026-10-06 21:33:30,855 | INFO | scrapers.books_scraper | Books page 38 parsed: 20 records
2026-10-06 21:33:30,878 | INFO | scrapers.books_scraper | Books page 39: https://books.toscrape.com/catalogue/page-39.html
2026-10-06 21:33:30,880 | INFO | scrapers.base_scraper | Request: https://books.toscrape.com/catalogue/page-39.html
2026-10-06 21:33:31,885 | INFO | scrapers.books_scraper | Books page 39 parsed: 20 records
2026-10-06 21:33:31,913 | INFO | scrapers.books_scraper | Books page 40: https://books.toscrape.com/catalogue/page-40.html
2026-10-06 21:33:31,913 | INFO | scrapers.base_scraper | Request: https://books.toscrape.com/catalogue/page-40.html
2026-10-06 21:33:32,926 | INFO | scrapers.books_scraper | Books page 40 parsed: 20 records
2026-10-06 21:33:32,946 | INFO | scrapers.books_scraper | Books page 41: https://books.toscrape.com/catalogue/page-41.html
2026-10-06 21:33:32,946 | INFO | scrapers.base_scraper | Request: https://books.toscrape.com/catalogue/page-41.html
2026-10-06 21:33:33,960 | INFO | scrapers.books_scraper | Books page 41 parsed: 20 records
2026-10-06 21:33:33,994 | INFO | scrapers.books_scraper | Books page 42: https://books.toscrape.com/catalogue/page-42.html
2026-10-06 21:33:33,995 | INFO | scrapers.base_scraper | Request: https://books.toscrape.com/catalogue/page-42.html
2026-10-06 21:33:35,007 | INFO | scrapers.books_scraper | Books page 42 parsed: 20 records
2026-10-06 21:33:35,030 | INFO | scrapers.books_scraper | Books page 43: https://books.toscrape.com/catalogue/page-43.html
2026-10-06 21:33:35,030 | INFO | scrapers.base_scraper | Request: https://books.toscrape.com/catalogue/page-43.html
2026-10-06 21:33:36,033 | INFO | scrapers.books_scraper | Books page 43 parsed: 20 records
2026-10-06 21:33:36,067 | INFO | scrapers.books_scraper | Books page 44: https://books.toscrape.com/catalogue/page-44.html
2026-10-06 21:33:36,067 | INFO | scrapers.base_scraper | Request: https://books.toscrape.com/catalogue/page-44.html
2026-10-06 21:33:37,135 | INFO | scrapers.books_scraper | Books page 44 parsed: 20 records
2026-10-06 21:33:37,161 | INFO | scrapers.books_scraper | Books page 45: https://books.toscrape.com/catalogue/page-45.html
2026-10-06 21:33:37,161 | INFO | scrapers.base_scraper | Request: https://books.toscrape.com/catalogue/page-45.html
2026-10-06 21:33:38,185 | INFO | scrapers.books_scraper | Books page 45 parsed: 20 records
2026-10-06 21:33:38,213 | INFO | scrapers.books_scraper | Books page 46: https://books.toscrape.com/catalogue/page-46.html
2026-10-06 21:33:38,213 | INFO | scrapers.base_scraper | Request: https://books.toscrape.com/catalogue/page-46.html
2026-10-06 21:33:39,223 | INFO | scrapers.books_scraper | Books page 46 parsed: 20 records
2026-10-06 21:33:39,247 | INFO | scrapers.books_scraper | Books page 47: https://books.toscrape.com/catalogue/page-47.html
2026-10-06 21:33:39,247 | INFO | scrapers.base_scraper | Request: https://books.toscrape.com/catalogue/page-47.html
2026-10-06 21:33:40,258 | INFO | scrapers.books_scraper | Books page 47 parsed: 20 records
2026-10-06 21:33:40,280 | INFO | scrapers.books_scraper | Books page 48: https://books.toscrape.com/catalogue/page-48.html
2026-10-06 21:33:40,286 | INFO | scrapers.base_scraper | Request: https://books.toscrape.com/catalogue/page-48.html
2026-10-06 21:33:41,281 | INFO | scrapers.books_scraper | Books page 48 parsed: 20 records
2026-10-06 21:33:41,320 | INFO | scrapers.books_scraper | Books page 49: https://books.toscrape.com/catalogue/page-49.html
2026-10-06 21:33:41,320 | INFO | scrapers.base_scraper | Request: https://books.toscrape.com/catalogue/page-49.html
2026-10-06 21:33:42,096 | INFO | scrapers.books_scraper | Books page 49 parsed: 20 records
2026-10-06 21:33:42,115 | INFO | scrapers.books_scraper | Books page 50: https://books.toscrape.com/catalogue/page-50.html
2026-10-06 21:33:42,115 | INFO | scrapers.base_scraper | Request: https://books.toscrape.com/catalogue/page-50.html
2026-10-06 21:33:43,130 | INFO | scrapers.books_scraper | Books page 50 parsed: 20 records
2026-10-06 21:33:43,155 | INFO | scrapers.books_scraper | Books scrape complete: 1000 raw records
2026-10-06 21:33:43,176 | INFO | scrapers.quotes_scraper | Quotes page 1: https://quotes.toscrape.com/
2026-10-06 21:33:43,176 | INFO | scrapers.base_scraper | Request: https://quotes.toscrape.com/
2026-10-06 21:33:45,179 | INFO | scrapers.quotes_scraper | Quotes page 1 parsed: 10 records
2026-10-06 21:33:45,185 | INFO | scrapers.quotes_scraper | Quotes page 2: https://quotes.toscrape.com/page/2/
2026-10-06 21:33:45,185 | INFO | scrapers.base_scraper | Request: https://quotes.toscrape.com/page/2/
2026-10-06 21:33:46,192 | INFO | scrapers.quotes_scraper | Quotes page 2 parsed: 10 records
2026-10-06 21:33:46,195 | INFO | scrapers.quotes_scraper | Quotes page 3: https://quotes.toscrape.com/page/3/
2026-10-06 21:33:46,195 | INFO | scrapers.base_scraper | Request: https://quotes.toscrape.com/page/3/
2026-10-06 21:33:46,953 | INFO | scrapers.quotes_scraper | Quotes page 3 parsed: 10 records
2026-10-06 21:33:46,968 | INFO | scrapers.quotes_scraper | Quotes page 4: https://quotes.toscrape.com/page/4/
2026-10-06 21:33:46,968 | INFO | scrapers.base_scraper | Request: https://quotes.toscrape.com/page/4/
2026-10-06 21:33:47,729 | INFO | scrapers.quotes_scraper | Quotes page 4 parsed: 10 records
2026-10-06 21:33:47,745 | INFO | scrapers.quotes_scraper | Quotes page 5: https://quotes.toscrape.com/page/5/
2026-10-06 21:33:47,745 | INFO | scrapers.base_scraper | Request: https://quotes.toscrape.com/page/5/
2026-10-06 21:33:48,504 | INFO | scrapers.quotes_scraper | Quotes page 5 parsed: 10 records
2026-10-06 21:33:48,504 | INFO | scrapers.quotes_scraper | Quotes page 6: https://quotes.toscrape.com/page/6/
2026-10-06 21:33:48,504 | INFO | scrapers.base_scraper | Request: https://quotes.toscrape.com/page/6/
2026-10-06 21:33:49,274 | INFO | scrapers.quotes_scraper | Quotes page 6 parsed: 10 records
2026-10-06 21:33:49,274 | INFO | scrapers.quotes_scraper | Quotes page 7: https://quotes.toscrape.com/page/7/
2026-10-06 21:33:49,274 | INFO | scrapers.base_scraper | Request: https://quotes.toscrape.com/page/7/
2026-10-06 21:33:50,053 | INFO | scrapers.quotes_scraper | Quotes page 7 parsed: 10 records
2026-10-06 21:33:50,057 | INFO | scrapers.quotes_scraper | Quotes page 8: https://quotes.toscrape.com/page/8/
2026-10-06 21:33:50,057 | INFO | scrapers.base_scraper | Request: https://quotes.toscrape.com/page/8/
2026-10-06 21:33:50,823 | INFO | scrapers.quotes_scraper | Quotes page 8 parsed: 10 records
2026-10-06 21:33:50,823 | INFO | scrapers.quotes_scraper | Quotes page 9: https://quotes.toscrape.com/page/9/
2026-10-06 21:33:50,823 | INFO | scrapers.base_scraper | Request: https://quotes.toscrape.com/page/9/
2026-10-06 21:33:51,587 | INFO | scrapers.quotes_scraper | Quotes page 9 parsed: 10 records
2026-10-06 21:33:51,587 | INFO | scrapers.quotes_scraper | Quotes page 10: https://quotes.toscrape.com/page/10/
2026-10-06 21:33:51,587 | INFO | scrapers.base_scraper | Request: https://quotes.toscrape.com/page/10/
2026-10-06 21:33:52,361 | INFO | scrapers.quotes_scraper | Quotes page 10 parsed: 10 records
2026-10-06 21:33:52,364 | INFO | scrapers.quotes_scraper | Quotes scrape complete: 100 raw records
2026-10-06 21:33:52,394 | INFO | root | Final records: 1099
2026-10-06 21:33:52,394 | INFO | root | CSV written to C:\scraping_assignment\output\final_dataset.csv
2026-10-06 21:33:52,394 | INFO | root | Summary written to C:\scraping_assignment\output\summary_report.json
2026-10-06 21:33:52,394 | INFO | root | Pipeline finished in 60.254 seconds
2026-10-06 21:35:57,870 | INFO | root | Starting scraping assignment pipeline
2026-10-06 21:35:57,870 | INFO | scrapers.books_scraper | Books page 1: https://books.toscrape.com/
2026-10-06 21:35:57,870 | INFO | scrapers.base_scraper | Request: https://books.toscrape.com/
2026-10-06 21:36:00,314 | INFO | scrapers.books_scraper | Books page 1 parsed: 20 records
2026-10-06 21:36:00,353 | INFO | scrapers.books_scraper | Books page 2: https://books.toscrape.com/catalogue/page-2.html
2026-10-06 21:36:00,353 | INFO | scrapers.base_scraper | Request: https://books.toscrape.com/catalogue/page-2.html
2026-10-06 21:36:01,386 | INFO | scrapers.books_scraper | Books page 2 parsed: 20 records
2026-10-06 21:36:01,414 | INFO | scrapers.books_scraper | Books page 3: https://books.toscrape.com/catalogue/page-3.html
2026-10-06 21:36:01,414 | INFO | scrapers.base_scraper | Request: https://books.toscrape.com/catalogue/page-3.html
2026-10-06 21:36:02,443 | INFO | scrapers.books_scraper | Books page 3 parsed: 20 records
2026-10-06 21:36:02,471 | INFO | scrapers.books_scraper | Books page 4: https://books.toscrape.com/catalogue/page-4.html
2026-10-06 21:36:02,471 | INFO | scrapers.base_scraper | Request: https://books.toscrape.com/catalogue/page-4.html
2026-10-06 21:36:03,492 | INFO | scrapers.books_scraper | Books page 4 parsed: 20 records
2026-10-06 21:36:03,521 | INFO | scrapers.books_scraper | Books page 5: https://books.toscrape.com/catalogue/page-5.html
2026-10-06 21:36:03,521 | INFO | scrapers.base_scraper | Request: https://books.toscrape.com/catalogue/page-5.html
2026-10-06 21:36:04,554 | INFO | scrapers.books_scraper | Books page 5 parsed: 20 records
2026-10-06 21:36:04,587 | INFO | scrapers.books_scraper | Books page 6: https://books.toscrape.com/catalogue/page-6.html
2026-10-06 21:36:04,587 | INFO | scrapers.base_scraper | Request: https://books.toscrape.com/catalogue/page-6.html
2026-10-06 21:36:05,610 | INFO | scrapers.books_scraper | Books page 6 parsed: 20 records
2026-10-06 21:36:05,651 | INFO | scrapers.books_scraper | Books page 7: https://books.toscrape.com/catalogue/page-7.html
2026-10-06 21:36:05,653 | INFO | scrapers.base_scraper | Request: https://books.toscrape.com/catalogue/page-7.html
2026-10-06 21:36:06,677 | INFO | scrapers.books_scraper | Books page 7 parsed: 20 records
2026-10-06 21:36:06,720 | INFO | scrapers.books_scraper | Books page 8: https://books.toscrape.com/catalogue/page-8.html
2026-10-06 21:36:06,720 | INFO | scrapers.base_scraper | Request: https://books.toscrape.com/catalogue/page-8.html
2026-10-06 21:36:07,738 | INFO | scrapers.books_scraper | Books page 8 parsed: 20 records
2026-10-06 21:36:07,769 | INFO | scrapers.books_scraper | Books page 9: https://books.toscrape.com/catalogue/page-9.html
2026-10-06 21:36:07,769 | INFO | scrapers.base_scraper | Request: https://books.toscrape.com/catalogue/page-9.html
2026-10-06 21:36:08,788 | INFO | scrapers.books_scraper | Books page 9 parsed: 20 records
2026-10-06 21:36:08,819 | INFO | scrapers.books_scraper | Books page 10: https://books.toscrape.com/catalogue/page-10.html
2026-10-06 21:36:08,819 | INFO | scrapers.base_scraper | Request: https://books.toscrape.com/catalogue/page-10.html
2026-10-06 21:36:09,844 | INFO | scrapers.books_scraper | Books page 10 parsed: 20 records
2026-10-06 21:36:09,885 | INFO | scrapers.books_scraper | Books page 11: https://books.toscrape.com/catalogue/page-11.html
2026-10-06 21:36:09,885 | INFO | scrapers.base_scraper | Request: https://books.toscrape.com/catalogue/page-11.html
2026-10-06 21:36:10,659 | INFO | scrapers.books_scraper | Books page 11 parsed: 20 records
2026-10-06 21:36:10,693 | INFO | scrapers.books_scraper | Books page 12: https://books.toscrape.com/catalogue/page-12.html
2026-10-06 21:36:10,696 | INFO | scrapers.base_scraper | Request: https://books.toscrape.com/catalogue/page-12.html
2026-10-06 21:36:11,713 | INFO | scrapers.books_scraper | Books page 12 parsed: 20 records
2026-10-06 21:36:11,893 | INFO | scrapers.books_scraper | Books page 13: https://books.toscrape.com/catalogue/page-13.html
2026-10-06 21:36:11,905 | INFO | scrapers.base_scraper | Request: https://books.toscrape.com/catalogue/page-13.html
2026-10-06 21:36:12,934 | INFO | scrapers.books_scraper | Books page 13 parsed: 20 records
2026-10-06 21:36:12,962 | INFO | scrapers.books_scraper | Books page 14: https://books.toscrape.com/catalogue/page-14.html
2026-10-06 21:36:12,962 | INFO | scrapers.base_scraper | Request: https://books.toscrape.com/catalogue/page-14.html
2026-10-06 21:36:13,992 | INFO | scrapers.books_scraper | Books page 14 parsed: 20 records
2026-10-06 21:36:14,024 | INFO | scrapers.books_scraper | Books page 15: https://books.toscrape.com/catalogue/page-15.html
2026-10-06 21:36:14,024 | INFO | scrapers.base_scraper | Request: https://books.toscrape.com/catalogue/page-15.html
2026-10-06 21:36:15,045 | INFO | scrapers.books_scraper | Books page 15 parsed: 20 records
2026-10-06 21:36:15,060 | INFO | scrapers.books_scraper | Books page 16: https://books.toscrape.com/catalogue/page-16.html
2026-10-06 21:36:15,060 | INFO | scrapers.base_scraper | Request: https://books.toscrape.com/catalogue/page-16.html
2026-10-06 21:36:16,097 | INFO | scrapers.books_scraper | Books page 16 parsed: 20 records
2026-10-06 21:36:16,132 | INFO | scrapers.books_scraper | Books page 17: https://books.toscrape.com/catalogue/page-17.html
2026-10-06 21:36:16,132 | INFO | scrapers.base_scraper | Request: https://books.toscrape.com/catalogue/page-17.html
2026-10-06 21:36:17,163 | INFO | scrapers.books_scraper | Books page 17 parsed: 20 records
2026-10-06 21:36:17,184 | INFO | scrapers.books_scraper | Books page 18: https://books.toscrape.com/catalogue/page-18.html
2026-10-06 21:36:17,184 | INFO | scrapers.base_scraper | Request: https://books.toscrape.com/catalogue/page-18.html
2026-10-06 21:36:18,230 | INFO | scrapers.books_scraper | Books page 18 parsed: 20 records
2026-10-06 21:36:18,259 | INFO | scrapers.books_scraper | Books page 19: https://books.toscrape.com/catalogue/page-19.html
2026-10-06 21:36:18,259 | INFO | scrapers.base_scraper | Request: https://books.toscrape.com/catalogue/page-19.html
2026-10-06 21:36:19,281 | INFO | scrapers.books_scraper | Books page 19 parsed: 20 records
2026-10-06 21:36:19,306 | INFO | scrapers.books_scraper | Books page 20: https://books.toscrape.com/catalogue/page-20.html
2026-10-06 21:36:19,306 | INFO | scrapers.base_scraper | Request: https://books.toscrape.com/catalogue/page-20.html
2026-10-06 21:36:20,349 | INFO | scrapers.books_scraper | Books page 20 parsed: 20 records
2026-10-06 21:36:20,384 | INFO | scrapers.books_scraper | Books page 21: https://books.toscrape.com/catalogue/page-21.html
2026-10-06 21:36:20,384 | INFO | scrapers.base_scraper | Request: https://books.toscrape.com/catalogue/page-21.html
2026-10-06 21:36:21,180 | INFO | scrapers.books_scraper | Books page 21 parsed: 20 records
2026-10-06 21:36:21,220 | INFO | scrapers.books_scraper | Books page 22: https://books.toscrape.com/catalogue/page-22.html
2026-10-06 21:36:21,220 | INFO | scrapers.base_scraper | Request: https://books.toscrape.com/catalogue/page-22.html
2026-10-06 21:36:22,287 | INFO | scrapers.books_scraper | Books page 22 parsed: 20 records
2026-10-06 21:36:22,316 | INFO | scrapers.books_scraper | Books page 23: https://books.toscrape.com/catalogue/page-23.html
2026-10-06 21:36:22,316 | INFO | scrapers.base_scraper | Request: https://books.toscrape.com/catalogue/page-23.html
2026-10-06 21:36:23,330 | INFO | scrapers.books_scraper | Books page 23 parsed: 20 records
2026-10-06 21:36:23,374 | INFO | scrapers.books_scraper | Books page 24: https://books.toscrape.com/catalogue/page-24.html
2026-10-06 21:36:23,384 | INFO | scrapers.base_scraper | Request: https://books.toscrape.com/catalogue/page-24.html
2026-10-06 21:36:24,163 | INFO | scrapers.books_scraper | Books page 24 parsed: 20 records
2026-10-06 21:36:24,202 | INFO | scrapers.books_scraper | Books page 25: https://books.toscrape.com/catalogue/page-25.html
2026-10-06 21:36:24,202 | INFO | scrapers.base_scraper | Request: https://books.toscrape.com/catalogue/page-25.html
2026-10-06 21:36:25,227 | INFO | scrapers.books_scraper | Books page 25 parsed: 20 records
2026-10-06 21:36:25,250 | INFO | scrapers.books_scraper | Books page 26: https://books.toscrape.com/catalogue/page-26.html
2026-10-06 21:36:25,250 | INFO | scrapers.base_scraper | Request: https://books.toscrape.com/catalogue/page-26.html
2026-10-06 21:36:26,285 | INFO | scrapers.books_scraper | Books page 26 parsed: 20 records
2026-10-06 21:36:26,315 | INFO | scrapers.books_scraper | Books page 27: https://books.toscrape.com/catalogue/page-27.html
2026-10-06 21:36:26,315 | INFO | scrapers.base_scraper | Request: https://books.toscrape.com/catalogue/page-27.html
2026-10-06 21:36:27,328 | INFO | scrapers.books_scraper | Books page 27 parsed: 20 records
2026-10-06 21:36:27,362 | INFO | scrapers.books_scraper | Books page 28: https://books.toscrape.com/catalogue/page-28.html
2026-10-06 21:36:27,362 | INFO | scrapers.base_scraper | Request: https://books.toscrape.com/catalogue/page-28.html
2026-10-06 21:36:28,383 | INFO | scrapers.books_scraper | Books page 28 parsed: 20 records
2026-10-06 21:36:28,441 | INFO | scrapers.books_scraper | Books page 29: https://books.toscrape.com/catalogue/page-29.html
2026-10-06 21:36:28,442 | INFO | scrapers.base_scraper | Request: https://books.toscrape.com/catalogue/page-29.html
2026-10-06 21:36:29,234 | INFO | scrapers.books_scraper | Books page 29 parsed: 20 records
2026-10-06 21:36:29,268 | INFO | scrapers.books_scraper | Books page 30: https://books.toscrape.com/catalogue/page-30.html
2026-10-06 21:36:29,270 | INFO | scrapers.base_scraper | Request: https://books.toscrape.com/catalogue/page-30.html
2026-10-06 21:36:30,581 | INFO | scrapers.books_scraper | Books page 30 parsed: 20 records
2026-10-06 21:36:30,625 | INFO | scrapers.books_scraper | Books page 31: https://books.toscrape.com/catalogue/page-31.html
2026-10-06 21:36:30,625 | INFO | scrapers.base_scraper | Request: https://books.toscrape.com/catalogue/page-31.html
2026-10-06 21:36:31,692 | INFO | scrapers.books_scraper | Books page 31 parsed: 20 records
2026-10-06 21:36:31,723 | INFO | scrapers.books_scraper | Books page 32: https://books.toscrape.com/catalogue/page-32.html
2026-10-06 21:36:31,725 | INFO | scrapers.base_scraper | Request: https://books.toscrape.com/catalogue/page-32.html
2026-10-06 21:36:32,745 | INFO | scrapers.books_scraper | Books page 32 parsed: 20 records
2026-10-06 21:36:32,768 | INFO | scrapers.books_scraper | Books page 33: https://books.toscrape.com/catalogue/page-33.html
2026-10-06 21:36:32,768 | INFO | scrapers.base_scraper | Request: https://books.toscrape.com/catalogue/page-33.html
2026-10-06 21:36:33,802 | INFO | scrapers.books_scraper | Books page 33 parsed: 20 records
2026-10-06 21:36:33,827 | INFO | scrapers.books_scraper | Books page 34: https://books.toscrape.com/catalogue/page-34.html
2026-10-06 21:36:33,827 | INFO | scrapers.base_scraper | Request: https://books.toscrape.com/catalogue/page-34.html
2026-10-06 21:36:34,845 | INFO | scrapers.books_scraper | Books page 34 parsed: 20 records
2026-10-06 21:36:34,877 | INFO | scrapers.books_scraper | Books page 35: https://books.toscrape.com/catalogue/page-35.html
2026-10-06 21:36:34,880 | INFO | scrapers.base_scraper | Request: https://books.toscrape.com/catalogue/page-35.html
2026-10-06 21:36:35,902 | INFO | scrapers.books_scraper | Books page 35 parsed: 20 records
2026-10-06 21:36:35,934 | INFO | scrapers.books_scraper | Books page 36: https://books.toscrape.com/catalogue/page-36.html
2026-10-06 21:36:35,934 | INFO | scrapers.base_scraper | Request: https://books.toscrape.com/catalogue/page-36.html
2026-10-06 21:36:36,961 | INFO | scrapers.books_scraper | Books page 36 parsed: 20 records
2026-10-06 21:36:36,983 | INFO | scrapers.books_scraper | Books page 37: https://books.toscrape.com/catalogue/page-37.html
2026-10-06 21:36:36,983 | INFO | scrapers.base_scraper | Request: https://books.toscrape.com/catalogue/page-37.html
2026-10-06 21:36:38,002 | INFO | scrapers.books_scraper | Books page 37 parsed: 20 records
2026-10-06 21:36:38,034 | INFO | scrapers.books_scraper | Books page 38: https://books.toscrape.com/catalogue/page-38.html
2026-10-06 21:36:38,034 | INFO | scrapers.base_scraper | Request: https://books.toscrape.com/catalogue/page-38.html
2026-10-06 21:36:39,046 | INFO | scrapers.books_scraper | Books page 38 parsed: 20 records
2026-10-06 21:36:39,075 | INFO | scrapers.books_scraper | Books page 39: https://books.toscrape.com/catalogue/page-39.html
2026-10-06 21:36:39,075 | INFO | scrapers.base_scraper | Request: https://books.toscrape.com/catalogue/page-39.html
2026-10-06 21:36:40,095 | INFO | scrapers.books_scraper | Books page 39 parsed: 20 records
2026-10-06 21:36:40,128 | INFO | scrapers.books_scraper | Books page 40: https://books.toscrape.com/catalogue/page-40.html
2026-10-06 21:36:40,128 | INFO | scrapers.base_scraper | Request: https://books.toscrape.com/catalogue/page-40.html
2026-10-06 21:36:40,910 | INFO | scrapers.books_scraper | Books page 40 parsed: 20 records
2026-10-06 21:36:40,927 | INFO | scrapers.books_scraper | Books page 41: https://books.toscrape.com/catalogue/page-41.html
2026-10-06 21:36:40,927 | INFO | scrapers.base_scraper | Request: https://books.toscrape.com/catalogue/page-41.html
2026-10-06 21:36:41,730 | INFO | scrapers.books_scraper | Books page 41 parsed: 20 records
2026-10-06 21:36:41,751 | INFO | scrapers.books_scraper | Books page 42: https://books.toscrape.com/catalogue/page-42.html
2026-10-06 21:36:41,751 | INFO | scrapers.base_scraper | Request: https://books.toscrape.com/catalogue/page-42.html
2026-10-06 21:36:42,762 | INFO | scrapers.books_scraper | Books page 42 parsed: 20 records
2026-10-06 21:36:42,799 | INFO | scrapers.books_scraper | Books page 43: https://books.toscrape.com/catalogue/page-43.html
2026-10-06 21:36:42,801 | INFO | scrapers.base_scraper | Request: https://books.toscrape.com/catalogue/page-43.html
2026-10-06 21:36:43,595 | INFO | scrapers.books_scraper | Books page 43 parsed: 20 records
2026-10-06 21:36:43,637 | INFO | scrapers.books_scraper | Books page 44: https://books.toscrape.com/catalogue/page-44.html
2026-10-06 21:36:43,637 | INFO | scrapers.base_scraper | Request: https://books.toscrape.com/catalogue/page-44.html
2026-10-06 21:36:44,994 | INFO | scrapers.books_scraper | Books page 44 parsed: 20 records
2026-10-06 21:36:45,018 | INFO | scrapers.books_scraper | Books page 45: https://books.toscrape.com/catalogue/page-45.html
2026-10-06 21:36:45,018 | INFO | scrapers.base_scraper | Request: https://books.toscrape.com/catalogue/page-45.html
2026-10-06 21:36:46,031 | INFO | scrapers.books_scraper | Books page 45 parsed: 20 records
2026-10-06 21:36:46,063 | INFO | scrapers.books_scraper | Books page 46: https://books.toscrape.com/catalogue/page-46.html
2026-10-06 21:36:46,063 | INFO | scrapers.base_scraper | Request: https://books.toscrape.com/catalogue/page-46.html
2026-10-06 21:36:47,092 | INFO | scrapers.books_scraper | Books page 46 parsed: 20 records
2026-10-06 21:36:47,117 | INFO | scrapers.books_scraper | Books page 47: https://books.toscrape.com/catalogue/page-47.html
2026-10-06 21:36:47,117 | INFO | scrapers.base_scraper | Request: https://books.toscrape.com/catalogue/page-47.html
2026-10-06 21:36:47,894 | INFO | scrapers.books_scraper | Books page 47 parsed: 20 records
2026-10-06 21:36:47,917 | INFO | scrapers.books_scraper | Books page 48: https://books.toscrape.com/catalogue/page-48.html
2026-10-06 21:36:47,917 | INFO | scrapers.base_scraper | Request: https://books.toscrape.com/catalogue/page-48.html
2026-10-06 21:36:48,697 | INFO | scrapers.books_scraper | Books page 48 parsed: 20 records
2026-10-06 21:36:48,720 | INFO | scrapers.books_scraper | Books page 49: https://books.toscrape.com/catalogue/page-49.html
2026-10-06 21:36:48,727 | INFO | scrapers.base_scraper | Request: https://books.toscrape.com/catalogue/page-49.html
2026-10-06 21:36:49,505 | INFO | scrapers.books_scraper | Books page 49 parsed: 20 records
2026-10-06 21:36:49,530 | INFO | scrapers.books_scraper | Books page 50: https://books.toscrape.com/catalogue/page-50.html
2026-10-06 21:36:49,530 | INFO | scrapers.base_scraper | Request: https://books.toscrape.com/catalogue/page-50.html
2026-10-06 21:36:50,315 | INFO | scrapers.books_scraper | Books page 50 parsed: 20 records
2026-10-06 21:36:50,349 | INFO | scrapers.books_scraper | Books scrape complete: 1000 raw records
2026-10-06 21:36:50,368 | INFO | scrapers.quotes_scraper | Quotes page 1: https://quotes.toscrape.com/
2026-10-06 21:36:50,368 | INFO | scrapers.base_scraper | Request: https://quotes.toscrape.com/
2026-10-06 21:36:52,396 | INFO | scrapers.quotes_scraper | Quotes page 1 parsed: 10 records
2026-10-06 21:36:52,400 | INFO | scrapers.quotes_scraper | Quotes page 2: https://quotes.toscrape.com/page/2/
2026-10-06 21:36:52,400 | INFO | scrapers.base_scraper | Request: https://quotes.toscrape.com/page/2/
2026-10-06 21:36:53,401 | INFO | scrapers.quotes_scraper | Quotes page 2 parsed: 10 records
2026-10-06 21:36:53,408 | INFO | scrapers.quotes_scraper | Quotes page 3: https://quotes.toscrape.com/page/3/
2026-10-06 21:36:53,408 | INFO | scrapers.base_scraper | Request: https://quotes.toscrape.com/page/3/
2026-10-06 21:36:54,167 | INFO | scrapers.quotes_scraper | Quotes page 3 parsed: 10 records
2026-10-06 21:36:54,177 | INFO | scrapers.quotes_scraper | Quotes page 4: https://quotes.toscrape.com/page/4/
2026-10-06 21:36:54,177 | INFO | scrapers.base_scraper | Request: https://quotes.toscrape.com/page/4/
2026-10-06 21:36:54,934 | INFO | scrapers.quotes_scraper | Quotes page 4 parsed: 10 records
2026-10-06 21:36:54,948 | INFO | scrapers.quotes_scraper | Quotes page 5: https://quotes.toscrape.com/page/5/
2026-10-06 21:36:54,948 | INFO | scrapers.base_scraper | Request: https://quotes.toscrape.com/page/5/
2026-10-06 21:36:55,704 | INFO | scrapers.quotes_scraper | Quotes page 5 parsed: 10 records
2026-10-06 21:36:55,715 | INFO | scrapers.quotes_scraper | Quotes page 6: https://quotes.toscrape.com/page/6/
2026-10-06 21:36:55,715 | INFO | scrapers.base_scraper | Request: https://quotes.toscrape.com/page/6/
2026-10-06 21:36:56,472 | INFO | scrapers.quotes_scraper | Quotes page 6 parsed: 10 records
2026-10-06 21:36:56,479 | INFO | scrapers.quotes_scraper | Quotes page 7: https://quotes.toscrape.com/page/7/
2026-10-06 21:36:56,479 | INFO | scrapers.base_scraper | Request: https://quotes.toscrape.com/page/7/
2026-10-06 21:36:57,237 | INFO | scrapers.quotes_scraper | Quotes page 7 parsed: 10 records
2026-10-06 21:36:57,245 | INFO | scrapers.quotes_scraper | Quotes page 8: https://quotes.toscrape.com/page/8/
2026-10-06 21:36:57,245 | INFO | scrapers.base_scraper | Request: https://quotes.toscrape.com/page/8/
2026-10-06 21:36:58,008 | INFO | scrapers.quotes_scraper | Quotes page 8 parsed: 10 records
2026-10-06 21:36:58,021 | INFO | scrapers.quotes_scraper | Quotes page 9: https://quotes.toscrape.com/page/9/
2026-10-06 21:36:58,021 | INFO | scrapers.base_scraper | Request: https://quotes.toscrape.com/page/9/
2026-10-06 21:36:58,780 | INFO | scrapers.quotes_scraper | Quotes page 9 parsed: 10 records
2026-10-06 21:36:58,785 | INFO | scrapers.quotes_scraper | Quotes page 10: https://quotes.toscrape.com/page/10/
2026-10-06 21:36:58,785 | INFO | scrapers.base_scraper | Request: https://quotes.toscrape.com/page/10/
2026-10-06 21:36:59,547 | INFO | scrapers.quotes_scraper | Quotes page 10 parsed: 10 records
2026-10-06 21:36:59,554 | INFO | scrapers.quotes_scraper | Quotes scrape complete: 100 raw records
2026-10-06 21:36:59,583 | INFO | root | Final records: 1099
2026-10-06 21:36:59,583 | INFO | root | CSV written to C:\scraping_assignment\output\final_dataset.csv
2026-10-06 21:36:59,583 | INFO | root | Summary written to C:\scraping_assignment\output\summary_report.json
2026-10-06 21:36:59,588 | INFO | root | Pipeline finished in 61.712 seconds
2026-10-06 21:46:57,239 | INFO | root | Starting scraping assignment pipeline
2026-10-06 21:46:57,239 | INFO | scrapers.books_scraper | Books page 1: https://books.toscrape.com/
2026-10-06 21:46:57,241 | INFO | scrapers.base_scraper | Request: https://books.toscrape.com/
2026-10-06 21:46:59,781 | INFO | scrapers.books_scraper | Books page 1 parsed: 20 records
2026-10-06 21:46:59,806 | INFO | scrapers.books_scraper | Books page 2: https://books.toscrape.com/catalogue/page-2.html
2026-10-06 21:46:59,806 | INFO | scrapers.base_scraper | Request: https://books.toscrape.com/catalogue/page-2.html
2026-10-06 21:47:00,847 | INFO | scrapers.books_scraper | Books page 2 parsed: 20 records
2026-10-06 21:47:00,872 | INFO | scrapers.books_scraper | Books page 3: https://books.toscrape.com/catalogue/page-3.html
2026-10-06 21:47:00,872 | INFO | scrapers.base_scraper | Request: https://books.toscrape.com/catalogue/page-3.html
2026-10-06 21:47:01,911 | INFO | scrapers.books_scraper | Books page 3 parsed: 20 records
2026-10-06 21:47:01,944 | INFO | scrapers.books_scraper | Books page 4: https://books.toscrape.com/catalogue/page-4.html
2026-10-06 21:47:01,944 | INFO | scrapers.base_scraper | Request: https://books.toscrape.com/catalogue/page-4.html
2026-10-06 21:47:03,278 | INFO | scrapers.books_scraper | Books page 4 parsed: 20 records
2026-10-06 21:47:03,300 | INFO | scrapers.books_scraper | Books page 5: https://books.toscrape.com/catalogue/page-5.html
2026-10-06 21:47:03,300 | INFO | scrapers.base_scraper | Request: https://books.toscrape.com/catalogue/page-5.html
2026-10-06 21:47:04,344 | INFO | scrapers.books_scraper | Books page 5 parsed: 20 records
2026-10-06 21:47:04,368 | INFO | scrapers.books_scraper | Books page 6: https://books.toscrape.com/catalogue/page-6.html
2026-10-06 21:47:04,368 | INFO | scrapers.base_scraper | Request: https://books.toscrape.com/catalogue/page-6.html
2026-10-06 21:47:05,416 | INFO | scrapers.books_scraper | Books page 6 parsed: 20 records
2026-10-06 21:47:05,442 | INFO | scrapers.books_scraper | Books page 7: https://books.toscrape.com/catalogue/page-7.html
2026-10-06 21:47:05,442 | INFO | scrapers.base_scraper | Request: https://books.toscrape.com/catalogue/page-7.html
2026-10-06 21:47:06,544 | INFO | scrapers.books_scraper | Books page 7 parsed: 20 records
2026-10-06 21:47:06,561 | INFO | scrapers.books_scraper | Books page 8: https://books.toscrape.com/catalogue/page-8.html
2026-10-06 21:47:06,561 | INFO | scrapers.base_scraper | Request: https://books.toscrape.com/catalogue/page-8.html
2026-10-06 21:47:07,633 | INFO | scrapers.books_scraper | Books page 8 parsed: 20 records
2026-10-06 21:47:07,659 | INFO | scrapers.books_scraper | Books page 9: https://books.toscrape.com/catalogue/page-9.html
2026-10-06 21:47:07,659 | INFO | scrapers.base_scraper | Request: https://books.toscrape.com/catalogue/page-9.html
2026-10-06 21:47:08,700 | INFO | scrapers.books_scraper | Books page 9 parsed: 20 records
2026-10-06 21:47:08,726 | INFO | scrapers.books_scraper | Books page 10: https://books.toscrape.com/catalogue/page-10.html
2026-10-06 21:47:08,726 | INFO | scrapers.base_scraper | Request: https://books.toscrape.com/catalogue/page-10.html
2026-10-06 21:47:09,585 | INFO | scrapers.books_scraper | Books page 10 parsed: 20 records
2026-10-06 21:47:09,618 | INFO | scrapers.books_scraper | Books page 11: https://books.toscrape.com/catalogue/page-11.html
2026-10-06 21:47:09,618 | INFO | scrapers.base_scraper | Request: https://books.toscrape.com/catalogue/page-11.html
2026-10-06 21:47:10,817 | INFO | scrapers.books_scraper | Books page 11 parsed: 20 records
2026-10-06 21:47:10,849 | INFO | scrapers.books_scraper | Books page 12: https://books.toscrape.com/catalogue/page-12.html
2026-10-06 21:47:10,849 | INFO | scrapers.base_scraper | Request: https://books.toscrape.com/catalogue/page-12.html
2026-10-06 21:47:11,982 | INFO | scrapers.books_scraper | Books page 12 parsed: 20 records
2026-10-06 21:47:12,006 | INFO | scrapers.books_scraper | Books page 13: https://books.toscrape.com/catalogue/page-13.html
2026-10-06 21:47:12,006 | INFO | scrapers.base_scraper | Request: https://books.toscrape.com/catalogue/page-13.html
2026-10-06 21:47:13,178 | INFO | scrapers.books_scraper | Books page 13 parsed: 20 records
2026-10-06 21:47:13,205 | INFO | scrapers.books_scraper | Books page 14: https://books.toscrape.com/catalogue/page-14.html
2026-10-06 21:47:13,205 | INFO | scrapers.base_scraper | Request: https://books.toscrape.com/catalogue/page-14.html
2026-10-06 21:47:14,500 | INFO | scrapers.books_scraper | Books page 14 parsed: 20 records
2026-10-06 21:47:14,532 | INFO | scrapers.books_scraper | Books page 15: https://books.toscrape.com/catalogue/page-15.html
2026-10-06 21:47:14,532 | INFO | scrapers.base_scraper | Request: https://books.toscrape.com/catalogue/page-15.html
2026-10-06 21:47:15,329 | INFO | scrapers.books_scraper | Books page 15 parsed: 20 records
2026-10-06 21:47:15,354 | INFO | scrapers.books_scraper | Books page 16: https://books.toscrape.com/catalogue/page-16.html
2026-10-06 21:47:15,356 | INFO | scrapers.base_scraper | Request: https://books.toscrape.com/catalogue/page-16.html
2026-10-06 21:47:16,394 | INFO | scrapers.books_scraper | Books page 16 parsed: 20 records
2026-10-06 21:47:16,421 | INFO | scrapers.books_scraper | Books page 17: https://books.toscrape.com/catalogue/page-17.html
2026-10-06 21:47:16,422 | INFO | scrapers.base_scraper | Request: https://books.toscrape.com/catalogue/page-17.html
2026-10-06 21:47:17,462 | INFO | scrapers.books_scraper | Books page 17 parsed: 20 records
2026-10-06 21:47:17,493 | INFO | scrapers.books_scraper | Books page 18: https://books.toscrape.com/catalogue/page-18.html
2026-10-06 21:47:17,493 | INFO | scrapers.base_scraper | Request: https://books.toscrape.com/catalogue/page-18.html
2026-10-06 21:47:18,534 | INFO | scrapers.books_scraper | Books page 18 parsed: 20 records
2026-10-06 21:47:18,561 | INFO | scrapers.books_scraper | Books page 19: https://books.toscrape.com/catalogue/page-19.html
2026-10-06 21:47:18,561 | INFO | scrapers.base_scraper | Request: https://books.toscrape.com/catalogue/page-19.html
2026-10-06 21:47:19,610 | INFO | scrapers.books_scraper | Books page 19 parsed: 20 records
2026-10-06 21:47:19,645 | INFO | scrapers.books_scraper | Books page 20: https://books.toscrape.com/catalogue/page-20.html
2026-10-06 21:47:19,645 | INFO | scrapers.base_scraper | Request: https://books.toscrape.com/catalogue/page-20.html
2026-10-06 21:47:20,687 | INFO | scrapers.books_scraper | Books page 20 parsed: 20 records
2026-10-06 21:47:20,712 | INFO | scrapers.books_scraper | Books page 21: https://books.toscrape.com/catalogue/page-21.html
2026-10-06 21:47:20,715 | INFO | scrapers.base_scraper | Request: https://books.toscrape.com/catalogue/page-21.html
2026-10-06 21:47:21,761 | INFO | scrapers.books_scraper | Books page 21 parsed: 20 records
2026-10-06 21:47:21,791 | INFO | scrapers.books_scraper | Books page 22: https://books.toscrape.com/catalogue/page-22.html
2026-10-06 21:47:21,791 | INFO | scrapers.base_scraper | Request: https://books.toscrape.com/catalogue/page-22.html
2026-10-06 21:47:22,847 | INFO | scrapers.books_scraper | Books page 22 parsed: 20 records
2026-10-06 21:47:22,871 | INFO | scrapers.books_scraper | Books page 23: https://books.toscrape.com/catalogue/page-23.html
2026-10-06 21:47:22,871 | INFO | scrapers.base_scraper | Request: https://books.toscrape.com/catalogue/page-23.html
2026-10-06 21:47:23,918 | INFO | scrapers.books_scraper | Books page 23 parsed: 20 records
2026-10-06 21:47:23,943 | INFO | scrapers.books_scraper | Books page 24: https://books.toscrape.com/catalogue/page-24.html
2026-10-06 21:47:23,943 | INFO | scrapers.base_scraper | Request: https://books.toscrape.com/catalogue/page-24.html
2026-10-06 21:47:24,986 | INFO | scrapers.books_scraper | Books page 24 parsed: 20 records
2026-10-06 21:47:25,025 | INFO | scrapers.books_scraper | Books page 25: https://books.toscrape.com/catalogue/page-25.html
2026-10-06 21:47:25,025 | INFO | scrapers.base_scraper | Request: https://books.toscrape.com/catalogue/page-25.html
2026-10-06 21:47:26,075 | INFO | scrapers.books_scraper | Books page 25 parsed: 20 records
2026-10-06 21:47:26,296 | INFO | scrapers.books_scraper | Books page 26: https://books.toscrape.com/catalogue/page-26.html
2026-10-06 21:47:26,296 | INFO | scrapers.base_scraper | Request: https://books.toscrape.com/catalogue/page-26.html
2026-10-06 21:47:27,338 | INFO | scrapers.books_scraper | Books page 26 parsed: 20 records
2026-10-06 21:47:27,363 | INFO | scrapers.books_scraper | Books page 27: https://books.toscrape.com/catalogue/page-27.html
2026-10-06 21:47:27,365 | INFO | scrapers.base_scraper | Request: https://books.toscrape.com/catalogue/page-27.html
2026-10-06 21:47:28,399 | INFO | scrapers.books_scraper | Books page 27 parsed: 20 records
2026-10-06 21:47:28,430 | INFO | scrapers.books_scraper | Books page 28: https://books.toscrape.com/catalogue/page-28.html
2026-10-06 21:47:28,430 | INFO | scrapers.base_scraper | Request: https://books.toscrape.com/catalogue/page-28.html
2026-10-06 21:47:29,468 | INFO | scrapers.books_scraper | Books page 28 parsed: 20 records
2026-10-06 21:47:29,500 | INFO | scrapers.books_scraper | Books page 29: https://books.toscrape.com/catalogue/page-29.html
2026-10-06 21:47:29,500 | INFO | scrapers.base_scraper | Request: https://books.toscrape.com/catalogue/page-29.html
2026-10-06 21:47:30,538 | INFO | scrapers.books_scraper | Books page 29 parsed: 20 records
2026-10-06 21:47:30,566 | INFO | scrapers.books_scraper | Books page 30: https://books.toscrape.com/catalogue/page-30.html
2026-10-06 21:47:30,570 | INFO | scrapers.base_scraper | Request: https://books.toscrape.com/catalogue/page-30.html
2026-10-06 21:47:31,610 | INFO | scrapers.books_scraper | Books page 30 parsed: 20 records
2026-10-06 21:47:31,631 | INFO | scrapers.books_scraper | Books page 31: https://books.toscrape.com/catalogue/page-31.html
2026-10-06 21:47:31,640 | INFO | scrapers.base_scraper | Request: https://books.toscrape.com/catalogue/page-31.html
2026-10-06 21:47:32,680 | INFO | scrapers.books_scraper | Books page 31 parsed: 20 records
2026-10-06 21:47:32,710 | INFO | scrapers.books_scraper | Books page 32: https://books.toscrape.com/catalogue/page-32.html
2026-10-06 21:47:32,710 | INFO | scrapers.base_scraper | Request: https://books.toscrape.com/catalogue/page-32.html
2026-10-06 21:47:33,760 | INFO | scrapers.books_scraper | Books page 32 parsed: 20 records
2026-10-06 21:47:33,793 | INFO | scrapers.books_scraper | Books page 33: https://books.toscrape.com/catalogue/page-33.html
2026-10-06 21:47:33,793 | INFO | scrapers.base_scraper | Request: https://books.toscrape.com/catalogue/page-33.html
2026-10-06 21:47:34,847 | INFO | scrapers.books_scraper | Books page 33 parsed: 20 records
2026-10-06 21:47:34,872 | INFO | scrapers.books_scraper | Books page 34: https://books.toscrape.com/catalogue/page-34.html
2026-10-06 21:47:34,872 | INFO | scrapers.base_scraper | Request: https://books.toscrape.com/catalogue/page-34.html
2026-10-06 21:47:35,917 | INFO | scrapers.books_scraper | Books page 34 parsed: 20 records
2026-10-06 21:47:35,945 | INFO | scrapers.books_scraper | Books page 35: https://books.toscrape.com/catalogue/page-35.html
2026-10-06 21:47:35,945 | INFO | scrapers.base_scraper | Request: https://books.toscrape.com/catalogue/page-35.html
2026-10-06 21:47:36,987 | INFO | scrapers.books_scraper | Books page 35 parsed: 20 records
2026-10-06 21:47:37,018 | INFO | scrapers.books_scraper | Books page 36: https://books.toscrape.com/catalogue/page-36.html
2026-10-06 21:47:37,021 | INFO | scrapers.base_scraper | Request: https://books.toscrape.com/catalogue/page-36.html
2026-10-06 21:47:38,057 | INFO | scrapers.books_scraper | Books page 36 parsed: 20 records
2026-10-06 21:47:38,085 | INFO | scrapers.books_scraper | Books page 37: https://books.toscrape.com/catalogue/page-37.html
2026-10-06 21:47:38,085 | INFO | scrapers.base_scraper | Request: https://books.toscrape.com/catalogue/page-37.html
2026-10-06 21:47:39,120 | INFO | scrapers.books_scraper | Books page 37 parsed: 20 records
2026-10-06 21:47:39,295 | INFO | scrapers.books_scraper | Books page 38: https://books.toscrape.com/catalogue/page-38.html
2026-10-06 21:47:39,295 | INFO | scrapers.base_scraper | Request: https://books.toscrape.com/catalogue/page-38.html
2026-10-06 21:47:40,334 | INFO | scrapers.books_scraper | Books page 38 parsed: 20 records
2026-10-06 21:47:40,351 | INFO | scrapers.books_scraper | Books page 39: https://books.toscrape.com/catalogue/page-39.html
2026-10-06 21:47:40,351 | INFO | scrapers.base_scraper | Request: https://books.toscrape.com/catalogue/page-39.html
2026-10-06 21:47:41,395 | INFO | scrapers.books_scraper | Books page 39 parsed: 20 records
2026-10-06 21:47:41,418 | INFO | scrapers.books_scraper | Books page 40: https://books.toscrape.com/catalogue/page-40.html
2026-10-06 21:47:41,418 | INFO | scrapers.base_scraper | Request: https://books.toscrape.com/catalogue/page-40.html
2026-10-06 21:47:42,463 | INFO | scrapers.books_scraper | Books page 40 parsed: 20 records
2026-10-06 21:47:42,486 | INFO | scrapers.books_scraper | Books page 41: https://books.toscrape.com/catalogue/page-41.html
2026-10-06 21:47:42,486 | INFO | scrapers.base_scraper | Request: https://books.toscrape.com/catalogue/page-41.html
2026-10-06 21:47:43,528 | INFO | scrapers.books_scraper | Books page 41 parsed: 20 records
2026-10-06 21:47:43,551 | INFO | scrapers.books_scraper | Books page 42: https://books.toscrape.com/catalogue/page-42.html
2026-10-06 21:47:43,551 | INFO | scrapers.base_scraper | Request: https://books.toscrape.com/catalogue/page-42.html
2026-10-06 21:47:44,595 | INFO | scrapers.books_scraper | Books page 42 parsed: 20 records
2026-10-06 21:47:44,613 | INFO | scrapers.books_scraper | Books page 43: https://books.toscrape.com/catalogue/page-43.html
2026-10-06 21:47:44,613 | INFO | scrapers.base_scraper | Request: https://books.toscrape.com/catalogue/page-43.html
2026-10-06 21:47:45,876 | INFO | scrapers.books_scraper | Books page 43 parsed: 20 records
2026-10-06 21:47:45,907 | INFO | scrapers.books_scraper | Books page 44: https://books.toscrape.com/catalogue/page-44.html
2026-10-06 21:47:45,907 | INFO | scrapers.base_scraper | Request: https://books.toscrape.com/catalogue/page-44.html
2026-10-06 21:47:46,697 | INFO | scrapers.books_scraper | Books page 44 parsed: 20 records
2026-10-06 21:47:46,732 | INFO | scrapers.books_scraper | Books page 45: https://books.toscrape.com/catalogue/page-45.html
2026-10-06 21:47:46,732 | INFO | scrapers.base_scraper | Request: https://books.toscrape.com/catalogue/page-45.html
2026-10-06 21:47:47,767 | INFO | scrapers.books_scraper | Books page 45 parsed: 20 records
2026-10-06 21:47:47,803 | INFO | scrapers.books_scraper | Books page 46: https://books.toscrape.com/catalogue/page-46.html
2026-10-06 21:47:47,803 | INFO | scrapers.base_scraper | Request: https://books.toscrape.com/catalogue/page-46.html
2026-10-06 21:47:48,847 | INFO | scrapers.books_scraper | Books page 46 parsed: 20 records
2026-10-06 21:47:48,873 | INFO | scrapers.books_scraper | Books page 47: https://books.toscrape.com/catalogue/page-47.html
2026-10-06 21:47:48,873 | INFO | scrapers.base_scraper | Request: https://books.toscrape.com/catalogue/page-47.html
2026-10-06 21:47:49,915 | INFO | scrapers.books_scraper | Books page 47 parsed: 20 records
2026-10-06 21:47:49,940 | INFO | scrapers.books_scraper | Books page 48: https://books.toscrape.com/catalogue/page-48.html
2026-10-06 21:47:49,940 | INFO | scrapers.base_scraper | Request: https://books.toscrape.com/catalogue/page-48.html
2026-10-06 21:47:50,984 | INFO | scrapers.books_scraper | Books page 48 parsed: 20 records
2026-10-06 21:47:51,003 | INFO | scrapers.books_scraper | Books page 49: https://books.toscrape.com/catalogue/page-49.html
2026-10-06 21:47:51,003 | INFO | scrapers.base_scraper | Request: https://books.toscrape.com/catalogue/page-49.html
2026-10-06 21:47:52,048 | INFO | scrapers.books_scraper | Books page 49 parsed: 20 records
2026-10-06 21:47:52,084 | INFO | scrapers.books_scraper | Books page 50: https://books.toscrape.com/catalogue/page-50.html
2026-10-06 21:47:52,084 | INFO | scrapers.base_scraper | Request: https://books.toscrape.com/catalogue/page-50.html
2026-10-06 21:47:53,300 | INFO | scrapers.books_scraper | Books page 50 parsed: 20 records
2026-10-06 21:47:53,338 | INFO | scrapers.books_scraper | Books scrape complete: 1000 raw records
2026-10-06 21:47:53,372 | INFO | scrapers.quotes_scraper | Quotes page 1: https://quotes.toscrape.com/
2026-10-06 21:47:53,386 | INFO | scrapers.base_scraper | Request: https://quotes.toscrape.com/
2026-10-06 21:47:55,844 | INFO | scrapers.quotes_scraper | Quotes page 1 parsed: 10 records
2026-10-06 21:47:55,852 | INFO | scrapers.quotes_scraper | Quotes page 2: https://quotes.toscrape.com/page/2/
2026-10-06 21:47:55,852 | INFO | scrapers.base_scraper | Request: https://quotes.toscrape.com/page/2/
2026-10-06 21:47:56,865 | INFO | scrapers.quotes_scraper | Quotes page 2 parsed: 10 records
2026-10-06 21:47:56,871 | INFO | scrapers.quotes_scraper | Quotes page 3: https://quotes.toscrape.com/page/3/
2026-10-06 21:47:56,871 | INFO | scrapers.base_scraper | Request: https://quotes.toscrape.com/page/3/
2026-10-06 21:47:57,643 | INFO | scrapers.quotes_scraper | Quotes page 3 parsed: 10 records
2026-10-06 21:47:57,651 | INFO | scrapers.quotes_scraper | Quotes page 4: https://quotes.toscrape.com/page/4/
2026-10-06 21:47:57,651 | INFO | scrapers.base_scraper | Request: https://quotes.toscrape.com/page/4/
2026-10-06 21:47:58,413 | INFO | scrapers.quotes_scraper | Quotes page 4 parsed: 10 records
2026-10-06 21:47:58,414 | INFO | scrapers.quotes_scraper | Quotes page 5: https://quotes.toscrape.com/page/5/
2026-10-06 21:47:58,414 | INFO | scrapers.base_scraper | Request: https://quotes.toscrape.com/page/5/
2026-10-06 21:47:59,181 | INFO | scrapers.quotes_scraper | Quotes page 5 parsed: 10 records
2026-10-06 21:47:59,192 | INFO | scrapers.quotes_scraper | Quotes page 6: https://quotes.toscrape.com/page/6/
2026-10-06 21:47:59,192 | INFO | scrapers.base_scraper | Request: https://quotes.toscrape.com/page/6/
2026-10-06 21:47:59,948 | INFO | scrapers.quotes_scraper | Quotes page 6 parsed: 10 records
2026-10-06 21:47:59,964 | INFO | scrapers.quotes_scraper | Quotes page 7: https://quotes.toscrape.com/page/7/
2026-10-06 21:47:59,964 | INFO | scrapers.base_scraper | Request: https://quotes.toscrape.com/page/7/
2026-10-06 21:48:00,727 | INFO | scrapers.quotes_scraper | Quotes page 7 parsed: 10 records
2026-10-06 21:48:00,736 | INFO | scrapers.quotes_scraper | Quotes page 8: https://quotes.toscrape.com/page/8/
2026-10-06 21:48:00,736 | INFO | scrapers.base_scraper | Request: https://quotes.toscrape.com/page/8/
2026-10-06 21:48:01,494 | INFO | scrapers.quotes_scraper | Quotes page 8 parsed: 10 records
2026-10-06 21:48:01,501 | INFO | scrapers.quotes_scraper | Quotes page 9: https://quotes.toscrape.com/page/9/
2026-10-06 21:48:01,501 | INFO | scrapers.base_scraper | Request: https://quotes.toscrape.com/page/9/
2026-10-06 21:48:02,261 | INFO | scrapers.quotes_scraper | Quotes page 9 parsed: 10 records
2026-10-06 21:48:02,282 | INFO | scrapers.quotes_scraper | Quotes page 10: https://quotes.toscrape.com/page/10/
2026-10-06 21:48:02,282 | INFO | scrapers.base_scraper | Request: https://quotes.toscrape.com/page/10/
2026-10-06 21:48:03,046 | INFO | scrapers.quotes_scraper | Quotes page 10 parsed: 10 records
2026-10-06 21:48:03,048 | INFO | scrapers.quotes_scraper | Quotes scrape complete: 100 raw records
2026-10-06 21:48:03,079 | INFO | root | Final records: 1099
2026-10-06 21:48:03,079 | INFO | root | CSV written to C:\scraping_assignment\output\final_dataset.csv
2026-10-06 21:48:03,079 | INFO | root | Summary written to C:\scraping_assignment\output\summary_report.json
2026-10-06 21:48:03,079 | INFO | root | Pipeline finished in 65.842 seconds
2026-10-06 22:18:50,820 | INFO | root | Starting scraping assignment pipeline
2026-10-06 22:18:50,820 | INFO | scrapers.books_scraper | Books page 1: https://books.toscrape.com/
2026-10-06 22:18:50,820 | INFO | scrapers.base_scraper | Request: https://books.toscrape.com/
2026-10-06 22:18:53,158 | INFO | scrapers.base_scraper | Request: https://books.toscrape.com/catalogue/a-light-in-the-attic_1000/index.html
2026-10-06 22:18:53,910 | INFO | scrapers.base_scraper | Request: https://books.toscrape.com/catalogue/tipping-the-velvet_999/index.html
2026-10-06 22:18:54,669 | INFO | scrapers.base_scraper | Request: https://books.toscrape.com/catalogue/soumission_998/index.html
2026-10-06 22:18:55,421 | INFO | scrapers.base_scraper | Request: https://books.toscrape.com/catalogue/sharp-objects_997/index.html
2026-10-06 22:18:56,427 | INFO | scrapers.base_scraper | Request: https://books.toscrape.com/catalogue/sapiens-a-brief-history-of-humankind_996/index.html
2026-10-06 22:18:57,435 | INFO | scrapers.base_scraper | Request: https://books.toscrape.com/catalogue/the-requiem-red_995/index.html
2026-10-06 22:18:58,436 | INFO | scrapers.base_scraper | Request: https://books.toscrape.com/catalogue/the-dirty-little-secrets-of-getting-your-dream-job_994/index.html
2026-10-06 22:18:59,442 | INFO | scrapers.base_scraper | Request: https://books.toscrape.com/catalogue/the-coming-woman-a-novel-based-on-the-life-of-the-infamous-feminist-victoria-woodhull_993/index.html
2026-10-06 22:19:00,445 | INFO | scrapers.base_scraper | Request: https://books.toscrape.com/catalogue/the-boys-in-the-boat-nine-americans-and-their-epic-quest-for-gold-at-the-1936-berlin-olympics_992/index.html
2026-10-06 22:19:01,205 | INFO | scrapers.base_scraper | Request: https://books.toscrape.com/catalogue/the-black-maria_991/index.html
2026-10-06 22:19:02,206 | INFO | scrapers.base_scraper | Request: https://books.toscrape.com/catalogue/starving-hearts-triangular-trade-trilogy-1_990/index.html
2026-10-06 22:19:02,971 | INFO | scrapers.base_scraper | Request: https://books.toscrape.com/catalogue/shakespeares-sonnets_989/index.html
2026-10-06 22:19:03,731 | INFO | scrapers.base_scraper | Request: https://books.toscrape.com/catalogue/set-me-free_988/index.html
2026-10-06 22:19:04,738 | INFO | scrapers.base_scraper | Request: https://books.toscrape.com/catalogue/scott-pilgrims-precious-little-life-scott-pilgrim-1_987/index.html
2026-10-06 22:19:05,742 | INFO | scrapers.base_scraper | Request: https://books.toscrape.com/catalogue/rip-it-up-and-start-again_986/index.html
2026-10-06 22:19:06,503 | INFO | scrapers.base_scraper | Request: https://books.toscrape.com/catalogue/our-band-could-be-your-life-scenes-from-the-american-indie-underground-1981-1991_985/index.html
2026-10-06 22:19:07,262 | INFO | scrapers.base_scraper | Request: https://books.toscrape.com/catalogue/olio_984/index.html
2026-10-06 22:19:08,270 | INFO | scrapers.base_scraper | Request: https://books.toscrape.com/catalogue/mesaerion-the-best-science-fiction-stories-1800-1849_983/index.html
2026-10-06 22:19:09,273 | INFO | scrapers.base_scraper | Request: https://books.toscrape.com/catalogue/libertarianism-for-beginners_982/index.html
2026-10-06 22:19:10,274 | INFO | scrapers.base_scraper | Request: https://books.toscrape.com/catalogue/its-only-the-himalayas_981/index.html
2026-10-06 22:19:11,279 | INFO | scrapers.books_scraper | Books page 1 parsed: 20 records
2026-10-06 22:19:11,307 | INFO | scrapers.books_scraper | Books page 2: https://books.toscrape.com/catalogue/page-2.html
2026-10-06 22:19:11,307 | INFO | scrapers.base_scraper | Request: https://books.toscrape.com/catalogue/page-2.html
2026-10-06 22:19:12,321 | INFO | scrapers.base_scraper | Request: https://books.toscrape.com/catalogue/in-her-wake_980/index.html
2026-10-06 22:19:13,072 | INFO | scrapers.base_scraper | Request: https://books.toscrape.com/catalogue/how-music-works_979/index.html
2026-10-06 22:19:13,842 | INFO | scrapers.base_scraper | Request: https://books.toscrape.com/catalogue/foolproof-preserving-a-guide-to-small-batch-jams-jellies-pickles-condiments-and-more-a-foolproof-guide-to-making-small-batch-jams-jellies-pickles-condiments-and-more_978/index.html
2026-10-06 22:19:14,602 | INFO | scrapers.base_scraper | Request: https://books.toscrape.com/catalogue/chase-me-paris-nights-2_977/index.html
2026-10-06 22:19:15,380 | INFO | scrapers.base_scraper | Request: https://books.toscrape.com/catalogue/black-dust_976/index.html
2026-10-06 22:19:16,140 | INFO | scrapers.base_scraper | Request: https://books.toscrape.com/catalogue/birdsong-a-story-in-pictures_975/index.html
2026-10-06 22:19:16,898 | INFO | scrapers.base_scraper | Request: https://books.toscrape.com/catalogue/americas-cradle-of-quarterbacks-western-pennsylvanias-football-factory-from-johnny-unitas-to-joe-montana_974/index.html
2026-10-06 22:19:17,902 | INFO | scrapers.base_scraper | Request: https://books.toscrape.com/catalogue/aladdin-and-his-wonderful-lamp_973/index.html
2026-10-06 22:19:18,907 | INFO | scrapers.base_scraper | Request: https://books.toscrape.com/catalogue/worlds-elsewhere-journeys-around-shakespeares-globe_972/index.html
2026-10-06 22:19:19,670 | INFO | scrapers.base_scraper | Request: https://books.toscrape.com/catalogue/wall-and-piece_971/index.html
2026-10-06 22:19:20,425 | INFO | scrapers.base_scraper | Request: https://books.toscrape.com/catalogue/the-four-agreements-a-practical-guide-to-personal-freedom_970/index.html
2026-10-06 22:19:21,191 | INFO | scrapers.base_scraper | Request: https://books.toscrape.com/catalogue/the-five-love-languages-how-to-express-heartfelt-commitment-to-your-mate_969/index.html
2026-10-06 22:19:22,192 | INFO | scrapers.base_scraper | Request: https://books.toscrape.com/catalogue/the-elephant-tree_968/index.html
2026-10-06 22:19:23,197 | INFO | scrapers.base_scraper | Request: https://books.toscrape.com/catalogue/the-bear-and-the-piano_967/index.html
2026-10-06 22:19:23,955 | INFO | scrapers.base_scraper | Request: https://books.toscrape.com/catalogue/sophies-world_966/index.html
2026-10-06 22:19:24,719 | INFO | scrapers.base_scraper | Request: https://books.toscrape.com/catalogue/penny-maybe_965/index.html
2026-10-06 22:19:25,478 | INFO | scrapers.base_scraper | Request: https://books.toscrape.com/catalogue/maude-1883-1993she-grew-up-with-the-country_964/index.html
2026-10-06 22:19:26,474 | INFO | scrapers.base_scraper | Request: https://books.toscrape.com/catalogue/in-a-dark-dark-wood_963/index.html
2026-10-06 22:19:27,237 | INFO | scrapers.base_scraper | Request: https://books.toscrape.com/catalogue/behind-closed-doors_962/index.html
2026-10-06 22:19:28,003 | INFO | scrapers.base_scraper | Request: https://books.toscrape.com/catalogue/you-cant-bury-them-all-poems_961/index.html
2026-10-06 22:19:29,007 | INFO | scrapers.books_scraper | Books page 2 parsed: 20 records
2026-10-06 22:19:29,032 | INFO | scrapers.books_scraper | Books page 3: https://books.toscrape.com/catalogue/page-3.html
2026-10-06 22:19:29,032 | INFO | scrapers.base_scraper | Request: https://books.toscrape.com/catalogue/page-3.html
2026-10-06 22:19:30,049 | INFO | scrapers.base_scraper | Request: https://books.toscrape.com/catalogue/slow-states-of-collapse-poems_960/index.html
2026-10-06 22:19:30,804 | INFO | scrapers.base_scraper | Request: https://books.toscrape.com/catalogue/reasons-to-stay-alive_959/index.html
2026-10-06 22:19:31,572 | INFO | scrapers.base_scraper | Request: https://books.toscrape.com/catalogue/private-paris-private-10_958/index.html
2026-10-06 22:19:32,330 | INFO | scrapers.base_scraper | Request: https://books.toscrape.com/catalogue/higherselfie-wake-up-your-life-free-your-soul-find-your-tribe_957/index.html
2026-10-06 22:19:33,333 | INFO | scrapers.base_scraper | Request: https://books.toscrape.com/catalogue/without-borders-wanderlove-1_956/index.html
2026-10-06 22:19:34,092 | INFO | scrapers.base_scraper | Request: https://books.toscrape.com/catalogue/when-we-collided_955/index.html
2026-10-06 22:19:34,859 | INFO | scrapers.base_scraper | Request: https://books.toscrape.com/catalogue/we-love-you-charlie-freeman_954/index.html
2026-10-06 22:19:35,864 | INFO | scrapers.base_scraper | Request: https://books.toscrape.com/catalogue/untitled-collection-sabbath-poems-2014_953/index.html
2026-10-06 22:19:36,871 | INFO | scrapers.base_scraper | Request: https://books.toscrape.com/catalogue/unseen-city-the-majesty-of-pigeons-the-discreet-charm-of-snails-other-wonders-of-the-urban-wilderness_952/index.html
2026-10-06 22:19:37,890 | INFO | scrapers.base_scraper | Request: https://books.toscrape.com/catalogue/unicorn-tracks_951/index.html
2026-10-06 22:19:38,648 | INFO | scrapers.base_scraper | Request: https://books.toscrape.com/catalogue/unbound-how-eight-technologies-made-us-human-transformed-society-and-brought-our-world-to-the-brink_950/index.html
2026-10-06 22:19:39,405 | INFO | scrapers.base_scraper | Request: https://books.toscrape.com/catalogue/tsubasa-world-chronicle-2-tsubasa-world-chronicle-2_949/index.html
2026-10-06 22:19:40,174 | INFO | scrapers.base_scraper | Request: https://books.toscrape.com/catalogue/throwing-rocks-at-the-google-bus-how-growth-became-the-enemy-of-prosperity_948/index.html
2026-10-06 22:19:41,179 | INFO | scrapers.base_scraper | Request: https://books.toscrape.com/catalogue/this-one-summer_947/index.html
2026-10-06 22:19:41,941 | INFO | scrapers.base_scraper | Request: https://books.toscrape.com/catalogue/thirst_946/index.html
2026-10-06 22:19:42,946 | INFO | scrapers.base_scraper | Request: https://books.toscrape.com/catalogue/the-torch-is-passed-a-harding-family-story_945/index.html
2026-10-06 22:19:43,948 | INFO | scrapers.base_scraper | Request: https://books.toscrape.com/catalogue/the-secret-of-dreadwillow-carse_944/index.html
2026-10-06 22:19:44,705 | INFO | scrapers.base_scraper | Request: https://books.toscrape.com/catalogue/the-pioneer-woman-cooks-dinnertime-comfort-classics-freezer-food-16-minute-meals-and-other-delicious-ways-to-solve-supper_943/index.html
2026-10-06 22:19:45,721 | INFO | scrapers.base_scraper | Request: https://books.toscrape.com/catalogue/the-past-never-ends_942/index.html
2026-10-06 22:19:46,480 | INFO | scrapers.base_scraper | Request: https://books.toscrape.com/catalogue/the-natural-history-of-us-the-fine-art-of-pretending-2_941/index.html
2026-10-06 22:19:47,239 | INFO | scrapers.books_scraper | Books page 3 parsed: 20 records
2026-10-06 22:19:47,263 | INFO | scrapers.books_scraper | Books page 4: https://books.toscrape.com/catalogue/page-4.html
2026-10-06 22:19:47,263 | INFO | scrapers.base_scraper | Request: https://books.toscrape.com/catalogue/page-4.html
2026-10-06 22:19:48,276 | INFO | scrapers.base_scraper | Request: https://books.toscrape.com/catalogue/the-nameless-city-the-nameless-city-1_940/index.html
2026-10-06 22:19:49,046 | INFO | scrapers.base_scraper | Request: https://books.toscrape.com/catalogue/the-murder-that-never-was-forensic-instincts-5_939/index.html
2026-10-06 22:19:49,806 | INFO | scrapers.base_scraper | Request: https://books.toscrape.com/catalogue/the-most-perfect-thing-inside-and-outside-a-birds-egg_938/index.html
2026-10-06 22:19:50,563 | INFO | scrapers.base_scraper | Request: https://books.toscrape.com/catalogue/the-mindfulness-and-acceptance-workbook-for-anxiety-a-guide-to-breaking-free-from-anxiety-phobias-and-worry-using-acceptance-and-commitment-therapy_937/index.html
2026-10-06 22:19:51,576 | INFO | scrapers.base_scraper | Request: https://books.toscrape.com/catalogue/the-life-changing-magic-of-tidying-up-the-japanese-art-of-decluttering-and-organizing_936/index.html
2026-10-06 22:19:52,335 | INFO | scrapers.base_scraper | Request: https://books.toscrape.com/catalogue/the-inefficiency-assassin-time-management-tactics-for-working-smarter-not-longer_935/index.html
2026-10-06 22:19:53,094 | INFO | scrapers.base_scraper | Request: https://books.toscrape.com/catalogue/the-gutsy-girl-escapades-for-your-life-of-epic-adventure_934/index.html
2026-10-06 22:19:54,099 | INFO | scrapers.base_scraper | Request: https://books.toscrape.com/catalogue/the-electric-pencil-drawings-from-inside-state-hospital-no-3_933/index.html
2026-10-06 22:19:54,853 | INFO | scrapers.base_scraper | Request: https://books.toscrape.com/catalogue/the-death-of-humanity-and-the-case-for-life_932/index.html
2026-10-06 22:19:55,619 | INFO | scrapers.base_scraper | Request: https://books.toscrape.com/catalogue/the-bulletproof-diet-lose-up-to-a-pound-a-day-reclaim-energy-and-focus-upgrade-your-life_931/index.html
2026-10-06 22:19:56,623 | INFO | scrapers.base_scraper | Request: https://books.toscrape.com/catalogue/the-art-forger_930/index.html
2026-10-06 22:19:57,389 | INFO | scrapers.base_scraper | Request: https://books.toscrape.com/catalogue/the-age-of-genius-the-seventeenth-century-and-the-birth-of-the-modern-mind_929/index.html
2026-10-06 22:19:58,152 | INFO | scrapers.base_scraper | Request: https://books.toscrape.com/catalogue/the-activists-tao-te-ching-ancient-advice-for-a-modern-revolution_928/index.html
2026-10-06 22:19:58,911 | INFO | scrapers.base_scraper | Request: https://books.toscrape.com/catalogue/spark-joy-an-illustrated-master-class-on-the-art-of-organizing-and-tidying-up_927/index.html
2026-10-06 22:19:59,916 | INFO | scrapers.base_scraper | Request: https://books.toscrape.com/catalogue/soul-reader_926/index.html
2026-10-06 22:20:00,673 | INFO | scrapers.base_scraper | Request: https://books.toscrape.com/catalogue/security_925/index.html
2026-10-06 22:20:01,709 | INFO | scrapers.base_scraper | Request: https://books.toscrape.com/catalogue/saga-volume-6-saga-collected-editions-6_924/index.html
2026-10-06 22:20:02,473 | INFO | scrapers.base_scraper | Request: https://books.toscrape.com/catalogue/saga-volume-5-saga-collected-editions-5_923/index.html
2026-10-06 22:20:03,234 | INFO | scrapers.base_scraper | Request: https://books.toscrape.com/catalogue/reskilling-america-learning-to-labor-in-the-twenty-first-century_922/index.html
2026-10-06 22:20:04,240 | INFO | scrapers.base_scraper | Request: https://books.toscrape.com/catalogue/rat-queens-vol-3-demons-rat-queens-collected-editions-11-15_921/index.html
2026-10-06 22:20:04,998 | INFO | scrapers.books_scraper | Books page 4 parsed: 20 records
2026-10-06 22:20:05,024 | INFO | scrapers.books_scraper | Books page 5: https://books.toscrape.com/catalogue/page-5.html
2026-10-06 22:20:05,024 | INFO | scrapers.base_scraper | Request: https://books.toscrape.com/catalogue/page-5.html
2026-10-06 22:20:06,042 | INFO | scrapers.base_scraper | Request: https://books.toscrape.com/catalogue/princess-jellyfish-2-in-1-omnibus-vol-01-princess-jellyfish-2-in-1-omnibus-1_920/index.html
2026-10-06 22:20:06,801 | INFO | scrapers.base_scraper | Request: https://books.toscrape.com/catalogue/princess-between-worlds-wide-awake-princess-5_919/index.html
2026-10-06 22:20:07,564 | INFO | scrapers.base_scraper | Request: https://books.toscrape.com/catalogue/pop-gun-war-volume-1-gift_918/index.html
2026-10-06 22:20:08,566 | INFO | scrapers.base_scraper | Request: https://books.toscrape.com/catalogue/political-suicide-missteps-peccadilloes-bad-calls-backroom-hijinx-sordid-pasts-rotten-breaks-and-just-plain-dumb-mistakes-in-the-annals-of-american-politics_917/index.html
2026-10-06 22:20:09,569 | INFO | scrapers.base_scraper | Request: https://books.toscrape.com/catalogue/patience_916/index.html
2026-10-06 22:20:10,329 | INFO | scrapers.base_scraper | Request: https://books.toscrape.com/catalogue/outcast-vol-1-a-darkness-surrounds-him-outcast-1_915/index.html
2026-10-06 22:20:11,089 | INFO | scrapers.base_scraper | Request: https://books.toscrape.com/catalogue/orange-the-complete-collection-1-orange-the-complete-collection-1_914/index.html
2026-10-06 22:20:12,094 | INFO | scrapers.base_scraper | Request: https://books.toscrape.com/catalogue/online-marketing-for-busy-authors-a-step-by-step-guide_913/index.html
2026-10-06 22:20:13,098 | INFO | scrapers.base_scraper | Request: https://books.toscrape.com/catalogue/on-a-midnight-clear_912/index.html
2026-10-06 22:20:14,104 | INFO | scrapers.base_scraper | Request: https://books.toscrape.com/catalogue/obsidian-lux-1_911/index.html
2026-10-06 22:20:15,108 | INFO | scrapers.base_scraper | Request: https://books.toscrape.com/catalogue/my-paris-kitchen-recipes-and-stories_910/index.html
2026-10-06 22:20:16,110 | INFO | scrapers.base_scraper | Request: https://books.toscrape.com/catalogue/masks-and-shadows_909/index.html
2026-10-06 22:20:16,890 | INFO | scrapers.base_scraper | Request: https://books.toscrape.com/catalogue/mama-tried-traditional-italian-cooking-for-the-screwed-crude-vegan-and-tattooed_908/index.html
2026-10-06 22:20:17,895 | INFO | scrapers.base_scraper | Request: https://books.toscrape.com/catalogue/lumberjanes-vol-2-friendship-to-the-max-lumberjanes-5-8_907/index.html
2026-10-06 22:20:18,661 | INFO | scrapers.base_scraper | Request: https://books.toscrape.com/catalogue/lumberjanes-vol-1-beware-the-kitten-holy-lumberjanes-1-4_906/index.html
2026-10-06 22:20:19,424 | INFO | scrapers.base_scraper | Request: https://books.toscrape.com/catalogue/lumberjanes-vol-3-a-terrible-plan-lumberjanes-9-12_905/index.html
2026-10-06 22:20:20,180 | INFO | scrapers.base_scraper | Request: https://books.toscrape.com/catalogue/layered-baking-building-and-styling-spectacular-cakes_904/index.html
2026-10-06 22:20:21,181 | INFO | scrapers.base_scraper | Request: https://books.toscrape.com/catalogue/judo-seven-steps-to-black-belt-an-introductory-guide-for-beginners_903/index.html
2026-10-06 22:20:21,943 | INFO | scrapers.base_scraper | Request: https://books.toscrape.com/catalogue/join_902/index.html
2026-10-06 22:20:22,946 | INFO | scrapers.base_scraper | Request: https://books.toscrape.com/catalogue/in-the-country-we-love-my-family-divided_901/index.html
2026-10-06 22:20:23,954 | INFO | scrapers.books_scraper | Books page 5 parsed: 20 records
2026-10-06 22:20:23,978 | INFO | scrapers.books_scraper | Books page 6: https://books.toscrape.com/catalogue/page-6.html
2026-10-06 22:20:23,978 | INFO | scrapers.base_scraper | Request: https://books.toscrape.com/catalogue/page-6.html
2026-10-06 22:20:24,993 | INFO | scrapers.base_scraper | Request: https://books.toscrape.com/catalogue/immunity-how-elie-metchnikoff-changed-the-course-of-modern-medicine_900/index.html
2026-10-06 22:20:25,756 | INFO | scrapers.base_scraper | Request: https://books.toscrape.com/catalogue/i-hate-fairyland-vol-1-madly-ever-after-i-hate-fairyland-compilations-1-5_899/index.html
2026-10-06 22:20:26,524 | INFO | scrapers.base_scraper | Request: https://books.toscrape.com/catalogue/i-am-a-hero-omnibus-volume-1_898/index.html
2026-10-06 22:20:27,274 | INFO | scrapers.base_scraper | Request: https://books.toscrape.com/catalogue/how-to-be-miserable-40-strategies-you-already-use_897/index.html
2026-10-06 22:20:28,283 | INFO | scrapers.base_scraper | Request: https://books.toscrape.com/catalogue/her-backup-boyfriend-the-sorensen-family-1_896/index.html
2026-10-06 22:20:29,040 | INFO | scrapers.base_scraper | Request: https://books.toscrape.com/catalogue/giant-days-vol-2-giant-days-5-8_895/index.html
2026-10-06 22:20:30,048 | INFO | scrapers.base_scraper | Request: https://books.toscrape.com/catalogue/forever-and-forever-the-courtship-of-henry-longfellow-and-fanny-appleton_894/index.html
2026-10-06 22:20:31,050 | INFO | scrapers.base_scraper | Request: https://books.toscrape.com/catalogue/first-and-first-five-boroughs-3_893/index.html
2026-10-06 22:20:32,056 | INFO | scrapers.base_scraper | Request: https://books.toscrape.com/catalogue/fifty-shades-darker-fifty-shades-2_892/index.html
2026-10-06 22:20:33,056 | INFO | scrapers.base_scraper | Request: https://books.toscrape.com/catalogue/everydata-the-misinformation-hidden-in-the-little-data-you-consume-every-day_891/index.html
2026-10-06 22:20:34,064 | INFO | scrapers.base_scraper | Request: https://books.toscrape.com/catalogue/dont-be-a-jerk-and-other-practical-advice-from-dogen-japans-greatest-zen-master_890/index.html
2026-10-06 22:20:35,067 | INFO | scrapers.base_scraper | Request: https://books.toscrape.com/catalogue/danganronpa-volume-1_889/index.html
2026-10-06 22:20:35,824 | INFO | scrapers.base_scraper | Request: https://books.toscrape.com/catalogue/crown-of-midnight-throne-of-glass-2_888/index.html
2026-10-06 22:20:36,588 | INFO | scrapers.base_scraper | Request: https://books.toscrape.com/catalogue/codename-baboushka-volume-1-the-conclave-of-death_887/index.html
2026-10-06 22:20:37,589 | INFO | scrapers.base_scraper | Request: https://books.toscrape.com/catalogue/camp-midnight_886/index.html
2026-10-06 22:20:38,349 | INFO | scrapers.base_scraper | Request: https://books.toscrape.com/catalogue/call-the-nurse-true-stories-of-a-country-nurse-on-a-scottish-isle_885/index.html
2026-10-06 22:20:39,355 | INFO | scrapers.base_scraper | Request: https://books.toscrape.com/catalogue/burning_884/index.html
2026-10-06 22:20:40,112 | INFO | scrapers.base_scraper | Request: https://books.toscrape.com/catalogue/bossypants_883/index.html
2026-10-06 22:20:41,125 | INFO | scrapers.base_scraper | Request: https://books.toscrape.com/catalogue/bitch-planet-vol-1-extraordinary-machine-bitch-planet-collected-editions_882/index.html
2026-10-06 22:20:41,889 | INFO | scrapers.base_scraper | Request: https://books.toscrape.com/catalogue/avatar-the-last-airbender-smoke-and-shadow-part-3-smoke-and-shadow-3_881/index.html
2026-10-06 22:20:42,648 | INFO | scrapers.books_scraper | Books page 6 parsed: 20 records
2026-10-06 22:20:42,675 | INFO | scrapers.books_scraper | Books page 7: https://books.toscrape.com/catalogue/page-7.html
2026-10-06 22:20:42,675 | INFO | scrapers.base_scraper | Request: https://books.toscrape.com/catalogue/page-7.html
2026-10-06 22:20:43,689 | INFO | scrapers.base_scraper | Request: https://books.toscrape.com/catalogue/algorithms-to-live-by-the-computer-science-of-human-decisions_880/index.html
2026-10-06 22:20:44,447 | INFO | scrapers.base_scraper | Request: https://books.toscrape.com/catalogue/a-world-of-flavor-your-gluten-free-passport_879/index.html
2026-10-06 22:20:45,207 | INFO | scrapers.base_scraper | Request: https://books.toscrape.com/catalogue/a-piece-of-sky-a-grain-of-rice-a-memoir-in-four-meditations_878/index.html
2026-10-06 22:20:46,259 | INFO | scrapers.base_scraper | Request: https://books.toscrape.com/catalogue/a-murder-in-time_877/index.html
2026-10-06 22:20:47,016 | INFO | scrapers.base_scraper | Request: https://books.toscrape.com/catalogue/a-flight-of-arrows-the-pathfinders-2_876/index.html
2026-10-06 22:20:47,775 | INFO | scrapers.base_scraper | Request: https://books.toscrape.com/catalogue/a-fierce-and-subtle-poison_875/index.html
2026-10-06 22:20:48,531 | INFO | scrapers.base_scraper | Request: https://books.toscrape.com/catalogue/a-court-of-thorns-and-roses-a-court-of-thorns-and-roses-1_874/index.html
2026-10-06 22:20:49,292 | INFO | scrapers.base_scraper | Request: https://books.toscrape.com/catalogue/unqualified-how-god-uses-broken-people-to-do-big-things_873/index.html
2026-10-06 22:20:50,297 | INFO | scrapers.base_scraper | Request: https://books.toscrape.com/catalogue/you-are-what-you-love-the-spiritual-power-of-habit_872/index.html
2026-10-06 22:20:51,056 | INFO | scrapers.base_scraper | Request: https://books.toscrape.com/catalogue/william-shakespeares-star-wars-verily-a-new-hope-william-shakespeares-star-wars-4_871/index.html
2026-10-06 22:20:51,824 | INFO | scrapers.base_scraper | Request: https://books.toscrape.com/catalogue/tuesday-nights-in-1980_870/index.html
2026-10-06 22:20:52,829 | INFO | scrapers.base_scraper | Request: https://books.toscrape.com/catalogue/tracing-numbers-on-a-train_869/index.html
2026-10-06 22:20:53,588 | INFO | scrapers.base_scraper | Request: https://books.toscrape.com/catalogue/throne-of-glass-throne-of-glass-1_868/index.html
2026-10-06 22:20:54,589 | INFO | scrapers.base_scraper | Request: https://books.toscrape.com/catalogue/thomas-jefferson-and-the-tripoli-pirates-the-forgotten-war-that-changed-american-history_867/index.html
2026-10-06 22:20:55,595 | INFO | scrapers.base_scraper | Request: https://books.toscrape.com/catalogue/thirteen-reasons-why_866/index.html
2026-10-06 22:20:56,355 | INFO | scrapers.base_scraper | Request: https://books.toscrape.com/catalogue/the-white-cat-and-the-monk-a-retelling-of-the-poem-pangur-ban_865/index.html
2026-10-06 22:20:57,363 | INFO | scrapers.base_scraper | Request: https://books.toscrape.com/catalogue/the-wedding-dress_864/index.html
2026-10-06 22:20:58,360 | INFO | scrapers.base_scraper | Request: https://books.toscrape.com/catalogue/the-vacationers_863/index.html
2026-10-06 22:20:59,364 | INFO | scrapers.base_scraper | Request: https://books.toscrape.com/catalogue/the-third-wave-an-entrepreneurs-vision-of-the-future_862/index.html
2026-10-06 22:21:00,372 | INFO | scrapers.base_scraper | Request: https://books.toscrape.com/catalogue/the-stranger_861/index.html
2026-10-06 22:21:01,137 | INFO | scrapers.books_scraper | Books page 7 parsed: 20 records
2026-10-06 22:21:01,155 | INFO | scrapers.books_scraper | Books page 8: https://books.toscrape.com/catalogue/page-8.html
2026-10-06 22:21:01,155 | INFO | scrapers.base_scraper | Request: https://books.toscrape.com/catalogue/page-8.html
2026-10-06 22:21:02,173 | INFO | scrapers.base_scraper | Request: https://books.toscrape.com/catalogue/the-shadow-hero-the-shadow-hero_860/index.html
2026-10-06 22:21:02,949 | INFO | scrapers.base_scraper | Request: https://books.toscrape.com/catalogue/the-secret-the-secret-1_859/index.html
2026-10-06 22:21:03,708 | INFO | scrapers.base_scraper | Request: https://books.toscrape.com/catalogue/the-regional-office-is-under-attack_858/index.html
2026-10-06 22:21:04,715 | INFO | scrapers.base_scraper | Request: https://books.toscrape.com/catalogue/the-psychopath-test-a-journey-through-the-madness-industry_857/index.html
2026-10-06 22:21:05,712 | INFO | scrapers.base_scraper | Request: https://books.toscrape.com/catalogue/the-project_856/index.html
2026-10-06 22:21:06,484 | INFO | scrapers.base_scraper | Request: https://books.toscrape.com/catalogue/the-power-of-now-a-guide-to-spiritual-enlightenment_855/index.html
2026-10-06 22:21:07,503 | INFO | scrapers.base_scraper | Request: https://books.toscrape.com/catalogue/the-omnivores-dilemma-a-natural-history-of-four-meals_854/index.html
2026-10-06 22:21:08,505 | INFO | scrapers.base_scraper | Request: https://books.toscrape.com/catalogue/the-nerdy-nummies-cookbook-sweet-treats-for-the-geek-in-all-of-us_853/index.html
2026-10-06 22:21:09,513 | INFO | scrapers.base_scraper | Request: https://books.toscrape.com/catalogue/the-murder-of-roger-ackroyd-hercule-poirot-4_852/index.html
2026-10-06 22:21:10,271 | INFO | scrapers.base_scraper | Request: https://books.toscrape.com/catalogue/the-mistake-off-campus-2_851/index.html
2026-10-06 22:21:11,031 | INFO | scrapers.base_scraper | Request: https://books.toscrape.com/catalogue/the-matchmakers-playbook-wingmen-inc-1_850/index.html
2026-10-06 22:21:11,792 | INFO | scrapers.base_scraper | Request: https://books.toscrape.com/catalogue/the-love-and-lemons-cookbook-an-apple-to-zucchini-celebration-of-impromptu-cooking_849/index.html
2026-10-06 22:21:12,802 | INFO | scrapers.base_scraper | Request: https://books.toscrape.com/catalogue/the-long-shadow-of-small-ghosts-murder-and-memory-in-an-american-city_848/index.html
2026-10-06 22:21:13,805 | INFO | scrapers.base_scraper | Request: https://books.toscrape.com/catalogue/the-kite-runner_847/index.html
2026-10-06 22:21:14,565 | INFO | scrapers.base_scraper | Request: https://books.toscrape.com/catalogue/the-house-by-the-lake_846/index.html
2026-10-06 22:21:15,325 | INFO | scrapers.base_scraper | Request: https://books.toscrape.com/catalogue/the-glittering-court-the-glittering-court-1_845/index.html
2026-10-06 22:21:16,084 | INFO | scrapers.base_scraper | Request: https://books.toscrape.com/catalogue/the-girl-on-the-train_844/index.html
2026-10-06 22:21:16,846 | INFO | scrapers.base_scraper | Request: https://books.toscrape.com/catalogue/the-genius-of-birds_843/index.html
2026-10-06 22:21:17,853 | INFO | scrapers.base_scraper | Request: https://books.toscrape.com/catalogue/the-emerald-mystery_842/index.html
2026-10-06 22:21:18,608 | INFO | scrapers.base_scraper | Request: https://books.toscrape.com/catalogue/the-cookies-cups-cookbook-125-sweet-savory-recipes-reminding-you-to-always-eat-dessert-first_841/index.html
2026-10-06 22:21:19,612 | INFO | scrapers.books_scraper | Books page 8 parsed: 20 records
2026-10-06 22:21:19,636 | INFO | scrapers.books_scraper | Books page 9: https://books.toscrape.com/catalogue/page-9.html
2026-10-06 22:21:19,636 | INFO | scrapers.base_scraper | Request: https://books.toscrape.com/catalogue/page-9.html
2026-10-06 22:21:20,656 | INFO | scrapers.base_scraper | Request: https://books.toscrape.com/catalogue/the-bridge-to-consciousness-im-writing-the-bridge-between-science-and-our-old-and-new-beliefs_840/index.html
2026-10-06 22:21:21,413 | INFO | scrapers.base_scraper | Request: https://books.toscrape.com/catalogue/the-artists-way-a-spiritual-path-to-higher-creativity_839/index.html
2026-10-06 22:21:22,175 | INFO | scrapers.base_scraper | Request: https://books.toscrape.com/catalogue/the-art-of-war_838/index.html
2026-10-06 22:21:23,174 | INFO | scrapers.base_scraper | Request: https://books.toscrape.com/catalogue/the-argonauts_837/index.html
2026-10-06 22:21:23,941 | INFO | scrapers.base_scraper | Request: https://books.toscrape.com/catalogue/the-10-entrepreneur-live-your-startup-dream-without-quitting-your-day-job_836/index.html
2026-10-06 22:21:24,967 | INFO | scrapers.base_scraper | Request: https://books.toscrape.com/catalogue/suddenly-in-love-lake-haven-1_835/index.html
2026-10-06 22:21:25,745 | INFO | scrapers.base_scraper | Request: https://books.toscrape.com/catalogue/something-more-than-this_834/index.html
2026-10-06 22:21:26,507 | INFO | scrapers.base_scraper | Request: https://books.toscrape.com/catalogue/soft-apocalypse_833/index.html
2026-10-06 22:21:27,516 | INFO | scrapers.base_scraper | Request: https://books.toscrape.com/catalogue/so-youve-been-publicly-shamed_832/index.html
2026-10-06 22:21:28,523 | INFO | scrapers.base_scraper | Request: https://books.toscrape.com/catalogue/shoe-dog-a-memoir-by-the-creator-of-nike_831/index.html
2026-10-06 22:21:29,525 | INFO | scrapers.base_scraper | Request: https://books.toscrape.com/catalogue/shobu-samurai-project-aryoku-3_830/index.html
2026-10-06 22:21:30,291 | INFO | scrapers.base_scraper | Request: https://books.toscrape.com/catalogue/secrets-and-lace-fatal-hearts-1_829/index.html
2026-10-06 22:21:31,293 | INFO | scrapers.base_scraper | Request: https://books.toscrape.com/catalogue/scarlett-epstein-hates-it-here_828/index.html
2026-10-06 22:21:32,053 | INFO | scrapers.base_scraper | Request: https://books.toscrape.com/catalogue/romero-and-juliet-a-tragic-tale-of-love-and-zombies_827/index.html
2026-10-06 22:21:33,058 | INFO | scrapers.base_scraper | Request: https://books.toscrape.com/catalogue/redeeming-love_826/index.html
2026-10-06 22:21:34,059 | INFO | scrapers.base_scraper | Request: https://books.toscrape.com/catalogue/poses-for-artists-volume-1-dynamic-and-sitting-poses-an-essential-reference-for-figure-drawing-and-the-human-form_825/index.html
2026-10-06 22:21:34,858 | INFO | scrapers.base_scraper | Request: https://books.toscrape.com/catalogue/poems-that-make-grown-women-cry_824/index.html
2026-10-06 22:21:35,873 | INFO | scrapers.base_scraper | Request: https://books.toscrape.com/catalogue/nightingale-sing_823/index.html
2026-10-06 22:21:36,633 | INFO | scrapers.base_scraper | Request: https://books.toscrape.com/catalogue/night-sky-with-exit-wounds_822/index.html
2026-10-06 22:21:37,394 | INFO | scrapers.base_scraper | Request: https://books.toscrape.com/catalogue/mrs-houdini_821/index.html
2026-10-06 22:21:38,400 | INFO | scrapers.books_scraper | Books page 9 parsed: 20 records
2026-10-06 22:21:38,424 | INFO | scrapers.books_scraper | Books page 10: https://books.toscrape.com/catalogue/page-10.html
2026-10-06 22:21:38,424 | INFO | scrapers.base_scraper | Request: https://books.toscrape.com/catalogue/page-10.html
2026-10-06 22:21:39,442 | INFO | scrapers.base_scraper | Request: https://books.toscrape.com/catalogue/modern-romance_820/index.html
2026-10-06 22:21:40,199 | INFO | scrapers.base_scraper | Request: https://books.toscrape.com/catalogue/miss-peregrines-home-for-peculiar-children-miss-peregrines-peculiar-children-1_819/index.html
2026-10-06 22:21:40,967 | INFO | scrapers.base_scraper | Request: https://books.toscrape.com/catalogue/louisa-the-extraordinary-life-of-mrs-adams_818/index.html
2026-10-06 22:21:41,729 | INFO | scrapers.base_scraper | Request: https://books.toscrape.com/catalogue/little-red_817/index.html
2026-10-06 22:21:42,485 | INFO | scrapers.base_scraper | Request: https://books.toscrape.com/catalogue/library-of-souls-miss-peregrines-peculiar-children-3_816/index.html
2026-10-06 22:21:43,242 | INFO | scrapers.base_scraper | Request: https://books.toscrape.com/catalogue/large-print-heart-of-the-pride_815/index.html
2026-10-06 22:21:44,007 | INFO | scrapers.base_scraper | Request: https://books.toscrape.com/catalogue/i-had-a-nice-time-and-other-lies-how-to-find-love-sht-like-that_814/index.html
2026-10-06 22:21:44,766 | INFO | scrapers.base_scraper | Request: https://books.toscrape.com/catalogue/hollow-city-miss-peregrines-peculiar-children-2_813/index.html
2026-10-06 22:21:45,534 | INFO | scrapers.base_scraper | Request: https://books.toscrape.com/catalogue/grumbles_812/index.html
2026-10-06 22:21:46,291 | INFO | scrapers.base_scraper | Request: https://books.toscrape.com/catalogue/full-moon-over-noahs-ark-an-odyssey-to-mount-ararat-and-beyond_811/index.html
2026-10-06 22:21:47,297 | INFO | scrapers.base_scraper | Request: https://books.toscrape.com/catalogue/frostbite-vampire-academy-2_810/index.html
2026-10-06 22:21:48,300 | INFO | scrapers.base_scraper | Request: https://books.toscrape.com/catalogue/follow-you-home_809/index.html
2026-10-06 22:21:49,298 | INFO | scrapers.base_scraper | Request: https://books.toscrape.com/catalogue/first-steps-for-new-christians-print-edition_808/index.html
2026-10-06 22:21:50,308 | INFO | scrapers.base_scraper | Request: https://books.toscrape.com/catalogue/finders-keepers-bill-hodges-trilogy-2_807/index.html
2026-10-06 22:21:51,391 | INFO | scrapers.base_scraper | Request: https://books.toscrape.com/catalogue/fables-vol-1-legends-in-exile-fables-1_806/index.html
2026-10-06 22:21:52,149 | INFO | scrapers.base_scraper | Request: https://books.toscrape.com/catalogue/eureka-trivia-60_805/index.html
2026-10-06 22:21:53,156 | INFO | scrapers.base_scraper | Request: https://books.toscrape.com/catalogue/drive-the-surprising-truth-about-what-motivates-us_804/index.html
2026-10-06 22:21:54,175 | INFO | scrapers.base_scraper | Request: https://books.toscrape.com/catalogue/done-rubbed-out-reightman-bailey-1_803/index.html
2026-10-06 22:21:55,180 | INFO | scrapers.base_scraper | Request: https://books.toscrape.com/catalogue/doing-it-over-most-likely-to-1_802/index.html
2026-10-06 22:21:55,947 | INFO | scrapers.base_scraper | Request: https://books.toscrape.com/catalogue/deliciously-ella-every-day-quick-and-easy-recipes-for-gluten-free-snacks-packed-lunches-and-simple-meals_801/index.html
2026-10-06 22:21:56,953 | INFO | scrapers.books_scraper | Books page 10 parsed: 20 records
2026-10-06 22:21:56,967 | INFO | scrapers.books_scraper | Books page 11: https://books.toscrape.com/catalogue/page-11.html
2026-10-06 22:21:56,967 | INFO | scrapers.base_scraper | Request: https://books.toscrape.com/catalogue/page-11.html
2026-10-06 22:21:57,993 | INFO | scrapers.base_scraper | Request: https://books.toscrape.com/catalogue/dark-notes_800/index.html
2026-10-06 22:21:58,753 | INFO | scrapers.base_scraper | Request: https://books.toscrape.com/catalogue/daring-greatly-how-the-courage-to-be-vulnerable-transforms-the-way-we-live-love-parent-and-lead_799/index.html
2026-10-06 22:23:48,368 | INFO | scrapers.base_scraper | Request: https://books.toscrape.com/catalogue/close-to-you_798/index.html
2026-10-06 22:23:51,838 | INFO | scrapers.base_scraper | Request: https://books.toscrape.com/catalogue/chasing-heaven-what-dying-taught-me-about-living_797/index.html
2026-10-06 22:23:52,973 | INFO | scrapers.base_scraper | Request: https://books.toscrape.com/catalogue/big-magic-creative-living-beyond-fear_796/index.html
2026-10-06 22:23:53,918 | INFO | scrapers.base_scraper | Request: https://books.toscrape.com/catalogue/becoming-wise-an-inquiry-into-the-mystery-and-art-of-living_795/index.html
2026-10-06 22:23:55,001 | INFO | scrapers.base_scraper | Request: https://books.toscrape.com/catalogue/beauty-restored-riley-family-legacy-novellas-3_794/index.html
2026-10-06 22:23:55,774 | INFO | scrapers.base_scraper | Request: https://books.toscrape.com/catalogue/batman-the-long-halloween-batman_793/index.html
2026-10-06 22:23:56,545 | INFO | scrapers.base_scraper | Request: https://books.toscrape.com/catalogue/batman-the-dark-knight-returns-batman_792/index.html
2026-10-06 22:23:57,569 | INFO | scrapers.base_scraper | Request: https://books.toscrape.com/catalogue/ayumis-violin_791/index.html
2026-10-06 22:23:58,336 | INFO | scrapers.base_scraper | Request: https://books.toscrape.com/catalogue/anonymous_790/index.html
2026-10-06 22:23:59,366 | INFO | scrapers.base_scraper | Request: https://books.toscrape.com/catalogue/amy-meets-the-saints-and-sages_789/index.html
2026-10-06 22:24:00,381 | INFO | scrapers.base_scraper | Request: https://books.toscrape.com/catalogue/amid-the-chaos_788/index.html
2026-10-06 22:24:01,408 | INFO | scrapers.base_scraper | Request: https://books.toscrape.com/catalogue/amatus_787/index.html
2026-10-06 22:24:02,185 | INFO | scrapers.base_scraper | Request: https://books.toscrape.com/catalogue/agnostic-a-spirited-manifesto_786/index.html
2026-10-06 22:24:03,209 | INFO | scrapers.base_scraper | Request: https://books.toscrape.com/catalogue/zealot-the-life-and-times-of-jesus-of-nazareth_785/index.html
2026-10-06 22:24:04,236 | INFO | scrapers.base_scraper | Request: https://books.toscrape.com/catalogue/you-you-1_784/index.html
2026-10-06 22:24:04,995 | INFO | scrapers.base_scraper | Request: https://books.toscrape.com/catalogue/wonder-woman-earth-one-volume-one-wonder-woman-earth-one-1_783/index.html
2026-10-06 22:24:06,027 | INFO | scrapers.base_scraper | Request: https://books.toscrape.com/catalogue/wild-swans_782/index.html
2026-10-06 22:24:06,788 | INFO | scrapers.base_scraper | Request: https://books.toscrape.com/catalogue/why-the-right-went-wrong-conservatism-from-goldwater-to-the-tea-party-and-beyond_781/index.html
2026-10-06 22:24:07,811 | INFO | scrapers.books_scraper | Books page 11 parsed: 20 records
2026-10-06 22:24:07,847 | INFO | scrapers.books_scraper | Books page 12: https://books.toscrape.com/catalogue/page-12.html
2026-10-06 22:24:07,847 | INFO | scrapers.base_scraper | Request: https://books.toscrape.com/catalogue/page-12.html
2026-10-06 22:24:08,869 | INFO | scrapers.base_scraper | Request: https://books.toscrape.com/catalogue/whole-lotta-creativity-going-on-60-fun-and-unusual-exercises-to-awaken-and-strengthen-your-creativity_780/index.html
2026-10-06 22:24:09,650 | INFO | scrapers.base_scraper | Request: https://books.toscrape.com/catalogue/whats-it-like-in-space-stories-from-astronauts-whove-been-there_779/index.html
2026-10-06 22:24:10,411 | INFO | scrapers.base_scraper | Request: https://books.toscrape.com/catalogue/we-are-robin-vol-1-the-vigilante-business-we-are-robin-1_778/index.html
2026-10-06 22:24:11,220 | INFO | scrapers.base_scraper | Request: https://books.toscrape.com/catalogue/walt-disneys-alice-in-wonderland_777/index.html
2026-10-06 22:24:12,239 | INFO | scrapers.base_scraper | Request: https://books.toscrape.com/catalogue/v-for-vendetta-v-for-vendetta-complete_776/index.html
2026-10-06 22:24:13,017 | INFO | scrapers.base_scraper | Request: https://books.toscrape.com/catalogue/until-friday-night-the-field-party-1_775/index.html
2026-10-06 22:24:14,028 | INFO | scrapers.base_scraper | Request: https://books.toscrape.com/catalogue/unbroken-a-world-war-ii-story-of-survival-resilience-and-redemption_774/index.html
2026-10-06 22:24:15,054 | INFO | scrapers.base_scraper | Request: https://books.toscrape.com/catalogue/twenty-yawns_773/index.html
2026-10-06 22:24:15,842 | INFO | scrapers.base_scraper | Request: https://books.toscrape.com/catalogue/through-the-woods_772/index.html
2026-10-06 22:24:16,613 | INFO | scrapers.base_scraper | Request: https://books.toscrape.com/catalogue/this-is-where-it-ends_771/index.html
2026-10-06 22:24:17,630 | INFO | scrapers.base_scraper | Request: https://books.toscrape.com/catalogue/the-year-of-magical-thinking_770/index.html
2026-10-06 22:24:18,648 | INFO | scrapers.base_scraper | Request: https://books.toscrape.com/catalogue/the-wright-brothers_769/index.html
2026-10-06 22:24:19,672 | INFO | scrapers.base_scraper | Request: https://books.toscrape.com/catalogue/the-white-queen-the-cousins-war-1_768/index.html
2026-10-06 22:24:20,690 | INFO | scrapers.base_scraper | Request: https://books.toscrape.com/catalogue/the-wedding-pact-the-omalleys-2_767/index.html
2026-10-06 22:24:21,457 | INFO | scrapers.base_scraper | Request: https://books.toscrape.com/catalogue/the-time-keeper_766/index.html
2026-10-06 22:24:22,485 | INFO | scrapers.base_scraper | Request: https://books.toscrape.com/catalogue/the-testament-of-mary_765/index.html
2026-10-06 22:24:23,504 | INFO | scrapers.base_scraper | Request: https://books.toscrape.com/catalogue/the-star-touched-queen_764/index.html
2026-10-06 22:24:24,528 | INFO | scrapers.base_scraper | Request: https://books.toscrape.com/catalogue/the-songs-of-the-gods_763/index.html
2026-10-06 22:24:25,295 | INFO | scrapers.base_scraper | Request: https://books.toscrape.com/catalogue/the-song-of-achilles_762/index.html
2026-10-06 22:24:26,318 | INFO | scrapers.base_scraper | Request: https://books.toscrape.com/catalogue/the-rosie-project-don-tillman-1_761/index.html
2026-10-06 22:24:27,341 | INFO | scrapers.books_scraper | Books page 12 parsed: 20 records
2026-10-06 22:24:27,365 | INFO | scrapers.books_scraper | Books page 13: https://books.toscrape.com/catalogue/page-13.html
2026-10-06 22:24:27,365 | INFO | scrapers.base_scraper | Request: https://books.toscrape.com/catalogue/page-13.html
2026-10-06 22:24:28,398 | INFO | scrapers.base_scraper | Request: https://books.toscrape.com/catalogue/the-power-of-habit-why-we-do-what-we-do-in-life-and-business_760/index.html
2026-10-06 22:24:29,176 | INFO | scrapers.base_scraper | Request: https://books.toscrape.com/catalogue/the-marriage-of-opposites_759/index.html
2026-10-06 22:24:29,944 | INFO | scrapers.base_scraper | Request: https://books.toscrape.com/catalogue/the-lucifer-effect-understanding-how-good-people-turn-evil_758/index.html
2026-10-06 22:24:30,964 | INFO | scrapers.base_scraper | Request: https://books.toscrape.com/catalogue/the-long-haul-diary-of-a-wimpy-kid-9_757/index.html
2026-10-06 22:24:31,729 | INFO | scrapers.base_scraper | Request: https://books.toscrape.com/catalogue/the-loney_756/index.html
2026-10-06 22:24:32,748 | INFO | scrapers.base_scraper | Request: https://books.toscrape.com/catalogue/the-literature-book-big-ideas-simply-explained_755/index.html
2026-10-06 22:24:33,789 | INFO | scrapers.base_scraper | Request: https://books.toscrape.com/catalogue/the-last-mile-amos-decker-2_754/index.html
2026-10-06 22:24:34,808 | INFO | scrapers.base_scraper | Request: https://books.toscrape.com/catalogue/the-immortal-life-of-henrietta-lacks_753/index.html
2026-10-06 22:24:35,829 | INFO | scrapers.base_scraper | Request: https://books.toscrape.com/catalogue/the-hidden-oracle-the-trials-of-apollo-1_752/index.html
2026-10-06 22:24:36,843 | INFO | scrapers.base_scraper | Request: https://books.toscrape.com/catalogue/the-help-yourself-cookbook-for-kids-60-easy-plant-based-recipes-kids-can-make-to-stay-healthy-and-save-the-earth_751/index.html
2026-10-06 22:24:37,870 | INFO | scrapers.base_scraper | Request: https://books.toscrape.com/catalogue/the-guilty-will-robie-4_750/index.html
2026-10-06 22:24:38,881 | INFO | scrapers.base_scraper | Request: https://books.toscrape.com/catalogue/the-first-hostage-jb-collins-2_749/index.html
2026-10-06 22:24:39,662 | INFO | scrapers.base_scraper | Request: https://books.toscrape.com/catalogue/the-dovekeepers_748/index.html
2026-10-06 22:24:40,423 | INFO | scrapers.base_scraper | Request: https://books.toscrape.com/catalogue/the-darkest-lie_747/index.html
2026-10-06 22:24:41,200 | INFO | scrapers.base_scraper | Request: https://books.toscrape.com/catalogue/the-bane-chronicles-the-bane-chronicles-1-11_746/index.html
2026-10-06 22:24:41,969 | INFO | scrapers.base_scraper | Request: https://books.toscrape.com/catalogue/the-bad-ass-librarians-of-timbuktu-and-their-race-to-save-the-worlds-most-precious-manuscripts_745/index.html
2026-10-06 22:24:42,993 | INFO | scrapers.base_scraper | Request: https://books.toscrape.com/catalogue/the-14th-colony-cotton-malone-11_744/index.html
2026-10-06 22:24:43,753 | INFO | scrapers.base_scraper | Request: https://books.toscrape.com/catalogue/that-darkness-gardiner-and-renner-1_743/index.html
2026-10-06 22:24:44,523 | INFO | scrapers.base_scraper | Request: https://books.toscrape.com/catalogue/tastes-like-fear-di-marnie-rome-3_742/index.html
2026-10-06 22:24:45,303 | INFO | scrapers.base_scraper | Request: https://books.toscrape.com/catalogue/take-me-with-you_741/index.html
2026-10-06 22:24:46,063 | INFO | scrapers.books_scraper | Books page 13 parsed: 20 records
2026-10-06 22:24:46,092 | INFO | scrapers.books_scraper | Books page 14: https://books.toscrape.com/catalogue/page-14.html
2026-10-06 22:24:46,092 | INFO | scrapers.base_scraper | Request: https://books.toscrape.com/catalogue/page-14.html
2026-10-06 22:24:47,122 | INFO | scrapers.base_scraper | Request: https://books.toscrape.com/catalogue/swell-a-year-of-waves_740/index.html
2026-10-06 22:24:47,889 | INFO | scrapers.base_scraper | Request: https://books.toscrape.com/catalogue/superman-vol-1-before-truth-superman-by-gene-luen-yang-1_739/index.html
2026-10-06 22:24:48,922 | INFO | scrapers.base_scraper | Request: https://books.toscrape.com/catalogue/still-life-with-bread-crumbs_738/index.html
2026-10-06 22:24:49,689 | INFO | scrapers.base_scraper | Request: https://books.toscrape.com/catalogue/steve-jobs_737/index.html
2026-10-06 22:24:50,458 | INFO | scrapers.base_scraper | Request: https://books.toscrape.com/catalogue/sorting-the-beef-from-the-bull-the-science-of-food-fraud-forensics_736/index.html
2026-10-06 22:24:51,478 | INFO | scrapers.base_scraper | Request: https://books.toscrape.com/catalogue/someone-like-you-the-harrisons-2_735/index.html
2026-10-06 22:24:52,236 | INFO | scrapers.base_scraper | Request: https://books.toscrape.com/catalogue/so-cute-it-hurts-vol-6-so-cute-it-hurts-6_734/index.html
2026-10-06 22:24:53,026 | INFO | scrapers.base_scraper | Request: https://books.toscrape.com/catalogue/shtum_733/index.html
2026-10-06 22:24:53,800 | INFO | scrapers.base_scraper | Request: https://books.toscrape.com/catalogue/see-america-a-celebration-of-our-national-parks-treasured-sites_732/index.html
2026-10-06 22:24:54,560 | INFO | scrapers.base_scraper | Request: https://books.toscrape.com/catalogue/salt_731/index.html
2026-10-06 22:24:55,339 | INFO | scrapers.base_scraper | Request: https://books.toscrape.com/catalogue/robin-war_730/index.html
2026-10-06 22:24:56,101 | INFO | scrapers.base_scraper | Request: https://books.toscrape.com/catalogue/red-hoodarsenal-vol-1-open-for-business-red-hoodarsenal-1_729/index.html
2026-10-06 22:24:57,129 | INFO | scrapers.base_scraper | Request: https://books.toscrape.com/catalogue/rain-fish_728/index.html
2026-10-06 22:24:58,142 | INFO | scrapers.base_scraper | Request: https://books.toscrape.com/catalogue/quarter-life-poetry-poems-for-the-young-broke-and-hangry_727/index.html
2026-10-06 22:24:58,919 | INFO | scrapers.base_scraper | Request: https://books.toscrape.com/catalogue/pet-sematary_726/index.html
2026-10-06 22:24:59,682 | INFO | scrapers.base_scraper | Request: https://books.toscrape.com/catalogue/overload-how-to-unplug-unwind-and-unleash-yourself-from-the-pressure-of-stress_725/index.html
2026-10-06 22:25:00,749 | INFO | scrapers.base_scraper | Request: https://books.toscrape.com/catalogue/once-was-a-time_724/index.html
2026-10-06 22:25:01,526 | INFO | scrapers.base_scraper | Request: https://books.toscrape.com/catalogue/old-school-diary-of-a-wimpy-kid-10_723/index.html
2026-10-06 22:25:02,295 | INFO | scrapers.base_scraper | Request: https://books.toscrape.com/catalogue/no-dream-is-too-high-life-lessons-from-a-man-who-walked-on-the-moon_722/index.html
2026-10-06 22:25:03,305 | INFO | scrapers.base_scraper | Request: https://books.toscrape.com/catalogue/naruto-3-in-1-edition-vol-14-includes-vols-40-41-42-naruto-omnibus-14_721/index.html
2026-10-06 22:25:04,080 | INFO | scrapers.books_scraper | Books page 14 parsed: 20 records
2026-10-06 22:25:04,109 | INFO | scrapers.books_scraper | Books page 15: https://books.toscrape.com/catalogue/page-15.html
2026-10-06 22:25:04,109 | INFO | scrapers.base_scraper | Request: https://books.toscrape.com/catalogue/page-15.html
2026-10-06 22:25:05,142 | INFO | scrapers.base_scraper | Request: https://books.toscrape.com/catalogue/my-name-is-lucy-barton_720/index.html
2026-10-06 22:25:05,912 | INFO | scrapers.base_scraper | Request: https://books.toscrape.com/catalogue/my-mrs-brown_719/index.html
2026-10-06 22:25:06,924 | INFO | scrapers.base_scraper | Request: https://books.toscrape.com/catalogue/my-kind-of-crazy_718/index.html
2026-10-06 22:25:07,957 | INFO | scrapers.base_scraper | Request: https://books.toscrape.com/catalogue/mr-mercedes-bill-hodges-trilogy-1_717/index.html
2026-10-06 22:25:08,976 | INFO | scrapers.base_scraper | Request: https://books.toscrape.com/catalogue/more-than-music-chasing-the-dream-1_716/index.html
2026-10-06 22:25:09,742 | INFO | scrapers.base_scraper | Request: https://books.toscrape.com/catalogue/made-to-stick-why-some-ideas-survive-and-others-die_715/index.html
2026-10-06 22:25:10,755 | INFO | scrapers.base_scraper | Request: https://books.toscrape.com/catalogue/luis-paints-the-world_714/index.html
2026-10-06 22:25:11,531 | INFO | scrapers.base_scraper | Request: https://books.toscrape.com/catalogue/luckiest-girl-alive_713/index.html
2026-10-06 22:25:12,547 | INFO | scrapers.base_scraper | Request: https://books.toscrape.com/catalogue/lowriders-to-the-center-of-the-earth-lowriders-in-space-2_712/index.html
2026-10-06 22:25:13,576 | INFO | scrapers.base_scraper | Request: https://books.toscrape.com/catalogue/love-is-a-mix-tape-music-1_711/index.html
2026-10-06 22:25:14,588 | INFO | scrapers.base_scraper | Request: https://books.toscrape.com/catalogue/looking-for-lovely-collecting-the-moments-that-matter_710/index.html
2026-10-06 22:25:15,611 | INFO | scrapers.base_scraper | Request: https://books.toscrape.com/catalogue/living-leadership-by-insight-a-good-leader-achieves-a-great-leader-builds-monuments_709/index.html
2026-10-06 22:25:16,632 | INFO | scrapers.base_scraper | Request: https://books.toscrape.com/catalogue/let-it-out-a-journey-through-journaling_708/index.html
2026-10-06 22:25:17,650 | INFO | scrapers.base_scraper | Request: https://books.toscrape.com/catalogue/lady-midnight-the-dark-artifices-1_707/index.html
2026-10-06 22:25:18,682 | INFO | scrapers.base_scraper | Request: https://books.toscrape.com/catalogue/its-all-easy-healthy-delicious-weeknight-meals-in-under-30-minutes_706/index.html
2026-10-06 22:25:19,704 | INFO | scrapers.base_scraper | Request: https://books.toscrape.com/catalogue/island-of-dragons-unwanteds-7_705/index.html
2026-10-06 22:25:20,470 | INFO | scrapers.base_scraper | Request: https://books.toscrape.com/catalogue/i-know-what-im-doing-and-other-lies-i-tell-myself-dispatches-from-a-life-under-construction_704/index.html
2026-10-06 22:25:21,486 | INFO | scrapers.base_scraper | Request: https://books.toscrape.com/catalogue/i-am-pilgrim-pilgrim-1_703/index.html
2026-10-06 22:25:22,258 | INFO | scrapers.base_scraper | Request: https://books.toscrape.com/catalogue/hyperbole-and-a-half-unfortunate-situations-flawed-coping-mechanisms-mayhem-and-other-things-that-happened_702/index.html
2026-10-06 22:25:23,292 | INFO | scrapers.base_scraper | Request: https://books.toscrape.com/catalogue/hush-hush-hush-hush-1_701/index.html
2026-10-06 22:25:24,311 | INFO | scrapers.books_scraper | Books page 15 parsed: 20 records
2026-10-06 22:25:24,337 | INFO | scrapers.books_scraper | Books page 16: https://books.toscrape.com/catalogue/page-16.html
2026-10-06 22:25:24,337 | INFO | scrapers.base_scraper | Request: https://books.toscrape.com/catalogue/page-16.html
2026-10-06 22:25:25,390 | INFO | scrapers.base_scraper | Request: https://books.toscrape.com/catalogue/hold-your-breath-search-and-rescue-1_700/index.html
2026-10-06 22:25:26,150 | INFO | scrapers.base_scraper | Request: https://books.toscrape.com/catalogue/hamilton-the-revolution_699/index.html
2026-10-06 22:25:26,927 | INFO | scrapers.base_scraper | Request: https://books.toscrape.com/catalogue/greek-mythic-history_698/index.html
2026-10-06 22:25:27,686 | INFO | scrapers.base_scraper | Request: https://books.toscrape.com/catalogue/god-the-most-unpleasant-character-in-all-fiction_697/index.html
2026-10-06 22:25:28,465 | INFO | scrapers.base_scraper | Request: https://books.toscrape.com/catalogue/glory-over-everything-beyond-the-kitchen-house_696/index.html
2026-10-06 22:25:29,491 | INFO | scrapers.base_scraper | Request: https://books.toscrape.com/catalogue/feathers-displays-of-brilliant-plumage_695/index.html
2026-10-06 22:25:30,256 | INFO | scrapers.base_scraper | Request: https://books.toscrape.com/catalogue/far-away-places-on-the-brink-of-change-seven-continents-twenty-five-years_694/index.html
2026-10-06 22:25:31,280 | INFO | scrapers.base_scraper | Request: https://books.toscrape.com/catalogue/every-last-word_693/index.html
2026-10-06 22:25:32,041 | INFO | scrapers.base_scraper | Request: https://books.toscrape.com/catalogue/eligible-the-austen-project-4_692/index.html
2026-10-06 22:25:32,820 | INFO | scrapers.base_scraper | Request: https://books.toscrape.com/catalogue/el-deafo_691/index.html
2026-10-06 22:25:33,584 | INFO | scrapers.base_scraper | Request: https://books.toscrape.com/catalogue/eight-hundred-grapes_690/index.html
2026-10-06 22:25:34,357 | INFO | scrapers.base_scraper | Request: https://books.toscrape.com/catalogue/eaternity-more-than-150-deliciously-easy-vegan-recipes-for-a-long-healthy-satisfied-joyful-life_689/index.html
2026-10-06 22:25:35,376 | INFO | scrapers.base_scraper | Request: https://books.toscrape.com/catalogue/eat-fat-get-thin_688/index.html
2026-10-06 22:25:36,140 | INFO | scrapers.base_scraper | Request: https://books.toscrape.com/catalogue/dont-get-caught_687/index.html
2026-10-06 22:25:37,172 | INFO | scrapers.base_scraper | Request: https://books.toscrape.com/catalogue/doctor-sleep-the-shining-2_686/index.html
2026-10-06 22:25:38,191 | INFO | scrapers.base_scraper | Request: https://books.toscrape.com/catalogue/demigods-magicians-percy-and-annabeth-meet-the-kanes-percy-jackson-kane-chronicles-crossover-1-3_685/index.html
2026-10-06 22:25:38,960 | INFO | scrapers.base_scraper | Request: https://books.toscrape.com/catalogue/dear-mr-knightley_684/index.html
2026-10-06 22:25:40,059 | INFO | scrapers.base_scraper | Request: https://books.toscrape.com/catalogue/daily-fantasy-sports_683/index.html
2026-10-06 22:25:41,077 | INFO | scrapers.base_scraper | Request: https://books.toscrape.com/catalogue/crazy-love-overwhelmed-by-a-relentless-god_682/index.html
2026-10-06 22:25:41,857 | INFO | scrapers.base_scraper | Request: https://books.toscrape.com/catalogue/cometh-the-hour-the-clifton-chronicles-6_681/index.html
2026-10-06 22:25:42,623 | INFO | scrapers.books_scraper | Books page 16 parsed: 20 records
2026-10-06 22:25:42,648 | INFO | scrapers.books_scraper | Books page 17: https://books.toscrape.com/catalogue/page-17.html
2026-10-06 22:25:42,648 | INFO | scrapers.base_scraper | Request: https://books.toscrape.com/catalogue/page-17.html
2026-10-06 22:25:43,684 | INFO | scrapers.base_scraper | Request: https://books.toscrape.com/catalogue/code-name-verity-code-name-verity-1_680/index.html
2026-10-06 22:25:44,453 | INFO | scrapers.base_scraper | Request: https://books.toscrape.com/catalogue/clockwork-angel-the-infernal-devices-1_679/index.html
2026-10-06 22:25:45,217 | INFO | scrapers.base_scraper | Request: https://books.toscrape.com/catalogue/city-of-glass-the-mortal-instruments-3_678/index.html
2026-10-06 22:25:46,282 | INFO | scrapers.base_scraper | Request: https://books.toscrape.com/catalogue/city-of-fallen-angels-the-mortal-instruments-4_677/index.html
2026-10-06 22:25:47,056 | INFO | scrapers.base_scraper | Request: https://books.toscrape.com/catalogue/city-of-bones-the-mortal-instruments-1_676/index.html
2026-10-06 22:25:48,067 | INFO | scrapers.base_scraper | Request: https://books.toscrape.com/catalogue/city-of-ashes-the-mortal-instruments-2_675/index.html
2026-10-06 22:25:49,102 | INFO | scrapers.base_scraper | Request: https://books.toscrape.com/catalogue/cell_674/index.html
2026-10-06 22:25:50,116 | INFO | scrapers.base_scraper | Request: https://books.toscrape.com/catalogue/catching-jordan-hundred-oaks_673/index.html
2026-10-06 22:25:50,890 | INFO | scrapers.base_scraper | Request: https://books.toscrape.com/catalogue/carry-on-warrior-thoughts-on-life-unarmed_672/index.html
2026-10-06 22:25:51,917 | INFO | scrapers.base_scraper | Request: https://books.toscrape.com/catalogue/carrie_671/index.html
2026-10-06 22:25:52,687 | INFO | scrapers.base_scraper | Request: https://books.toscrape.com/catalogue/buying-in-the-secret-dialogue-between-what-we-buy-and-who-we-are_670/index.html
2026-10-06 22:25:53,709 | INFO | scrapers.base_scraper | Request: https://books.toscrape.com/catalogue/brain-on-fire-my-month-of-madness_669/index.html
2026-10-06 22:25:54,477 | INFO | scrapers.base_scraper | Request: https://books.toscrape.com/catalogue/batman-europa_668/index.html
2026-10-06 22:25:55,246 | INFO | scrapers.base_scraper | Request: https://books.toscrape.com/catalogue/barefoot-contessa-back-to-basics_667/index.html
2026-10-06 22:25:56,265 | INFO | scrapers.base_scraper | Request: https://books.toscrape.com/catalogue/barefoot-contessa-at-home-everyday-recipes-youll-make-over-and-over-again_666/index.html
2026-10-06 22:25:57,297 | INFO | scrapers.base_scraper | Request: https://books.toscrape.com/catalogue/balloon-animals_665/index.html
2026-10-06 22:25:58,067 | INFO | scrapers.base_scraper | Request: https://books.toscrape.com/catalogue/art-ops-vol-1_664/index.html
2026-10-06 22:25:58,828 | INFO | scrapers.base_scraper | Request: https://books.toscrape.com/catalogue/aristotle-and-dante-discover-the-secrets-of-the-universe-aristotle-and-dante-discover-the-secrets-of-the-universe-1_663/index.html
2026-10-06 22:25:59,599 | INFO | scrapers.base_scraper | Request: https://books.toscrape.com/catalogue/angels-walking-angels-walking-1_662/index.html
2026-10-06 22:26:00,621 | INFO | scrapers.base_scraper | Request: https://books.toscrape.com/catalogue/angels-demons-robert-langdon-1_661/index.html
2026-10-06 22:26:01,647 | INFO | scrapers.books_scraper | Books page 17 parsed: 20 records
2026-10-06 22:26:01,671 | INFO | scrapers.books_scraper | Books page 18: https://books.toscrape.com/catalogue/page-18.html
2026-10-06 22:26:01,671 | INFO | scrapers.base_scraper | Request: https://books.toscrape.com/catalogue/page-18.html
2026-10-06 22:26:02,695 | INFO | scrapers.base_scraper | Request: https://books.toscrape.com/catalogue/all-the-light-we-cannot-see_660/index.html
2026-10-06 22:26:03,462 | INFO | scrapers.base_scraper | Request: https://books.toscrape.com/catalogue/adulthood-is-a-myth-a-sarahs-scribbles-collection_659/index.html
2026-10-06 22:26:04,233 | INFO | scrapers.base_scraper | Request: https://books.toscrape.com/catalogue/abstract-city_658/index.html
2026-10-06 22:26:05,262 | INFO | scrapers.base_scraper | Request: https://books.toscrape.com/catalogue/a-time-of-torment-charlie-parker-14_657/index.html
2026-10-06 22:26:06,032 | INFO | scrapers.base_scraper | Request: https://books.toscrape.com/catalogue/a-study-in-scarlet-sherlock-holmes-1_656/index.html
2026-10-06 22:26:06,791 | INFO | scrapers.base_scraper | Request: https://books.toscrape.com/catalogue/a-series-of-catastrophes-and-miracles-a-true-story-of-love-science-and-cancer_655/index.html
2026-10-06 22:26:07,825 | INFO | scrapers.base_scraper | Request: https://books.toscrape.com/catalogue/a-peoples-history-of-the-united-states_654/index.html
2026-10-06 22:26:08,595 | INFO | scrapers.base_scraper | Request: https://books.toscrape.com/catalogue/a-man-called-ove_653/index.html
2026-10-06 22:26:09,365 | INFO | scrapers.base_scraper | Request: https://books.toscrape.com/catalogue/a-distant-mirror-the-calamitous-14th-century_652/index.html
2026-10-06 22:26:10,374 | INFO | scrapers.base_scraper | Request: https://books.toscrape.com/catalogue/a-brush-of-wings-angels-walking-3_651/index.html
2026-10-06 22:26:11,397 | INFO | scrapers.base_scraper | Request: https://books.toscrape.com/catalogue/1491-new-revelations-of-the-americas-before-columbus_650/index.html
2026-10-06 22:26:12,426 | INFO | scrapers.base_scraper | Request: https://books.toscrape.com/catalogue/the-three-searches-meaning-and-the-story_649/index.html
2026-10-06 22:26:13,199 | INFO | scrapers.base_scraper | Request: https://books.toscrape.com/catalogue/searching-for-meaning-in-gailana_648/index.html
2026-10-06 22:26:14,224 | INFO | scrapers.base_scraper | Request: https://books.toscrape.com/catalogue/rook_647/index.html
2026-10-06 22:26:14,991 | INFO | scrapers.base_scraper | Request: https://books.toscrape.com/catalogue/my-kitchen-year-136-recipes-that-saved-my-life_646/index.html
2026-10-06 22:26:16,009 | INFO | scrapers.base_scraper | Request: https://books.toscrape.com/catalogue/13-hours-the-inside-account-of-what-really-happened-in-benghazi_645/index.html
2026-10-06 22:26:16,777 | INFO | scrapers.base_scraper | Request: https://books.toscrape.com/catalogue/will-you-wont-you-want-me_644/index.html
2026-10-06 22:26:17,545 | INFO | scrapers.base_scraper | Request: https://books.toscrape.com/catalogue/tipping-point-for-planet-earth-how-close-are-we-to-the-edge_643/index.html
2026-10-06 22:26:18,562 | INFO | scrapers.base_scraper | Request: https://books.toscrape.com/catalogue/the-star-touched-queen_642/index.html
2026-10-06 22:26:19,346 | INFO | scrapers.base_scraper | Request: https://books.toscrape.com/catalogue/the-silent-sister-riley-macpherson-1_641/index.html
2026-10-06 22:26:20,115 | INFO | scrapers.books_scraper | Books page 18 parsed: 20 records
2026-10-06 22:26:20,141 | INFO | scrapers.books_scraper | Books page 19: https://books.toscrape.com/catalogue/page-19.html
2026-10-06 22:26:20,141 | INFO | scrapers.base_scraper | Request: https://books.toscrape.com/catalogue/page-19.html
2026-10-06 22:26:21,167 | INFO | scrapers.base_scraper | Request: https://books.toscrape.com/catalogue/the-midnight-watch-a-novel-of-the-titanic-and-the-californian_640/index.html
2026-10-06 22:26:21,948 | INFO | scrapers.base_scraper | Request: https://books.toscrape.com/catalogue/the-lonely-city-adventures-in-the-art-of-being-alone_639/index.html
2026-10-06 22:26:22,718 | INFO | scrapers.base_scraper | Request: https://books.toscrape.com/catalogue/the-gray-rhino-how-to-recognize-and-act-on-the-obvious-dangers-we-ignore_638/index.html
2026-10-06 22:26:23,481 | INFO | scrapers.base_scraper | Request: https://books.toscrape.com/catalogue/the-golden-condom-and-other-essays-on-love-lost-and-found_637/index.html
2026-10-06 22:26:24,251 | INFO | scrapers.base_scraper | Request: https://books.toscrape.com/catalogue/the-epidemic-the-program-06_636/index.html
2026-10-06 22:26:25,271 | INFO | scrapers.base_scraper | Request: https://books.toscrape.com/catalogue/the-dinner-party_635/index.html
2026-10-06 22:26:26,051 | INFO | scrapers.base_scraper | Request: https://books.toscrape.com/catalogue/the-diary-of-a-young-girl_634/index.html
2026-10-06 22:26:26,823 | INFO | scrapers.base_scraper | Request: https://books.toscrape.com/catalogue/the-children_633/index.html
2026-10-06 22:26:27,833 | INFO | scrapers.base_scraper | Request: https://books.toscrape.com/catalogue/stars-above-the-lunar-chronicles-45_632/index.html
2026-10-06 22:26:28,865 | INFO | scrapers.base_scraper | Request: https://books.toscrape.com/catalogue/snatched-how-a-drug-queen-went-undercover-for-the-dea-and-was-kidnapped-by-colombian-guerillas_631/index.html
2026-10-06 22:26:29,634 | INFO | scrapers.base_scraper | Request: https://books.toscrape.com/catalogue/raspberry-pi-electronics-projects-for-the-evil-genius_630/index.html
2026-10-06 22:26:30,650 | INFO | scrapers.base_scraper | Request: https://books.toscrape.com/catalogue/quench-your-own-thirst-business-lessons-learned-over-a-beer-or-two_629/index.html
2026-10-06 22:26:31,674 | INFO | scrapers.base_scraper | Request: https://books.toscrape.com/catalogue/psycho-sanitarium-psycho-15_628/index.html
2026-10-06 22:26:32,435 | INFO | scrapers.base_scraper | Request: https://books.toscrape.com/catalogue/poisonous-max-revere-novels-3_627/index.html
2026-10-06 22:26:33,451 | INFO | scrapers.base_scraper | Request: https://books.toscrape.com/catalogue/one-with-you-crossfire-5_626/index.html
2026-10-06 22:26:34,219 | INFO | scrapers.base_scraper | Request: https://books.toscrape.com/catalogue/no-love-allowed-dodge-cove-1_625/index.html
2026-10-06 22:26:35,020 | INFO | scrapers.base_scraper | Request: https://books.toscrape.com/catalogue/murder-at-the-42nd-street-library-raymond-ambler-1_624/index.html
2026-10-06 22:26:36,040 | INFO | scrapers.base_scraper | Request: https://books.toscrape.com/catalogue/most-wanted_623/index.html
2026-10-06 22:26:36,813 | INFO | scrapers.base_scraper | Request: https://books.toscrape.com/catalogue/love-lies-and-spies_622/index.html
2026-10-06 22:26:37,587 | INFO | scrapers.base_scraper | Request: https://books.toscrape.com/catalogue/how-to-speak-golf-an-illustrated-guide-to-links-lingo_621/index.html
2026-10-06 22:26:38,601 | INFO | scrapers.books_scraper | Books page 19 parsed: 20 records
2026-10-06 22:26:38,632 | INFO | scrapers.books_scraper | Books page 20: https://books.toscrape.com/catalogue/page-20.html
2026-10-06 22:26:38,632 | INFO | scrapers.base_scraper | Request: https://books.toscrape.com/catalogue/page-20.html
2026-10-06 22:26:39,672 | INFO | scrapers.base_scraper | Request: https://books.toscrape.com/catalogue/hide-away-eve-duncan-20_620/index.html
2026-10-06 22:26:40,445 | INFO | scrapers.base_scraper | Request: https://books.toscrape.com/catalogue/furiously-happy-a-funny-book-about-horrible-things_619/index.html
2026-10-06 22:26:41,462 | INFO | scrapers.base_scraper | Request: https://books.toscrape.com/catalogue/everyday-italian-125-simple-and-delicious-recipes_618/index.html
2026-10-06 22:26:42,487 | INFO | scrapers.base_scraper | Request: https://books.toscrape.com/catalogue/equal-is-unfair-americas-misguided-fight-against-income-inequality_617/index.html
2026-10-06 22:26:43,251 | INFO | scrapers.base_scraper | Request: https://books.toscrape.com/catalogue/eleanor-park_616/index.html
2026-10-06 22:26:44,030 | INFO | scrapers.base_scraper | Request: https://books.toscrape.com/catalogue/dirty-dive-bar-1_615/index.html
2026-10-06 22:26:44,800 | INFO | scrapers.base_scraper | Request: https://books.toscrape.com/catalogue/can-you-keep-a-secret-fear-street-relaunch-4_614/index.html
2026-10-06 22:26:45,559 | INFO | scrapers.base_scraper | Request: https://books.toscrape.com/catalogue/boar-island-anna-pigeon-19_613/index.html
2026-10-06 22:26:46,337 | INFO | scrapers.base_scraper | Request: https://books.toscrape.com/catalogue/a-paris-apartment_612/index.html
2026-10-06 22:26:47,355 | INFO | scrapers.base_scraper | Request: https://books.toscrape.com/catalogue/a-la-mode-120-recipes-in-60-pairings-pies-tarts-cakes-crisps-and-more-topped-with-ice-cream-gelato-frozen-custard-and-more_611/index.html
2026-10-06 22:26:48,377 | INFO | scrapers.base_scraper | Request: https://books.toscrape.com/catalogue/troublemaker-surviving-hollywood-and-scientology_610/index.html
2026-10-06 22:26:49,399 | INFO | scrapers.base_scraper | Request: https://books.toscrape.com/catalogue/the-widow_609/index.html
2026-10-06 22:26:50,269 | INFO | scrapers.base_scraper | Request: https://books.toscrape.com/catalogue/the-sleep-revolution-transforming-your-life-one-night-at-a-time_608/index.html
2026-10-06 22:26:51,398 | INFO | scrapers.base_scraper | Request: https://books.toscrape.com/catalogue/the-improbability-of-love_607/index.html
2026-10-06 22:26:52,210 | INFO | scrapers.base_scraper | Request: https://books.toscrape.com/catalogue/the-art-of-startup-fundraising_606/index.html
2026-10-06 22:26:53,300 | INFO | scrapers.base_scraper | Request: https://books.toscrape.com/catalogue/take-me-home-tonight-rock-star-romance-3_605/index.html
2026-10-06 22:26:54,095 | INFO | scrapers.base_scraper | Request: https://books.toscrape.com/catalogue/sleeping-giants-themis-files-1_604/index.html
2026-10-06 22:26:54,859 | INFO | scrapers.base_scraper | Request: https://books.toscrape.com/catalogue/setting-the-world-on-fire-the-brief-astonishing-life-of-st-catherine-of-siena_603/index.html
2026-10-06 22:26:55,885 | INFO | scrapers.base_scraper | Request: https://books.toscrape.com/catalogue/playing-with-fire_602/index.html
2026-10-06 22:26:56,649 | INFO | scrapers.base_scraper | Request: https://books.toscrape.com/catalogue/off-the-hook-fishing-for-trouble-1_601/index.html
2026-10-06 22:26:57,680 | INFO | scrapers.books_scraper | Books page 20 parsed: 20 records
2026-10-06 22:26:57,706 | INFO | scrapers.books_scraper | Books page 21: https://books.toscrape.com/catalogue/page-21.html
2026-10-06 22:26:57,706 | INFO | scrapers.base_scraper | Request: https://books.toscrape.com/catalogue/page-21.html
2026-10-06 22:26:58,743 | INFO | scrapers.base_scraper | Request: https://books.toscrape.com/catalogue/mothering-sunday_600/index.html
2026-10-06 22:26:59,515 | INFO | scrapers.base_scraper | Request: https://books.toscrape.com/catalogue/mother-can-you-not_599/index.html
2026-10-06 22:27:00,280 | INFO | scrapers.base_scraper | Request: https://books.toscrape.com/catalogue/m-train_598/index.html
2026-10-06 22:27:01,055 | INFO | scrapers.base_scraper | Request: https://books.toscrape.com/catalogue/lilac-girls_597/index.html
2026-10-06 22:29:50,195 | INFO | scrapers.base_scraper | Request: https://books.toscrape.com/catalogue/lies-and-other-acts-of-love_596/index.html
2026-10-06 22:29:53,540 | INFO | scrapers.base_scraper | Request: https://books.toscrape.com/catalogue/lab-girl_595/index.html
2026-10-06 22:29:54,544 | INFO | scrapers.base_scraper | Request: https://books.toscrape.com/catalogue/keep-me-posted_594/index.html
2026-10-06 22:29:55,542 | INFO | scrapers.base_scraper | Request: https://books.toscrape.com/catalogue/it-didnt-start-with-you-how-inherited-family-trauma-shapes-who-we-are-and-how-to-end-the-cycle_593/index.html
2026-10-06 22:29:56,535 | INFO | scrapers.base_scraper | Request: https://books.toscrape.com/catalogue/grey-fifty-shades-4_592/index.html
2026-10-06 22:29:57,301 | INFO | scrapers.base_scraper | Request: https://books.toscrape.com/catalogue/exit-pursued-by-a-bear_591/index.html
2026-10-06 22:29:58,057 | INFO | scrapers.base_scraper | Request: https://books.toscrape.com/catalogue/daredevils_590/index.html
2026-10-06 22:29:59,066 | INFO | scrapers.base_scraper | Request: https://books.toscrape.com/catalogue/cravings-recipes-for-what-you-want-to-eat_589/index.html
2026-10-06 22:29:59,831 | INFO | scrapers.base_scraper | Request: https://books.toscrape.com/catalogue/born-for-this-how-to-find-the-work-you-were-meant-to-do_588/index.html
2026-10-06 22:30:00,828 | INFO | scrapers.base_scraper | Request: https://books.toscrape.com/catalogue/arena_587/index.html
2026-10-06 22:30:01,586 | INFO | scrapers.base_scraper | Request: https://books.toscrape.com/catalogue/adultery_586/index.html
2026-10-06 22:30:02,341 | INFO | scrapers.base_scraper | Request: https://books.toscrape.com/catalogue/a-mothers-reckoning-living-in-the-aftermath-of-tragedy_585/index.html
2026-10-06 22:30:03,346 | INFO | scrapers.base_scraper | Request: https://books.toscrape.com/catalogue/a-gentlemans-position-society-of-gentlemen-3_584/index.html
2026-10-06 22:30:04,350 | INFO | scrapers.base_scraper | Request: https://books.toscrape.com/catalogue/112263_583/index.html
2026-10-06 22:30:05,111 | INFO | scrapers.base_scraper | Request: https://books.toscrape.com/catalogue/10-happier-how-i-tamed-the-voice-in-my-head-reduced-stress-without-losing-my-edge-and-found-self-help-that-actually-works_582/index.html
2026-10-06 22:30:06,111 | INFO | scrapers.base_scraper | Request: https://books.toscrape.com/catalogue/10-day-green-smoothie-cleanse-lose-up-to-15-pounds-in-10-days_581/index.html
2026-10-06 22:30:07,111 | INFO | scrapers.books_scraper | Books page 21 parsed: 20 records
2026-10-06 22:30:07,139 | INFO | scrapers.books_scraper | Books page 22: https://books.toscrape.com/catalogue/page-22.html
2026-10-06 22:30:07,139 | INFO | scrapers.base_scraper | Request: https://books.toscrape.com/catalogue/page-22.html
2026-10-06 22:30:08,155 | INFO | scrapers.base_scraper | Request: https://books.toscrape.com/catalogue/without-shame_580/index.html
2026-10-06 22:30:08,912 | INFO | scrapers.base_scraper | Request: https://books.toscrape.com/catalogue/watchmen_579/index.html
2026-10-06 22:30:09,676 | INFO | scrapers.base_scraper | Request: https://books.toscrape.com/catalogue/unlimited-intuition-now_578/index.html
2026-10-06 22:30:10,736 | INFO | scrapers.base_scraper | Request: https://books.toscrape.com/catalogue/underlying-notes_577/index.html
2026-10-06 22:30:11,493 | INFO | scrapers.base_scraper | Request: https://books.toscrape.com/catalogue/the-shack_576/index.html
2026-10-06 22:30:12,495 | INFO | scrapers.base_scraper | Request: https://books.toscrape.com/catalogue/the-new-brand-you-your-new-image-makes-the-sale-for-you_575/index.html
2026-10-06 22:30:13,486 | INFO | scrapers.base_scraper | Request: https://books.toscrape.com/catalogue/the-moosewood-cookbook-recipes-from-moosewood-restaurant-ithaca-new-york_574/index.html
2026-10-06 22:30:14,259 | INFO | scrapers.base_scraper | Request: https://books.toscrape.com/catalogue/the-flowers-lied_573/index.html
2026-10-06 22:30:15,019 | INFO | scrapers.base_scraper | Request: https://books.toscrape.com/catalogue/the-fabric-of-the-cosmos-space-time-and-the-texture-of-reality_572/index.html
2026-10-06 22:30:16,024 | INFO | scrapers.base_scraper | Request: https://books.toscrape.com/catalogue/the-book-of-mormon_571/index.html
2026-10-06 22:30:17,025 | INFO | scrapers.base_scraper | Request: https://books.toscrape.com/catalogue/the-art-and-science-of-low-carbohydrate-living_570/index.html
2026-10-06 22:30:17,785 | INFO | scrapers.base_scraper | Request: https://books.toscrape.com/catalogue/the-alien-club_569/index.html
2026-10-06 22:30:18,539 | INFO | scrapers.base_scraper | Request: https://books.toscrape.com/catalogue/suzie-snowflake-one-beautiful-flake-a-self-esteem-story_568/index.html
2026-10-06 22:30:19,543 | INFO | scrapers.base_scraper | Request: https://books.toscrape.com/catalogue/nap-a-roo_567/index.html
2026-10-06 22:30:20,310 | INFO | scrapers.base_scraper | Request: https://books.toscrape.com/catalogue/nano-what-now-finding-your-editing-process-revising-your-nanowrimo-book-and-building-a-writing-career-through-publishing-and-beyond_566/index.html
2026-10-06 22:30:21,317 | INFO | scrapers.base_scraper | Request: https://books.toscrape.com/catalogue/modern-day-fables_565/index.html
2026-10-06 22:30:22,319 | INFO | scrapers.base_scraper | Request: https://books.toscrape.com/catalogue/if-i-gave-you-gods-phone-number-searching-for-spirituality-in-america_564/index.html
2026-10-06 22:30:23,326 | INFO | scrapers.base_scraper | Request: https://books.toscrape.com/catalogue/fruits-basket-vol-9-fruits-basket-9_563/index.html
2026-10-06 22:30:24,084 | INFO | scrapers.base_scraper | Request: https://books.toscrape.com/catalogue/dress-your-family-in-corduroy-and-denim_562/index.html
2026-10-06 22:30:25,091 | INFO | scrapers.base_scraper | Request: https://books.toscrape.com/catalogue/dont-forget-steven_561/index.html
2026-10-06 22:30:25,853 | INFO | scrapers.books_scraper | Books page 22 parsed: 20 records
2026-10-06 22:30:25,878 | INFO | scrapers.books_scraper | Books page 23: https://books.toscrape.com/catalogue/page-23.html
2026-10-06 22:30:25,878 | INFO | scrapers.base_scraper | Request: https://books.toscrape.com/catalogue/page-23.html
2026-10-06 22:30:26,886 | INFO | scrapers.base_scraper | Request: https://books.toscrape.com/catalogue/chernobyl-012340-the-incredible-true-story-of-the-worlds-worst-nuclear-disaster_560/index.html
2026-10-06 22:30:27,652 | INFO | scrapers.base_scraper | Request: https://books.toscrape.com/catalogue/art-and-fear-observations-on-the-perils-and-rewards-of-artmaking_559/index.html
2026-10-06 22:30:28,461 | INFO | scrapers.base_scraper | Request: https://books.toscrape.com/catalogue/a-shard-of-ice-the-black-symphony-saga-1_558/index.html
2026-10-06 22:30:30,656 | INFO | scrapers.base_scraper | Request: https://books.toscrape.com/catalogue/a-heros-curse-the-unseen-chronicles-1_557/index.html
2026-10-06 22:30:32,553 | INFO | scrapers.base_scraper | Request: https://books.toscrape.com/catalogue/23-degrees-south-a-tropical-tale-of-changing-whether_556/index.html
2026-10-06 22:30:33,356 | INFO | scrapers.base_scraper | Request: https://books.toscrape.com/catalogue/zero-to-one-notes-on-startups-or-how-to-build-the-future_555/index.html
2026-10-06 22:30:34,118 | INFO | scrapers.base_scraper | Request: https://books.toscrape.com/catalogue/why-not-me_554/index.html
2026-10-06 22:30:34,875 | INFO | scrapers.base_scraper | Request: https://books.toscrape.com/catalogue/when-breath-becomes-air_553/index.html
2026-10-06 22:30:35,638 | INFO | scrapers.base_scraper | Request: https://books.toscrape.com/catalogue/vagabonding-an-uncommon-guide-to-the-art-of-long-term-world-travel_552/index.html
2026-10-06 22:30:36,974 | INFO | scrapers.base_scraper | Request: https://books.toscrape.com/catalogue/the-unlikely-pilgrimage-of-harold-fry-harold-fry-1_551/index.html
2026-10-06 22:30:38,524 | INFO | scrapers.base_scraper | Request: https://books.toscrape.com/catalogue/the-new-drawing-on-the-right-side-of-the-brain_550/index.html
2026-10-06 22:30:39,308 | INFO | scrapers.base_scraper | Request: https://books.toscrape.com/catalogue/the-midnight-assassin-panic-scandal-and-the-hunt-for-americas-first-serial-killer_549/index.html
2026-10-06 22:30:40,173 | INFO | scrapers.base_scraper | Request: https://books.toscrape.com/catalogue/the-martian-the-martian-1_548/index.html
2026-10-06 22:30:40,980 | INFO | scrapers.base_scraper | Request: https://books.toscrape.com/catalogue/the-high-mountains-of-portugal_547/index.html
2026-10-06 22:30:41,749 | INFO | scrapers.base_scraper | Request: https://books.toscrape.com/catalogue/the-grownup_546/index.html
2026-10-06 22:30:42,954 | INFO | scrapers.base_scraper | Request: https://books.toscrape.com/catalogue/the-e-myth-revisited-why-most-small-businesses-dont-work-and-what-to-do-about-it_545/index.html
2026-10-06 22:30:43,716 | INFO | scrapers.base_scraper | Request: https://books.toscrape.com/catalogue/south-of-sunshine_544/index.html
2026-10-06 22:30:44,476 | INFO | scrapers.base_scraper | Request: https://books.toscrape.com/catalogue/smarter-faster-better-the-secrets-of-being-productive-in-life-and-business_543/index.html
2026-10-06 22:30:45,235 | INFO | scrapers.base_scraper | Request: https://books.toscrape.com/catalogue/silence-in-the-dark-logan-point-4_542/index.html
2026-10-06 22:30:46,000 | INFO | scrapers.base_scraper | Request: https://books.toscrape.com/catalogue/shadows-of-the-past-logan-point-1_541/index.html
2026-10-06 22:30:46,759 | INFO | scrapers.books_scraper | Books page 23 parsed: 20 records
2026-10-06 22:30:46,784 | INFO | scrapers.books_scraper | Books page 24: https://books.toscrape.com/catalogue/page-24.html
2026-10-06 22:30:46,784 | INFO | scrapers.base_scraper | Request: https://books.toscrape.com/catalogue/page-24.html
2026-10-06 22:30:47,800 | INFO | scrapers.base_scraper | Request: https://books.toscrape.com/catalogue/roller-girl_540/index.html
2026-10-06 22:30:48,556 | INFO | scrapers.base_scraper | Request: https://books.toscrape.com/catalogue/rising-strong_539/index.html
2026-10-06 22:30:49,320 | INFO | scrapers.base_scraper | Request: https://books.toscrape.com/catalogue/proofs-of-god-classical-arguments-from-tertullian-to-barth_538/index.html
2026-10-06 22:30:50,320 | INFO | scrapers.base_scraper | Request: https://books.toscrape.com/catalogue/please-kill-me-the-uncensored-oral-history-of-punk_537/index.html
2026-10-06 22:30:51,085 | INFO | scrapers.base_scraper | Request: https://books.toscrape.com/catalogue/out-of-print-city-lights-spotlight-no-14_536/index.html
2026-10-06 22:30:52,086 | INFO | scrapers.base_scraper | Request: https://books.toscrape.com/catalogue/my-life-next-door-my-life-next-door_535/index.html
2026-10-06 22:30:52,845 | INFO | scrapers.base_scraper | Request: https://books.toscrape.com/catalogue/millers-valley_534/index.html
2026-10-06 22:30:53,604 | INFO | scrapers.base_scraper | Request: https://books.toscrape.com/catalogue/mans-search-for-meaning_533/index.html
2026-10-06 22:30:54,617 | INFO | scrapers.base_scraper | Request: https://books.toscrape.com/catalogue/love-that-boy-what-two-presidents-eight-road-trips-and-my-son-taught-me-about-a-parents-expectations_532/index.html
2026-10-06 22:30:55,628 | INFO | scrapers.base_scraper | Request: https://books.toscrape.com/catalogue/living-forward-a-proven-plan-to-stop-drifting-and-get-the-life-you-want_531/index.html
2026-10-06 22:30:56,637 | INFO | scrapers.base_scraper | Request: https://books.toscrape.com/catalogue/les-fleurs-du-mal_530/index.html
2026-10-06 22:30:57,396 | INFO | scrapers.base_scraper | Request: https://books.toscrape.com/catalogue/left-behind-left-behind-1_529/index.html
2026-10-06 22:30:58,156 | INFO | scrapers.base_scraper | Request: https://books.toscrape.com/catalogue/kill-em-and-leave-searching-for-james-brown-and-the-american-soul_528/index.html
2026-10-06 22:30:59,158 | INFO | scrapers.base_scraper | Request: https://books.toscrape.com/catalogue/kierkegaard-a-christian-missionary-to-christians_527/index.html
2026-10-06 22:30:59,909 | INFO | scrapers.base_scraper | Request: https://books.toscrape.com/catalogue/john-vassos-industrial-design-for-modern-life_526/index.html
2026-10-06 22:31:00,919 | INFO | scrapers.base_scraper | Request: https://books.toscrape.com/catalogue/ill-give-you-the-sun_525/index.html
2026-10-06 22:31:01,719 | INFO | scrapers.base_scraper | Request: https://books.toscrape.com/catalogue/i-will-find-you_524/index.html
2026-10-06 22:31:02,476 | INFO | scrapers.base_scraper | Request: https://books.toscrape.com/catalogue/hystopia-a-novel_523/index.html
2026-10-06 22:31:03,236 | INFO | scrapers.base_scraper | Request: https://books.toscrape.com/catalogue/howl-and-other-poems_522/index.html
2026-10-06 22:31:03,996 | INFO | scrapers.base_scraper | Request: https://books.toscrape.com/catalogue/history-of-beauty_521/index.html
2026-10-06 22:31:04,754 | INFO | scrapers.books_scraper | Books page 24 parsed: 20 records
2026-10-06 22:31:04,780 | INFO | scrapers.books_scraper | Books page 25: https://books.toscrape.com/catalogue/page-25.html
2026-10-06 22:31:04,780 | INFO | scrapers.base_scraper | Request: https://books.toscrape.com/catalogue/page-25.html
2026-10-06 22:31:05,798 | INFO | scrapers.base_scraper | Request: https://books.toscrape.com/catalogue/heaven-is-for-real-a-little-boys-astounding-story-of-his-trip-to-heaven-and-back_520/index.html
2026-10-06 22:31:06,560 | INFO | scrapers.base_scraper | Request: https://books.toscrape.com/catalogue/future-shock-future-shock-1_519/index.html
2026-10-06 22:31:07,319 | INFO | scrapers.base_scraper | Request: https://books.toscrape.com/catalogue/enders-game-the-ender-quintet-1_518/index.html
2026-10-06 22:31:08,319 | INFO | scrapers.base_scraper | Request: https://books.toscrape.com/catalogue/diary-of-a-citizen-scientist-chasing-tiger-beetles-and-other-new-ways-of-engaging-the-world_517/index.html
2026-10-06 22:31:09,324 | INFO | scrapers.base_scraper | Request: https://books.toscrape.com/catalogue/death-by-leisure-a-cautionary-tale_516/index.html
2026-10-06 22:31:10,087 | INFO | scrapers.base_scraper | Request: https://books.toscrape.com/catalogue/brilliant-beacons-a-history-of-the-american-lighthouse_515/index.html
2026-10-06 22:31:11,089 | INFO | scrapers.base_scraper | Request: https://books.toscrape.com/catalogue/brazen-the-courage-to-find-the-you-thats-been-hiding_514/index.html
2026-10-06 22:31:11,872 | INFO | scrapers.base_scraper | Request: https://books.toscrape.com/catalogue/between-the-world-and-me_513/index.html
2026-10-06 22:31:12,871 | INFO | scrapers.base_scraper | Request: https://books.toscrape.com/catalogue/being-mortal-medicine-and-what-matters-in-the-end_512/index.html
2026-10-06 22:31:13,636 | INFO | scrapers.base_scraper | Request: https://books.toscrape.com/catalogue/a-murder-over-a-girl-justice-gender-junior-high_511/index.html
2026-10-06 22:31:14,396 | INFO | scrapers.base_scraper | Request: https://books.toscrape.com/catalogue/32-yolks_510/index.html
2026-10-06 22:31:15,154 | INFO | scrapers.base_scraper | Request: https://books.toscrape.com/catalogue/most-blessed-of-the-patriarchs-thomas-jefferson-and-the-empire-of-the-imagination_509/index.html
2026-10-06 22:31:16,164 | INFO | scrapers.base_scraper | Request: https://books.toscrape.com/catalogue/you-are-a-badass-how-to-stop-doubting-your-greatness-and-start-living-an-awesome-life_508/index.html
2026-10-06 22:31:16,923 | INFO | scrapers.base_scraper | Request: https://books.toscrape.com/catalogue/wildlife-of-new-york-a-five-borough-coloring-book_507/index.html
2026-10-06 22:31:17,687 | INFO | scrapers.base_scraper | Request: https://books.toscrape.com/catalogue/what-happened-on-beale-street-secrets-of-the-south-mysteries-2_506/index.html
2026-10-06 22:31:18,446 | INFO | scrapers.base_scraper | Request: https://books.toscrape.com/catalogue/unreasonable-hope-finding-faith-in-the-god-who-brings-purpose-to-your-pain_505/index.html
2026-10-06 22:31:19,204 | INFO | scrapers.base_scraper | Request: https://books.toscrape.com/catalogue/under-the-tuscan-sun_504/index.html
2026-10-06 22:31:19,963 | INFO | scrapers.base_scraper | Request: https://books.toscrape.com/catalogue/toddlers-are-aholes-its-not-your-fault_503/index.html
2026-10-06 22:31:20,969 | INFO | scrapers.base_scraper | Request: https://books.toscrape.com/catalogue/the-year-of-living-biblically-one-mans-humble-quest-to-follow-the-bible-as-literally-as-possible_502/index.html
2026-10-06 22:31:21,974 | INFO | scrapers.base_scraper | Request: https://books.toscrape.com/catalogue/the-whale_501/index.html
2026-10-06 22:31:22,731 | INFO | scrapers.books_scraper | Books page 25 parsed: 20 records
2026-10-06 22:31:22,756 | INFO | scrapers.books_scraper | Books page 26: https://books.toscrape.com/catalogue/page-26.html
2026-10-06 22:31:22,756 | INFO | scrapers.base_scraper | Request: https://books.toscrape.com/catalogue/page-26.html
2026-10-06 22:31:23,771 | INFO | scrapers.base_scraper | Request: https://books.toscrape.com/catalogue/the-story-of-art_500/index.html
2026-10-06 22:31:24,529 | INFO | scrapers.base_scraper | Request: https://books.toscrape.com/catalogue/the-origin-of-species_499/index.html
2026-10-06 22:31:25,290 | INFO | scrapers.base_scraper | Request: https://books.toscrape.com/catalogue/the-great-gatsby_498/index.html
2026-10-06 22:31:26,047 | INFO | scrapers.base_scraper | Request: https://books.toscrape.com/catalogue/the-good-girl_497/index.html
2026-10-06 22:31:26,808 | INFO | scrapers.base_scraper | Request: https://books.toscrape.com/catalogue/the-glass-castle_496/index.html
2026-10-06 22:31:27,578 | INFO | scrapers.base_scraper | Request: https://books.toscrape.com/catalogue/the-faith-of-christopher-hitchens-the-restless-soul-of-the-worlds-most-notorious-atheist_495/index.html
2026-10-06 22:31:28,581 | INFO | scrapers.base_scraper | Request: https://books.toscrape.com/catalogue/the-drowning-girls_494/index.html
2026-10-06 22:31:29,336 | INFO | scrapers.base_scraper | Request: https://books.toscrape.com/catalogue/the-constant-princess-the-tudor-court-1_493/index.html
2026-10-06 22:31:30,096 | INFO | scrapers.base_scraper | Request: https://books.toscrape.com/catalogue/the-bourne-identity-jason-bourne-1_492/index.html
2026-10-06 22:31:30,860 | INFO | scrapers.base_scraper | Request: https://books.toscrape.com/catalogue/the-bachelor-girls-guide-to-murder-herringford-and-watts-mysteries-1_491/index.html
2026-10-06 22:31:31,859 | INFO | scrapers.base_scraper | Request: https://books.toscrape.com/catalogue/the-art-book_490/index.html
2026-10-06 22:31:32,625 | INFO | scrapers.base_scraper | Request: https://books.toscrape.com/catalogue/the-7-habits-of-highly-effective-people-powerful-lessons-in-personal-change_489/index.html
2026-10-06 22:31:33,386 | INFO | scrapers.base_scraper | Request: https://books.toscrape.com/catalogue/team-of-rivals-the-political-genius-of-abraham-lincoln_488/index.html
2026-10-06 22:31:34,389 | INFO | scrapers.base_scraper | Request: https://books.toscrape.com/catalogue/steal-like-an-artist-10-things-nobody-told-you-about-being-creative_487/index.html
2026-10-06 22:31:35,142 | INFO | scrapers.base_scraper | Request: https://books.toscrape.com/catalogue/sit-stay-love_486/index.html
2026-10-06 22:31:35,909 | INFO | scrapers.base_scraper | Request: https://books.toscrape.com/catalogue/sister-dear_485/index.html
2026-10-06 22:31:36,669 | INFO | scrapers.base_scraper | Request: https://books.toscrape.com/catalogue/shrunken-treasures-literary-classics-short-sweet-and-silly_484/index.html
2026-10-06 22:31:37,675 | INFO | scrapers.base_scraper | Request: https://books.toscrape.com/catalogue/rich-dad-poor-dad_483/index.html
2026-10-06 22:31:38,443 | INFO | scrapers.base_scraper | Request: https://books.toscrape.com/catalogue/raymie-nightingale_482/index.html
2026-10-06 22:31:39,199 | INFO | scrapers.base_scraper | Request: https://books.toscrape.com/catalogue/playing-from-the-heart_481/index.html
2026-10-06 22:31:39,958 | INFO | scrapers.books_scraper | Books page 26 parsed: 20 records
2026-10-06 22:31:39,988 | INFO | scrapers.books_scraper | Books page 27: https://books.toscrape.com/catalogue/page-27.html
2026-10-06 22:31:39,988 | INFO | scrapers.base_scraper | Request: https://books.toscrape.com/catalogue/page-27.html
2026-10-06 22:31:41,005 | INFO | scrapers.base_scraper | Request: https://books.toscrape.com/catalogue/nightstruck-a-novel_480/index.html
2026-10-06 22:31:41,772 | INFO | scrapers.base_scraper | Request: https://books.toscrape.com/catalogue/naturally-lean-125-nourishing-gluten-free-plant-based-recipes-all-under-300-calories_479/index.html
2026-10-06 22:31:42,532 | INFO | scrapers.base_scraper | Request: https://books.toscrape.com/catalogue/meternity_478/index.html
2026-10-06 22:31:43,339 | INFO | scrapers.base_scraper | Request: https://books.toscrape.com/catalogue/memoirs-of-a-geisha_477/index.html
2026-10-06 22:31:44,088 | INFO | scrapers.base_scraper | Request: https://books.toscrape.com/catalogue/like-never-before-walker-family-2_476/index.html
2026-10-06 22:31:45,096 | INFO | scrapers.base_scraper | Request: https://books.toscrape.com/catalogue/life-of-pi_475/index.html
2026-10-06 22:31:45,905 | INFO | scrapers.base_scraper | Request: https://books.toscrape.com/catalogue/leave-this-song-behind-teen-poetry-at-its-best_474/index.html
2026-10-06 22:31:46,905 | INFO | scrapers.base_scraper | Request: https://books.toscrape.com/catalogue/kings-folly-the-kinsman-chronicles-1_473/index.html
2026-10-06 22:31:47,669 | INFO | scrapers.base_scraper | Request: https://books.toscrape.com/catalogue/john-adams_472/index.html
2026-10-06 22:31:48,675 | INFO | scrapers.base_scraper | Request: https://books.toscrape.com/catalogue/how-to-cook-everything-vegetarian-simple-meatless-recipes-for-great-food-how-to-cook-everything_471/index.html
2026-10-06 22:31:49,671 | INFO | scrapers.base_scraper | Request: https://books.toscrape.com/catalogue/how-to-be-a-domestic-goddess-baking-and-the-art-of-comfort-cooking_470/index.html
2026-10-06 22:31:50,436 | INFO | scrapers.base_scraper | Request: https://books.toscrape.com/catalogue/good-in-bed-cannie-shapiro-1_469/index.html
2026-10-06 22:31:51,195 | INFO | scrapers.base_scraper | Request: https://books.toscrape.com/catalogue/fruits-basket-vol-7-fruits-basket-7_468/index.html
2026-10-06 22:31:51,954 | INFO | scrapers.base_scraper | Request: https://books.toscrape.com/catalogue/for-the-love-fighting-for-grace-in-a-world-of-impossible-standards_467/index.html
2026-10-06 22:31:52,954 | INFO | scrapers.base_scraper | Request: https://books.toscrape.com/catalogue/finding-god-in-the-ruins-how-god-redeems-pain_466/index.html
2026-10-06 22:31:53,720 | INFO | scrapers.base_scraper | Request: https://books.toscrape.com/catalogue/every-heart-a-doorway-every-heart-a-doorway-1_465/index.html
2026-10-06 22:31:54,477 | INFO | scrapers.base_scraper | Request: https://books.toscrape.com/catalogue/delivering-the-truth-quaker-midwife-mystery-1_464/index.html
2026-10-06 22:31:55,477 | INFO | scrapers.base_scraper | Request: https://books.toscrape.com/catalogue/counted-with-the-stars-out-from-egypt-1_463/index.html
2026-10-06 22:31:56,237 | INFO | scrapers.base_scraper | Request: https://books.toscrape.com/catalogue/chronicles-vol-1_462/index.html
2026-10-06 22:31:57,240 | INFO | scrapers.base_scraper | Request: https://books.toscrape.com/catalogue/blue-like-jazz-nonreligious-thoughts-on-christian-spirituality_461/index.html
2026-10-06 22:31:58,245 | INFO | scrapers.books_scraper | Books page 27 parsed: 20 records
2026-10-06 22:31:58,269 | INFO | scrapers.books_scraper | Books page 28: https://books.toscrape.com/catalogue/page-28.html
2026-10-06 22:31:58,269 | INFO | scrapers.base_scraper | Request: https://books.toscrape.com/catalogue/page-28.html
2026-10-06 22:31:59,280 | INFO | scrapers.base_scraper | Request: https://books.toscrape.com/catalogue/benjamin-franklin-an-american-life_460/index.html
2026-10-06 22:32:00,039 | INFO | scrapers.base_scraper | Request: https://books.toscrape.com/catalogue/at-the-existentialist-cafe-freedom-being-and-apricot-cocktails-with-jean-paul-sartre-simone-de-beauvoir-albert-camus-martin-heidegger-edmund-husserl-karl-jaspers-maurice-merleau-ponty-and-others_459/index.html
2026-10-06 22:32:00,796 | INFO | scrapers.base_scraper | Request: https://books.toscrape.com/catalogue/a-summer-in-europe_458/index.html
2026-10-06 22:32:01,556 | INFO | scrapers.base_scraper | Request: https://books.toscrape.com/catalogue/a-short-history-of-nearly-everything_457/index.html
2026-10-06 22:32:02,320 | INFO | scrapers.base_scraper | Request: https://books.toscrape.com/catalogue/a-gathering-of-shadows-shades-of-magic-2_456/index.html
2026-10-06 22:32:03,076 | INFO | scrapers.base_scraper | Request: https://books.toscrape.com/catalogue/the-sound-of-love_455/index.html
2026-10-06 22:32:04,082 | INFO | scrapers.base_scraper | Request: https://books.toscrape.com/catalogue/the-rise-and-fall-of-the-third-reich-a-history-of-nazi-germany_454/index.html
2026-10-06 22:32:04,857 | INFO | scrapers.base_scraper | Request: https://books.toscrape.com/catalogue/the-perks-of-being-a-wallflower_453/index.html
2026-10-06 22:32:05,610 | INFO | scrapers.base_scraper | Request: https://books.toscrape.com/catalogue/the-mysterious-affair-at-styles-hercule-poirot-1_452/index.html
2026-10-06 22:32:06,383 | INFO | scrapers.base_scraper | Request: https://books.toscrape.com/catalogue/the-man-who-mistook-his-wife-for-a-hat-and-other-clinical-tales_451/index.html
2026-10-06 22:32:07,383 | INFO | scrapers.base_scraper | Request: https://books.toscrape.com/catalogue/the-makings-of-a-fatherless-child_450/index.html
2026-10-06 22:32:08,140 | INFO | scrapers.base_scraper | Request: https://books.toscrape.com/catalogue/the-joy-of-cooking_449/index.html
2026-10-06 22:32:09,141 | INFO | scrapers.base_scraper | Request: https://books.toscrape.com/catalogue/the-invention-of-wings_448/index.html
2026-10-06 22:32:09,907 | INFO | scrapers.base_scraper | Request: https://books.toscrape.com/catalogue/the-hobbit-middle-earth-universe_447/index.html
2026-10-06 22:32:10,671 | INFO | scrapers.base_scraper | Request: https://books.toscrape.com/catalogue/the-great-railway-bazaar_446/index.html
2026-10-06 22:32:11,435 | INFO | scrapers.base_scraper | Request: https://books.toscrape.com/catalogue/the-golden-compass-his-dark-materials-1_445/index.html
2026-10-06 22:32:12,434 | INFO | scrapers.base_scraper | Request: https://books.toscrape.com/catalogue/the-god-delusion_444/index.html
2026-10-06 22:32:13,440 | INFO | scrapers.base_scraper | Request: https://books.toscrape.com/catalogue/the-girl-you-left-behind-the-girl-you-left-behind-1_443/index.html
2026-10-06 22:32:14,445 | INFO | scrapers.base_scraper | Request: https://books.toscrape.com/catalogue/the-fellowship-of-the-ring-the-lord-of-the-rings-1_442/index.html
2026-10-06 22:32:15,202 | INFO | scrapers.base_scraper | Request: https://books.toscrape.com/catalogue/the-collected-poems-of-wb-yeats-the-collected-works-of-wb-yeats-1_441/index.html
2026-10-06 22:32:16,202 | INFO | scrapers.books_scraper | Books page 28 parsed: 20 records
2026-10-06 22:32:16,224 | INFO | scrapers.books_scraper | Books page 29: https://books.toscrape.com/catalogue/page-29.html
2026-10-06 22:32:16,224 | INFO | scrapers.base_scraper | Request: https://books.toscrape.com/catalogue/page-29.html
2026-10-06 22:32:17,255 | INFO | scrapers.base_scraper | Request: https://books.toscrape.com/catalogue/the-barefoot-contessa-cookbook_440/index.html
2026-10-06 22:32:18,014 | INFO | scrapers.base_scraper | Request: https://books.toscrape.com/catalogue/tell-the-wolves-im-home_439/index.html
2026-10-06 22:32:18,780 | INFO | scrapers.base_scraper | Request: https://books.toscrape.com/catalogue/ship-leaves-harbor-essays-on-travel-by-a-recovering-journeyman_438/index.html
2026-10-06 22:32:19,540 | INFO | scrapers.base_scraper | Request: https://books.toscrape.com/catalogue/pride-and-prejudice_437/index.html
2026-10-06 22:32:20,302 | INFO | scrapers.base_scraper | Request: https://books.toscrape.com/catalogue/musicophilia-tales-of-music-and-the-brain_436/index.html
2026-10-06 22:32:21,305 | INFO | scrapers.base_scraper | Request: https://books.toscrape.com/catalogue/mere-christianity_435/index.html
2026-10-06 22:32:22,306 | INFO | scrapers.base_scraper | Request: https://books.toscrape.com/catalogue/me-before-you-me-before-you-1_434/index.html
2026-10-06 22:32:23,062 | INFO | scrapers.base_scraper | Request: https://books.toscrape.com/catalogue/in-the-woods-dublin-murder-squad-1_433/index.html
2026-10-06 22:32:24,070 | INFO | scrapers.base_scraper | Request: https://books.toscrape.com/catalogue/in-cold-blood_432/index.html
2026-10-06 22:32:24,827 | INFO | scrapers.base_scraper | Request: https://books.toscrape.com/catalogue/how-to-stop-worrying-and-start-living_431/index.html
2026-10-06 22:32:25,843 | INFO | scrapers.base_scraper | Request: https://books.toscrape.com/catalogue/give-it-back_430/index.html
2026-10-06 22:32:26,849 | INFO | scrapers.base_scraper | Request: https://books.toscrape.com/catalogue/girl-interrupted_429/index.html
2026-10-06 22:32:27,849 | INFO | scrapers.base_scraper | Request: https://books.toscrape.com/catalogue/fun-home-a-family-tragicomic_428/index.html
2026-10-06 22:32:28,611 | INFO | scrapers.base_scraper | Request: https://books.toscrape.com/catalogue/fruits-basket-vol-6-fruits-basket-6_427/index.html
2026-10-06 22:32:29,412 | INFO | scrapers.base_scraper | Request: https://books.toscrape.com/catalogue/deception-point_426/index.html
2026-10-06 22:32:30,423 | INFO | scrapers.base_scraper | Request: https://books.toscrape.com/catalogue/death-note-vol-6-give-and-take-death-note-6_425/index.html
2026-10-06 22:32:31,501 | INFO | scrapers.base_scraper | Request: https://books.toscrape.com/catalogue/catherine-the-great-portrait-of-a-woman_424/index.html
2026-10-06 22:32:32,505 | INFO | scrapers.base_scraper | Request: https://books.toscrape.com/catalogue/better-homes-and-gardens-new-cook-book_423/index.html
2026-10-06 22:32:33,507 | INFO | scrapers.base_scraper | Request: https://books.toscrape.com/catalogue/an-unquiet-mind-a-memoir-of-moods-and-madness_422/index.html
2026-10-06 22:32:34,266 | INFO | scrapers.base_scraper | Request: https://books.toscrape.com/catalogue/a-year-in-provence-provence-1_421/index.html
2026-10-06 22:32:35,021 | INFO | scrapers.books_scraper | Books page 29 parsed: 20 records
2026-10-06 22:32:35,050 | INFO | scrapers.books_scraper | Books page 30: https://books.toscrape.com/catalogue/page-30.html
2026-10-06 22:32:35,050 | INFO | scrapers.base_scraper | Request: https://books.toscrape.com/catalogue/page-30.html
2026-10-06 22:32:36,065 | INFO | scrapers.base_scraper | Request: https://books.toscrape.com/catalogue/world-without-end-the-pillars-of-the-earth-2_420/index.html
2026-10-06 22:32:36,845 | INFO | scrapers.base_scraper | Request: https://books.toscrape.com/catalogue/will-grayson-will-grayson-will-grayson-will-grayson_419/index.html
2026-10-06 22:32:37,606 | INFO | scrapers.base_scraper | Request: https://books.toscrape.com/catalogue/why-save-the-bankers-and-other-essays-on-our-economic-and-political-crisis_418/index.html
2026-10-06 22:32:38,605 | INFO | scrapers.base_scraper | Request: https://books.toscrape.com/catalogue/where-she-went-if-i-stay-2_417/index.html
2026-10-06 22:32:39,366 | INFO | scrapers.base_scraper | Request: https://books.toscrape.com/catalogue/what-if-serious-scientific-answers-to-absurd-hypothetical-questions_416/index.html
2026-10-06 22:32:40,371 | INFO | scrapers.base_scraper | Request: https://books.toscrape.com/catalogue/two-summers_415/index.html
2026-10-06 22:32:41,128 | INFO | scrapers.base_scraper | Request: https://books.toscrape.com/catalogue/this-is-your-brain-on-music-the-science-of-a-human-obsession_414/index.html
2026-10-06 22:32:41,890 | INFO | scrapers.base_scraper | Request: https://books.toscrape.com/catalogue/the-secret-garden_413/index.html
2026-10-06 22:32:42,652 | INFO | scrapers.base_scraper | Request: https://books.toscrape.com/catalogue/the-raven-king-the-raven-cycle-4_412/index.html
2026-10-06 22:32:43,406 | INFO | scrapers.base_scraper | Request: https://books.toscrape.com/catalogue/the-raven-boys-the-raven-cycle-1_411/index.html
2026-10-06 22:32:44,172 | INFO | scrapers.base_scraper | Request: https://books.toscrape.com/catalogue/the-power-greens-cookbook-140-delicious-superfood-recipes_410/index.html
2026-10-06 22:32:45,171 | INFO | scrapers.base_scraper | Request: https://books.toscrape.com/catalogue/the-metamorphosis_409/index.html
2026-10-06 22:32:45,934 | INFO | scrapers.base_scraper | Request: https://books.toscrape.com/catalogue/the-mathews-men-seven-brothers-and-the-war-against-hitlers-u-boats_408/index.html
2026-10-06 22:32:46,938 | INFO | scrapers.base_scraper | Request: https://books.toscrape.com/catalogue/the-little-paris-bookshop_407/index.html
2026-10-06 22:32:47,699 | INFO | scrapers.base_scraper | Request: https://books.toscrape.com/catalogue/the-hiding-place_406/index.html
2026-10-06 22:32:48,456 | INFO | scrapers.base_scraper | Request: https://books.toscrape.com/catalogue/the-grand-design_405/index.html
2026-10-06 22:32:49,456 | INFO | scrapers.base_scraper | Request: https://books.toscrape.com/catalogue/the-firm_404/index.html
2026-10-06 22:32:50,220 | INFO | scrapers.base_scraper | Request: https://books.toscrape.com/catalogue/the-fault-in-our-stars_403/index.html
2026-10-06 22:32:50,974 | INFO | scrapers.base_scraper | Request: https://books.toscrape.com/catalogue/the-false-prince-the-ascendance-trilogy-1_402/index.html
2026-10-06 22:32:51,982 | INFO | scrapers.base_scraper | Request: https://books.toscrape.com/catalogue/the-expatriates_401/index.html
2026-10-06 22:32:53,042 | INFO | scrapers.books_scraper | Books page 30 parsed: 20 records
2026-10-06 22:32:53,061 | INFO | scrapers.books_scraper | Books page 31: https://books.toscrape.com/catalogue/page-31.html
2026-10-06 22:32:53,061 | INFO | scrapers.base_scraper | Request: https://books.toscrape.com/catalogue/page-31.html
2026-10-06 22:32:54,146 | INFO | scrapers.base_scraper | Request: https://books.toscrape.com/catalogue/the-dream-thieves-the-raven-cycle-2_400/index.html
2026-10-06 22:32:54,904 | INFO | scrapers.base_scraper | Request: https://books.toscrape.com/catalogue/the-darkest-corners_399/index.html
2026-10-06 22:32:55,663 | INFO | scrapers.base_scraper | Request: https://books.toscrape.com/catalogue/the-crossover_398/index.html
2026-10-06 22:32:56,422 | INFO | scrapers.base_scraper | Request: https://books.toscrape.com/catalogue/the-5th-wave-the-5th-wave-1_397/index.html
2026-10-06 22:32:57,184 | INFO | scrapers.base_scraper | Request: https://books.toscrape.com/catalogue/tell-the-wind-and-fire_396/index.html
2026-10-06 22:32:58,189 | INFO | scrapers.base_scraper | Request: https://books.toscrape.com/catalogue/tell-me-three-things_395/index.html
2026-10-06 22:32:58,943 | INFO | scrapers.base_scraper | Request: https://books.toscrape.com/catalogue/talking-to-girls-about-duran-duran-one-young-mans-quest-for-true-love-and-a-cooler-haircut_394/index.html
2026-10-06 22:32:59,948 | INFO | scrapers.base_scraper | Request: https://books.toscrape.com/catalogue/siddhartha_393/index.html
2026-10-06 22:33:00,707 | INFO | scrapers.base_scraper | Request: https://books.toscrape.com/catalogue/shiver-the-wolves-of-mercy-falls-1_392/index.html
2026-10-06 22:33:01,721 | INFO | scrapers.base_scraper | Request: https://books.toscrape.com/catalogue/remember-me_391/index.html
2026-10-06 22:33:02,777 | INFO | scrapers.base_scraper | Request: https://books.toscrape.com/catalogue/red-dragon-hannibal-lecter-1_390/index.html
2026-10-06 22:33:03,561 | INFO | scrapers.base_scraper | Request: https://books.toscrape.com/catalogue/peak-secrets-from-the-new-science-of-expertise_389/index.html
2026-10-06 22:33:04,372 | INFO | scrapers.base_scraper | Request: https://books.toscrape.com/catalogue/my-mother-was-nuts_388/index.html
2026-10-06 22:33:05,421 | INFO | scrapers.base_scraper | Request: https://books.toscrape.com/catalogue/mexican-today-new-and-rediscovered-recipes-for-contemporary-kitchens_387/index.html
2026-10-06 22:33:06,425 | INFO | scrapers.base_scraper | Request: https://books.toscrape.com/catalogue/maybe-something-beautiful-how-art-transformed-a-neighborhood_386/index.html
2026-10-06 22:33:07,181 | INFO | scrapers.base_scraper | Request: https://books.toscrape.com/catalogue/lola-and-the-boy-next-door-anna-and-the-french-kiss-2_385/index.html
2026-10-06 22:33:07,939 | INFO | scrapers.base_scraper | Request: https://books.toscrape.com/catalogue/logan-kade-fallen-crest-high-55_384/index.html
2026-10-06 22:33:08,940 | INFO | scrapers.base_scraper | Request: https://books.toscrape.com/catalogue/last-one-home-new-beginnings-1_383/index.html
2026-10-06 22:33:09,948 | INFO | scrapers.base_scraper | Request: https://books.toscrape.com/catalogue/killing-floor-jack-reacher-1_382/index.html
2026-10-06 22:33:10,715 | INFO | scrapers.base_scraper | Request: https://books.toscrape.com/catalogue/kill-the-boy-band_381/index.html
2026-10-06 22:33:11,714 | INFO | scrapers.books_scraper | Books page 31 parsed: 20 records
2026-10-06 22:33:11,741 | INFO | scrapers.books_scraper | Books page 32: https://books.toscrape.com/catalogue/page-32.html
2026-10-06 22:33:11,741 | INFO | scrapers.base_scraper | Request: https://books.toscrape.com/catalogue/page-32.html
2026-10-06 22:33:12,757 | INFO | scrapers.base_scraper | Request: https://books.toscrape.com/catalogue/isla-and-the-happily-ever-after-anna-and-the-french-kiss-3_380/index.html
2026-10-06 22:33:13,514 | INFO | scrapers.base_scraper | Request: https://books.toscrape.com/catalogue/if-i-stay-if-i-stay-1_379/index.html
2026-10-06 22:33:14,273 | INFO | scrapers.base_scraper | Request: https://books.toscrape.com/catalogue/i-know-why-the-caged-bird-sings-maya-angelous-autobiography-1_378/index.html
2026-10-06 22:33:15,321 | INFO | scrapers.base_scraper | Request: https://books.toscrape.com/catalogue/harry-potter-and-the-deathly-hallows-harry-potter-7_377/index.html
2026-10-06 22:33:16,079 | INFO | scrapers.base_scraper | Request: https://books.toscrape.com/catalogue/fruits-basket-vol-5-fruits-basket-5_376/index.html
2026-10-06 22:33:16,840 | INFO | scrapers.base_scraper | Request: https://books.toscrape.com/catalogue/foundation-foundation-publication-order-1_375/index.html
2026-10-06 22:33:17,842 | INFO | scrapers.base_scraper | Request: https://books.toscrape.com/catalogue/fool-me-once_374/index.html
2026-10-06 22:33:18,843 | INFO | scrapers.base_scraper | Request: https://books.toscrape.com/catalogue/find-her-detective-dd-warren-8_373/index.html
2026-10-06 22:33:19,845 | INFO | scrapers.base_scraper | Request: https://books.toscrape.com/catalogue/evicted-poverty-and-profit-in-the-american-city_372/index.html
2026-10-06 22:33:20,852 | INFO | scrapers.base_scraper | Request: https://books.toscrape.com/catalogue/drama_371/index.html
2026-10-06 22:33:21,611 | INFO | scrapers.base_scraper | Request: https://books.toscrape.com/catalogue/dracula-the-un-dead_370/index.html
2026-10-06 22:33:22,612 | INFO | scrapers.base_scraper | Request: https://books.toscrape.com/catalogue/digital-fortress_369/index.html
2026-10-06 22:33:23,628 | INFO | scrapers.base_scraper | Request: https://books.toscrape.com/catalogue/death-note-vol-5-whiteout-death-note-5_368/index.html
2026-10-06 22:33:24,630 | INFO | scrapers.base_scraper | Request: https://books.toscrape.com/catalogue/data-a-love-story-how-i-gamed-online-dating-to-meet-my-match_367/index.html
2026-10-06 22:33:25,393 | INFO | scrapers.base_scraper | Request: https://books.toscrape.com/catalogue/critique-of-pure-reason_366/index.html
2026-10-06 22:33:26,399 | INFO | scrapers.base_scraper | Request: https://books.toscrape.com/catalogue/booked_365/index.html
2026-10-06 22:33:27,161 | INFO | scrapers.base_scraper | Request: https://books.toscrape.com/catalogue/blue-lily-lily-blue-the-raven-cycle-3_364/index.html
2026-10-06 22:33:27,920 | INFO | scrapers.base_scraper | Request: https://books.toscrape.com/catalogue/approval-junkie-adventures-in-caring-too-much_363/index.html
2026-10-06 22:33:28,928 | INFO | scrapers.base_scraper | Request: https://books.toscrape.com/catalogue/an-abundance-of-katherines_362/index.html
2026-10-06 22:33:29,932 | INFO | scrapers.base_scraper | Request: https://books.toscrape.com/catalogue/americas-war-for-the-greater-middle-east-a-military-history_361/index.html
2026-10-06 22:33:30,932 | INFO | scrapers.books_scraper | Books page 32 parsed: 20 records
2026-10-06 22:33:30,960 | INFO | scrapers.books_scraper | Books page 33: https://books.toscrape.com/catalogue/page-33.html
2026-10-06 22:33:30,962 | INFO | scrapers.base_scraper | Request: https://books.toscrape.com/catalogue/page-33.html
2026-10-06 22:33:31,974 | INFO | scrapers.base_scraper | Request: https://books.toscrape.com/catalogue/alight-the-generations-trilogy-2_360/index.html
2026-10-06 22:33:32,755 | INFO | scrapers.base_scraper | Request: https://books.toscrape.com/catalogue/a-girls-guide-to-moving-on-new-beginnings-2_359/index.html
2026-10-06 22:33:33,755 | INFO | scrapers.base_scraper | Request: https://books.toscrape.com/catalogue/a-game-of-thrones-a-song-of-ice-and-fire-1_358/index.html
2026-10-06 22:33:34,509 | INFO | scrapers.base_scraper | Request: https://books.toscrape.com/catalogue/a-feast-for-crows-a-song-of-ice-and-fire-4_357/index.html
2026-10-06 22:33:35,513 | INFO | scrapers.base_scraper | Request: https://books.toscrape.com/catalogue/a-clash-of-kings-a-song-of-ice-and-fire-2_356/index.html
2026-10-06 22:33:36,517 | INFO | scrapers.base_scraper | Request: https://books.toscrape.com/catalogue/vogue-colors-a-to-z-a-fashion-coloring-book_355/index.html
2026-10-06 22:33:37,289 | INFO | scrapers.base_scraper | Request: https://books.toscrape.com/catalogue/the-shining-the-shining-1_354/index.html
2026-10-06 22:33:38,055 | INFO | scrapers.base_scraper | Request: https://books.toscrape.com/catalogue/the-pilgrims-progress_353/index.html
2026-10-06 22:33:38,811 | INFO | scrapers.base_scraper | Request: https://books.toscrape.com/catalogue/the-perfect-play-play-by-play-1_352/index.html
2026-10-06 22:33:39,809 | INFO | scrapers.base_scraper | Request: https://books.toscrape.com/catalogue/the-passion-of-dolssa_351/index.html
2026-10-06 22:33:40,575 | INFO | scrapers.base_scraper | Request: https://books.toscrape.com/catalogue/the-jazz-of-physics-the-secret-link-between-music-and-the-structure-of-the-universe_350/index.html
2026-10-06 22:33:41,579 | INFO | scrapers.base_scraper | Request: https://books.toscrape.com/catalogue/the-hunger-games-the-hunger-games-1_349/index.html
2026-10-06 22:33:42,344 | INFO | scrapers.base_scraper | Request: https://books.toscrape.com/catalogue/the-hound-of-the-baskervilles-sherlock-holmes-5_348/index.html
2026-10-06 22:33:43,106 | INFO | scrapers.base_scraper | Request: https://books.toscrape.com/catalogue/the-gunning-of-america-business-and-the-making-of-american-gun-culture_347/index.html
2026-10-06 22:33:44,105 | INFO | scrapers.base_scraper | Request: https://books.toscrape.com/catalogue/the-geography-of-bliss-one-grumps-search-for-the-happiest-places-in-the-world_346/index.html
2026-10-06 22:33:45,110 | INFO | scrapers.base_scraper | Request: https://books.toscrape.com/catalogue/the-demonists-demonist-1_345/index.html
2026-10-06 22:33:45,866 | INFO | scrapers.base_scraper | Request: https://books.toscrape.com/catalogue/the-demon-prince-of-momochi-house-vol-4-the-demon-prince-of-momochi-house-4_344/index.html
2026-10-06 22:33:46,624 | INFO | scrapers.base_scraper | Request: https://books.toscrape.com/catalogue/the-bone-hunters-lexy-vaughan-steven-macaulay-2_343/index.html
2026-10-06 22:33:47,393 | INFO | scrapers.base_scraper | Request: https://books.toscrape.com/catalogue/the-beast-black-dagger-brotherhood-14_342/index.html
2026-10-06 22:33:48,389 | INFO | scrapers.base_scraper | Request: https://books.toscrape.com/catalogue/some-women_341/index.html
2026-10-06 22:33:49,159 | INFO | scrapers.books_scraper | Books page 33 parsed: 20 records
2026-10-06 22:33:49,183 | INFO | scrapers.books_scraper | Books page 34: https://books.toscrape.com/catalogue/page-34.html
2026-10-06 22:33:49,183 | INFO | scrapers.base_scraper | Request: https://books.toscrape.com/catalogue/page-34.html
2026-10-06 22:33:50,207 | INFO | scrapers.base_scraper | Request: https://books.toscrape.com/catalogue/shopaholic-ties-the-knot-shopaholic-3_340/index.html
2026-10-06 22:33:50,967 | INFO | scrapers.base_scraper | Request: https://books.toscrape.com/catalogue/paper-and-fire-the-great-library-2_339/index.html
2026-10-06 22:33:51,960 | INFO | scrapers.base_scraper | Request: https://books.toscrape.com/catalogue/outlander-outlander-1_338/index.html
2026-10-06 22:33:52,725 | INFO | scrapers.base_scraper | Request: https://books.toscrape.com/catalogue/orchestra-of-exiles-the-story-of-bronislaw-huberman-the-israel-philharmonic-and-the-one-thousand-jews-he-saved-from-nazi-horrors_337/index.html
2026-10-06 22:33:53,737 | INFO | scrapers.base_scraper | Request: https://books.toscrape.com/catalogue/no-one-here-gets-out-alive_336/index.html
2026-10-06 22:33:54,503 | INFO | scrapers.base_scraper | Request: https://books.toscrape.com/catalogue/night-shift-night-shift-1-20_335/index.html
2026-10-06 22:33:55,501 | INFO | scrapers.base_scraper | Request: https://books.toscrape.com/catalogue/needful-things_334/index.html
2026-10-06 22:33:56,261 | INFO | scrapers.base_scraper | Request: https://books.toscrape.com/catalogue/mockingjay-the-hunger-games-3_333/index.html
2026-10-06 22:33:57,262 | INFO | scrapers.base_scraper | Request: https://books.toscrape.com/catalogue/misery_332/index.html
2026-10-06 22:33:58,026 | INFO | scrapers.base_scraper | Request: https://books.toscrape.com/catalogue/little-women-little-women-1_331/index.html
2026-10-06 22:33:58,780 | INFO | scrapers.base_scraper | Request: https://books.toscrape.com/catalogue/it_330/index.html
2026-10-06 22:33:59,789 | INFO | scrapers.base_scraper | Request: https://books.toscrape.com/catalogue/harry-potter-and-the-sorcerers-stone-harry-potter-1_329/index.html
2026-10-06 22:34:00,548 | INFO | scrapers.base_scraper | Request: https://books.toscrape.com/catalogue/harry-potter-and-the-prisoner-of-azkaban-harry-potter-3_328/index.html
2026-10-06 22:34:01,307 | INFO | scrapers.base_scraper | Request: https://books.toscrape.com/catalogue/harry-potter-and-the-order-of-the-phoenix-harry-potter-5_327/index.html
2026-10-06 22:34:02,067 | INFO | scrapers.base_scraper | Request: https://books.toscrape.com/catalogue/harry-potter-and-the-half-blood-prince-harry-potter-6_326/index.html
2026-10-06 22:34:03,072 | INFO | scrapers.base_scraper | Request: https://books.toscrape.com/catalogue/harry-potter-and-the-chamber-of-secrets-harry-potter-2_325/index.html
2026-10-06 22:34:04,112 | INFO | scrapers.base_scraper | Request: https://books.toscrape.com/catalogue/gone-with-the-wind_324/index.html
2026-10-06 22:34:04,876 | INFO | scrapers.base_scraper | Request: https://books.toscrape.com/catalogue/god-is-not-great-how-religion-poisons-everything_323/index.html
2026-10-06 22:34:05,878 | INFO | scrapers.base_scraper | Request: https://books.toscrape.com/catalogue/girl-with-a-pearl-earring_322/index.html
2026-10-06 22:34:06,635 | INFO | scrapers.base_scraper | Request: https://books.toscrape.com/catalogue/fruits-basket-vol-4-fruits-basket-4_321/index.html
2026-10-06 22:34:07,393 | INFO | scrapers.books_scraper | Books page 34 parsed: 20 records
2026-10-06 22:34:07,422 | INFO | scrapers.books_scraper | Books page 35: https://books.toscrape.com/catalogue/page-35.html
2026-10-06 22:34:07,422 | INFO | scrapers.base_scraper | Request: https://books.toscrape.com/catalogue/page-35.html
2026-10-06 22:34:08,634 | INFO | scrapers.base_scraper | Request: https://books.toscrape.com/catalogue/far-from-true-promise-falls-trilogy-2_320/index.html
2026-10-06 22:34:09,635 | INFO | scrapers.base_scraper | Request: https://books.toscrape.com/catalogue/dark-lover-black-dagger-brotherhood-1_319/index.html
2026-10-06 22:34:10,640 | INFO | scrapers.base_scraper | Request: https://books.toscrape.com/catalogue/confessions-of-a-shopaholic-shopaholic-1_318/index.html
2026-10-06 22:34:11,673 | INFO | scrapers.base_scraper | Request: https://books.toscrape.com/catalogue/changing-the-game-play-by-play-2_317/index.html
2026-10-06 22:34:12,426 | INFO | scrapers.base_scraper | Request: https://books.toscrape.com/catalogue/candide_316/index.html
2026-10-06 22:34:13,198 | INFO | scrapers.base_scraper | Request: https://books.toscrape.com/catalogue/can-you-keep-a-secret_315/index.html
2026-10-06 22:34:13,957 | INFO | scrapers.base_scraper | Request: https://books.toscrape.com/catalogue/atlas-shrugged_314/index.html
2026-10-06 22:34:14,962 | INFO | scrapers.base_scraper | Request: https://books.toscrape.com/catalogue/animal-farm_313/index.html
2026-10-06 22:34:15,728 | INFO | scrapers.base_scraper | Request: https://books.toscrape.com/catalogue/a-walk-to-remember_312/index.html
2026-10-06 22:34:16,733 | INFO | scrapers.base_scraper | Request: https://books.toscrape.com/catalogue/a-new-earth-awakening-to-your-lifes-purpose_311/index.html
2026-10-06 22:34:17,731 | INFO | scrapers.base_scraper | Request: https://books.toscrape.com/catalogue/a-history-of-god-the-4000-year-quest-of-judaism-christianity-and-islam_310/index.html
2026-10-06 22:34:18,493 | INFO | scrapers.base_scraper | Request: https://books.toscrape.com/catalogue/salems-lot_309/index.html
2026-10-06 22:34:19,250 | INFO | scrapers.base_scraper | Request: https://books.toscrape.com/catalogue/zero-history-blue-ant-3_308/index.html
2026-10-06 22:34:20,253 | INFO | scrapers.base_scraper | Request: https://books.toscrape.com/catalogue/wuthering-heights_307/index.html
2026-10-06 22:34:21,013 | INFO | scrapers.base_scraper | Request: https://books.toscrape.com/catalogue/world-war-z-an-oral-history-of-the-zombie-war_306/index.html
2026-10-06 22:34:22,015 | INFO | scrapers.base_scraper | Request: https://books.toscrape.com/catalogue/wild-from-lost-to-found-on-the-pacific-crest-trail_305/index.html
2026-10-06 22:34:22,775 | INFO | scrapers.base_scraper | Request: https://books.toscrape.com/catalogue/whered-you-go-bernadette_304/index.html
2026-10-06 22:34:23,777 | INFO | scrapers.base_scraper | Request: https://books.toscrape.com/catalogue/when-you-are-engulfed-in-flames_303/index.html
2026-10-06 22:34:24,774 | INFO | scrapers.base_scraper | Request: https://books.toscrape.com/catalogue/we-the-people-the-modern-day-figures-who-have-reshaped-and-affirmed-the-founding-fathers-vision-of-america_302/index.html
2026-10-06 22:34:25,782 | INFO | scrapers.base_scraper | Request: https://books.toscrape.com/catalogue/we-are-all-completely-beside-ourselves_301/index.html
2026-10-06 22:34:26,542 | INFO | scrapers.books_scraper | Books page 35 parsed: 20 records
2026-10-06 22:34:26,563 | INFO | scrapers.books_scraper | Books page 36: https://books.toscrape.com/catalogue/page-36.html
2026-10-06 22:34:26,563 | INFO | scrapers.base_scraper | Request: https://books.toscrape.com/catalogue/page-36.html
2026-10-06 22:34:27,580 | INFO | scrapers.base_scraper | Request: https://books.toscrape.com/catalogue/walk-the-edge-thunder-road-2_300/index.html
2026-10-06 22:34:28,336 | INFO | scrapers.base_scraper | Request: https://books.toscrape.com/catalogue/voyager-outlander-3_299/index.html
2026-10-06 22:34:29,094 | INFO | scrapers.base_scraper | Request: https://books.toscrape.com/catalogue/very-good-lives-the-fringe-benefits-of-failure-and-the-importance-of-imagination_298/index.html
2026-10-06 22:34:30,099 | INFO | scrapers.base_scraper | Request: https://books.toscrape.com/catalogue/vegan-vegetarian-omnivore-dinner-for-everyone-at-the-table_297/index.html
2026-10-06 22:34:31,101 | INFO | scrapers.base_scraper | Request: https://books.toscrape.com/catalogue/unstuffed-decluttering-your-home-mind-and-soul_296/index.html
2026-10-06 22:34:32,103 | INFO | scrapers.base_scraper | Request: https://books.toscrape.com/catalogue/under-the-banner-of-heaven-a-story-of-violent-faith_295/index.html
2026-10-06 22:34:32,863 | INFO | scrapers.base_scraper | Request: https://books.toscrape.com/catalogue/two-boys-kissing_294/index.html
2026-10-06 22:34:33,623 | INFO | scrapers.base_scraper | Request: https://books.toscrape.com/catalogue/twilight-twilight-1_293/index.html
2026-10-06 22:34:34,382 | INFO | scrapers.base_scraper | Request: https://books.toscrape.com/catalogue/twenties-girl_292/index.html
2026-10-06 22:34:35,139 | INFO | scrapers.base_scraper | Request: https://books.toscrape.com/catalogue/trespassing-across-america-one-mans-epic-never-done-before-and-sort-of-illegal-hike-across-the-heartland_291/index.html
2026-10-06 22:34:36,143 | INFO | scrapers.base_scraper | Request: https://books.toscrape.com/catalogue/three-martini-lunch_290/index.html
2026-10-06 22:34:36,906 | INFO | scrapers.base_scraper | Request: https://books.toscrape.com/catalogue/thinking-fast-and-slow_289/index.html
2026-10-06 22:34:37,908 | INFO | scrapers.base_scraper | Request: https://books.toscrape.com/catalogue/the-wild-robot_288/index.html
2026-10-06 22:34:38,665 | INFO | scrapers.base_scraper | Request: https://books.toscrape.com/catalogue/the-wicked-the-divine-vol-3-commercial-suicide-the-wicked-the-divine_287/index.html
2026-10-06 22:34:39,426 | INFO | scrapers.base_scraper | Request: https://books.toscrape.com/catalogue/the-undomestic-goddess_286/index.html
2026-10-06 22:34:40,180 | INFO | scrapers.base_scraper | Request: https://books.toscrape.com/catalogue/the-travelers_285/index.html
2026-10-06 22:34:41,181 | INFO | scrapers.base_scraper | Request: https://books.toscrape.com/catalogue/the-tipping-point-how-little-things-can-make-a-big-difference_284/index.html
2026-10-06 22:34:42,184 | INFO | scrapers.base_scraper | Request: https://books.toscrape.com/catalogue/the-thing-about-jellyfish_283/index.html
2026-10-06 22:34:42,946 | INFO | scrapers.base_scraper | Request: https://books.toscrape.com/catalogue/the-stand_282/index.html
2026-10-06 22:34:43,946 | INFO | scrapers.base_scraper | Request: https://books.toscrape.com/catalogue/the-smitten-kitchen-cookbook_281/index.html
2026-10-06 22:34:44,946 | INFO | scrapers.books_scraper | Books page 36 parsed: 20 records
2026-10-06 22:34:44,968 | INFO | scrapers.books_scraper | Books page 37: https://books.toscrape.com/catalogue/page-37.html
2026-10-06 22:34:44,968 | INFO | scrapers.base_scraper | Request: https://books.toscrape.com/catalogue/page-37.html
2026-10-06 22:34:45,981 | INFO | scrapers.base_scraper | Request: https://books.toscrape.com/catalogue/the-silkworm-cormoran-strike-2_280/index.html
2026-10-06 22:34:46,741 | INFO | scrapers.base_scraper | Request: https://books.toscrape.com/catalogue/the-sandman-vol-3-dream-country-the-sandman-volumes-3_279/index.html
2026-10-06 22:34:47,496 | INFO | scrapers.base_scraper | Request: https://books.toscrape.com/catalogue/the-rose-the-dagger-the-wrath-and-the-dawn-2_278/index.html
2026-10-06 22:34:48,543 | INFO | scrapers.base_scraper | Request: https://books.toscrape.com/catalogue/the-road-to-little-dribbling-adventures-of-an-american-in-britain-notes-from-a-small-island-2_277/index.html
2026-10-06 22:34:49,550 | INFO | scrapers.base_scraper | Request: https://books.toscrape.com/catalogue/the-rise-of-theodore-roosevelt-theodore-roosevelt-1_276/index.html
2026-10-06 22:34:50,314 | INFO | scrapers.base_scraper | Request: https://books.toscrape.com/catalogue/the-restaurant-at-the-end-of-the-universe-hitchhikers-guide-to-the-galaxy-2_275/index.html
2026-10-06 22:34:51,321 | INFO | scrapers.base_scraper | Request: https://books.toscrape.com/catalogue/the-rest-is-noise-listening-to-the-twentieth-century_274/index.html
2026-10-06 22:34:52,318 | INFO | scrapers.base_scraper | Request: https://books.toscrape.com/catalogue/the-red-tent_273/index.html
2026-10-06 22:34:53,079 | INFO | scrapers.base_scraper | Request: https://books.toscrape.com/catalogue/the-purpose-driven-life-what-on-earth-am-i-here-for_272/index.html
2026-10-06 22:34:53,842 | INFO | scrapers.base_scraper | Request: https://books.toscrape.com/catalogue/the-purest-hook-second-circle-tattoos-3_271/index.html
2026-10-06 22:34:54,596 | INFO | scrapers.base_scraper | Request: https://books.toscrape.com/catalogue/the-picture-of-dorian-gray_270/index.html
2026-10-06 22:34:55,359 | INFO | scrapers.base_scraper | Request: https://books.toscrape.com/catalogue/the-paris-wife_269/index.html
2026-10-06 22:34:56,360 | INFO | scrapers.base_scraper | Request: https://books.toscrape.com/catalogue/the-obsession_268/index.html
2026-10-06 22:34:57,117 | INFO | scrapers.base_scraper | Request: https://books.toscrape.com/catalogue/the-nightingale_267/index.html
2026-10-06 22:34:58,120 | INFO | scrapers.base_scraper | Request: https://books.toscrape.com/catalogue/the-new-guy-and-other-senior-year-distractions_266/index.html
2026-10-06 22:34:59,124 | INFO | scrapers.base_scraper | Request: https://books.toscrape.com/catalogue/the-nanny-diaries-nanny-1_265/index.html
2026-10-06 22:35:00,126 | INFO | scrapers.base_scraper | Request: https://books.toscrape.com/catalogue/the-name-of-god-is-mercy_264/index.html
2026-10-06 22:35:01,126 | INFO | scrapers.base_scraper | Request: https://books.toscrape.com/catalogue/the-maze-runner-the-maze-runner-1_263/index.html
2026-10-06 22:35:01,884 | INFO | scrapers.base_scraper | Request: https://books.toscrape.com/catalogue/the-lovers-dictionary_262/index.html
2026-10-06 22:35:02,880 | INFO | scrapers.base_scraper | Request: https://books.toscrape.com/catalogue/the-lonely-ones_261/index.html
2026-10-06 22:35:03,890 | INFO | scrapers.books_scraper | Books page 37 parsed: 20 records
2026-10-06 22:35:03,913 | INFO | scrapers.books_scraper | Books page 38: https://books.toscrape.com/catalogue/page-38.html
2026-10-06 22:35:03,913 | INFO | scrapers.base_scraper | Request: https://books.toscrape.com/catalogue/page-38.html
2026-10-06 22:35:04,931 | INFO | scrapers.base_scraper | Request: https://books.toscrape.com/catalogue/the-lean-startup-how-todays-entrepreneurs-use-continuous-innovation-to-create-radically-successful-businesses_260/index.html
2026-10-06 22:35:05,693 | INFO | scrapers.base_scraper | Request: https://books.toscrape.com/catalogue/the-last-painting-of-sara-de-vos_259/index.html
2026-10-06 22:35:06,450 | INFO | scrapers.base_scraper | Request: https://books.toscrape.com/catalogue/the-land-of-10000-madonnas_258/index.html
2026-10-06 22:35:07,209 | INFO | scrapers.base_scraper | Request: https://books.toscrape.com/catalogue/the-infinities_257/index.html
2026-10-06 22:35:08,209 | INFO | scrapers.base_scraper | Request: https://books.toscrape.com/catalogue/the-husbands-secret_256/index.html
2026-10-06 22:35:08,971 | INFO | scrapers.base_scraper | Request: https://books.toscrape.com/catalogue/the-hitchhikers-guide-to-the-galaxy-hitchhikers-guide-to-the-galaxy-1_255/index.html
2026-10-06 22:35:09,974 | INFO | scrapers.base_scraper | Request: https://books.toscrape.com/catalogue/the-guns-of-august_254/index.html
2026-10-06 22:35:10,731 | INFO | scrapers.base_scraper | Request: https://books.toscrape.com/catalogue/the-guernsey-literary-and-potato-peel-pie-society_253/index.html
2026-10-06 22:35:11,731 | INFO | scrapers.base_scraper | Request: https://books.toscrape.com/catalogue/the-goldfinch_252/index.html
2026-10-06 22:35:12,734 | INFO | scrapers.base_scraper | Request: https://books.toscrape.com/catalogue/the-giver-the-giver-quartet-1_251/index.html
2026-10-06 22:35:13,495 | INFO | scrapers.base_scraper | Request: https://books.toscrape.com/catalogue/the-girl-with-all-the-gifts_250/index.html
2026-10-06 22:35:14,246 | INFO | scrapers.base_scraper | Request: https://books.toscrape.com/catalogue/the-girl-who-played-with-fire-millennium-trilogy-2_249/index.html
2026-10-06 22:35:15,250 | INFO | scrapers.base_scraper | Request: https://books.toscrape.com/catalogue/the-girl-who-kicked-the-hornets-nest-millennium-trilogy-3_248/index.html
2026-10-06 22:35:16,255 | INFO | scrapers.base_scraper | Request: https://books.toscrape.com/catalogue/the-exiled_247/index.html
2026-10-06 22:35:17,015 | INFO | scrapers.base_scraper | Request: https://books.toscrape.com/catalogue/the-end-of-faith-religion-terror-and-the-future-of-reason_246/index.html
2026-10-06 22:35:17,774 | INFO | scrapers.base_scraper | Request: https://books.toscrape.com/catalogue/the-elegant-universe-superstrings-hidden-dimensions-and-the-quest-for-the-ultimate-theory_245/index.html
2026-10-06 22:35:18,777 | INFO | scrapers.base_scraper | Request: https://books.toscrape.com/catalogue/the-disappearing-spoon-and-other-true-tales-of-madness-love-and-the-history-of-the-world-from-the-periodic-table-of-the-elements_244/index.html
2026-10-06 22:35:19,776 | INFO | scrapers.base_scraper | Request: https://books.toscrape.com/catalogue/the-devil-wears-prada-the-devil-wears-prada-1_243/index.html
2026-10-06 22:35:20,782 | INFO | scrapers.base_scraper | Request: https://books.toscrape.com/catalogue/the-demon-haunted-world-science-as-a-candle-in-the-dark_242/index.html
2026-10-06 22:35:21,537 | INFO | scrapers.base_scraper | Request: https://books.toscrape.com/catalogue/the-day-the-crayons-came-home-crayons_241/index.html
2026-10-06 22:35:22,540 | INFO | scrapers.books_scraper | Books page 38 parsed: 20 records
2026-10-06 22:35:22,564 | INFO | scrapers.books_scraper | Books page 39: https://books.toscrape.com/catalogue/page-39.html
2026-10-06 22:35:22,564 | INFO | scrapers.base_scraper | Request: https://books.toscrape.com/catalogue/page-39.html
2026-10-06 22:35:23,577 | INFO | scrapers.base_scraper | Request: https://books.toscrape.com/catalogue/the-da-vinci-code-robert-langdon-2_240/index.html
2026-10-06 22:35:24,344 | INFO | scrapers.base_scraper | Request: https://books.toscrape.com/catalogue/the-cuckoos-calling-cormoran-strike-1_239/index.html
2026-10-06 22:35:25,095 | INFO | scrapers.base_scraper | Request: https://books.toscrape.com/catalogue/the-complete-stories-and-poems-the-works-of-edgar-allan-poe-cameo-edition_238/index.html
2026-10-06 22:35:25,860 | INFO | scrapers.base_scraper | Request: https://books.toscrape.com/catalogue/the-complete-poems_237/index.html
2026-10-06 22:35:26,859 | INFO | scrapers.base_scraper | Request: https://books.toscrape.com/catalogue/the-catcher-in-the-rye_236/index.html
2026-10-06 22:35:27,872 | INFO | scrapers.base_scraper | Request: https://books.toscrape.com/catalogue/the-cat-in-the-hat-beginner-books-b-1_235/index.html
2026-10-06 22:35:28,631 | INFO | scrapers.base_scraper | Request: https://books.toscrape.com/catalogue/the-case-for-christ-cases-for-christianity_234/index.html
2026-10-06 22:35:29,393 | INFO | scrapers.base_scraper | Request: https://books.toscrape.com/catalogue/the-book-thief_233/index.html
2026-10-06 22:35:30,394 | INFO | scrapers.base_scraper | Request: https://books.toscrape.com/catalogue/the-book-of-basketball-the-nba-according-to-the-sports-guy_232/index.html
2026-10-06 22:35:31,396 | INFO | scrapers.base_scraper | Request: https://books.toscrape.com/catalogue/the-blind-side-evolution-of-a-game_231/index.html
2026-10-06 22:35:32,400 | INFO | scrapers.base_scraper | Request: https://books.toscrape.com/catalogue/the-autobiography-of-malcolm-x_230/index.html
2026-10-06 22:35:33,159 | INFO | scrapers.base_scraper | Request: https://books.toscrape.com/catalogue/the-art-of-simple-food-notes-lessons-and-recipes-from-a-delicious-revolution_229/index.html
2026-10-06 22:35:34,167 | INFO | scrapers.base_scraper | Request: https://books.toscrape.com/catalogue/the-art-of-fielding_228/index.html
2026-10-06 22:35:34,925 | INFO | scrapers.base_scraper | Request: https://books.toscrape.com/catalogue/surely-youre-joking-mr-feynman-adventures-of-a-curious-character_227/index.html
2026-10-06 22:35:35,931 | INFO | scrapers.base_scraper | Request: https://books.toscrape.com/catalogue/stiff-the-curious-lives-of-human-cadavers_226/index.html
2026-10-06 22:35:36,693 | INFO | scrapers.base_scraper | Request: https://books.toscrape.com/catalogue/spilled-milk-based-on-a-true-story_225/index.html
2026-10-06 22:35:37,733 | INFO | scrapers.base_scraper | Request: https://books.toscrape.com/catalogue/something-borrowed-darcy-rachel-1_224/index.html
2026-10-06 22:35:38,496 | INFO | scrapers.base_scraper | Request: https://books.toscrape.com/catalogue/something-blue-darcy-rachel-2_223/index.html
2026-10-06 22:35:39,495 | INFO | scrapers.base_scraper | Request: https://books.toscrape.com/catalogue/soldier-talon-3_222/index.html
2026-10-06 22:35:40,497 | INFO | scrapers.base_scraper | Request: https://books.toscrape.com/catalogue/shopaholic-baby-shopaholic-5_221/index.html
2026-10-06 22:35:41,260 | INFO | scrapers.books_scraper | Books page 39 parsed: 20 records
2026-10-06 22:35:41,277 | INFO | scrapers.books_scraper | Books page 40: https://books.toscrape.com/catalogue/page-40.html
2026-10-06 22:35:41,285 | INFO | scrapers.base_scraper | Request: https://books.toscrape.com/catalogue/page-40.html
2026-10-06 22:35:42,298 | INFO | scrapers.base_scraper | Request: https://books.toscrape.com/catalogue/seven-days-in-the-art-world_220/index.html
2026-10-06 22:35:43,058 | INFO | scrapers.base_scraper | Request: https://books.toscrape.com/catalogue/seven-brief-lessons-on-physics_219/index.html
2026-10-06 22:35:43,826 | INFO | scrapers.base_scraper | Request: https://books.toscrape.com/catalogue/scarlet-the-lunar-chronicles-2_218/index.html
2026-10-06 22:35:44,585 | INFO | scrapers.base_scraper | Request: https://books.toscrape.com/catalogue/sarahs-key_217/index.html
2026-10-06 22:35:45,343 | INFO | scrapers.base_scraper | Request: https://books.toscrape.com/catalogue/saga-volume-3-saga-collected-editions-3_216/index.html
2026-10-06 22:35:46,105 | INFO | scrapers.base_scraper | Request: https://books.toscrape.com/catalogue/running-with-scissors_215/index.html
2026-10-06 22:35:46,865 | INFO | scrapers.base_scraper | Request: https://books.toscrape.com/catalogue/rogue-lawyer-rogue-lawyer-1_214/index.html
2026-10-06 22:35:47,870 | INFO | scrapers.base_scraper | Request: https://books.toscrape.com/catalogue/rise-of-the-rocket-girls-the-women-who-propelled-us-from-missiles-to-the-moon-to-mars_213/index.html
2026-10-06 22:35:48,875 | INFO | scrapers.base_scraper | Request: https://books.toscrape.com/catalogue/rework_212/index.html
2026-10-06 22:35:49,877 | INFO | scrapers.base_scraper | Request: https://books.toscrape.com/catalogue/reservations-for-two_211/index.html
2026-10-06 22:35:50,637 | INFO | scrapers.base_scraper | Request: https://books.toscrape.com/catalogue/red-the-true-story-of-red-riding-hood_210/index.html
2026-10-06 22:35:51,400 | INFO | scrapers.base_scraper | Request: https://books.toscrape.com/catalogue/ready-player-one_209/index.html
2026-10-06 22:35:52,161 | INFO | scrapers.base_scraper | Request: https://books.toscrape.com/catalogue/quiet-the-power-of-introverts-in-a-world-that-cant-stop-talking_208/index.html
2026-10-06 22:35:53,164 | INFO | scrapers.base_scraper | Request: https://books.toscrape.com/catalogue/prodigy-the-graphic-novel-legend-the-graphic-novel-2_207/index.html
2026-10-06 22:35:53,928 | INFO | scrapers.base_scraper | Request: https://books.toscrape.com/catalogue/persepolis-the-story-of-a-childhood-persepolis-1-2_206/index.html
2026-10-06 22:35:54,929 | INFO | scrapers.base_scraper | Request: https://books.toscrape.com/catalogue/packing-for-mars-the-curious-science-of-life-in-the-void_205/index.html
2026-10-06 22:35:55,686 | INFO | scrapers.base_scraper | Request: https://books.toscrape.com/catalogue/outliers-the-story-of-success_204/index.html
2026-10-06 22:35:56,446 | INFO | scrapers.base_scraper | Request: https://books.toscrape.com/catalogue/original-fake_203/index.html
2026-10-06 22:35:57,449 | INFO | scrapers.base_scraper | Request: https://books.toscrape.com/catalogue/orange-is-the-new-black_202/index.html
2026-10-06 22:35:58,216 | INFO | scrapers.base_scraper | Request: https://books.toscrape.com/catalogue/one-for-the-money-stephanie-plum-1_201/index.html
2026-10-06 22:35:58,978 | INFO | scrapers.books_scraper | Books page 40 parsed: 20 records
2026-10-06 22:35:59,002 | INFO | scrapers.books_scraper | Books page 41: https://books.toscrape.com/catalogue/page-41.html
2026-10-06 22:35:59,002 | INFO | scrapers.base_scraper | Request: https://books.toscrape.com/catalogue/page-41.html
2026-10-06 22:36:00,020 | INFO | scrapers.base_scraper | Request: https://books.toscrape.com/catalogue/notes-from-a-small-island-notes-from-a-small-island-1_200/index.html
2026-10-06 22:36:00,783 | INFO | scrapers.base_scraper | Request: https://books.toscrape.com/catalogue/night-the-night-trilogy-1_199/index.html
2026-10-06 22:36:01,545 | INFO | scrapers.base_scraper | Request: https://books.toscrape.com/catalogue/neither-here-nor-there-travels-in-europe_198/index.html
2026-10-06 22:36:02,310 | INFO | scrapers.base_scraper | Request: https://books.toscrape.com/catalogue/naked_197/index.html
2026-10-06 22:36:03,089 | INFO | scrapers.base_scraper | Request: https://books.toscrape.com/catalogue/morning-star-red-rising-3_196/index.html
2026-10-06 22:36:04,095 | INFO | scrapers.base_scraper | Request: https://books.toscrape.com/catalogue/miracles-from-heaven-a-little-girl-her-journey-to-heaven-and-her-amazing-story-of-healing_195/index.html
2026-10-06 22:36:05,100 | INFO | scrapers.base_scraper | Request: https://books.toscrape.com/catalogue/midnight-riot-peter-grant-rivers-of-london-books-1_194/index.html
2026-10-06 22:36:06,094 | INFO | scrapers.base_scraper | Request: https://books.toscrape.com/catalogue/me-talk-pretty-one-day_193/index.html
2026-10-06 22:36:06,861 | INFO | scrapers.base_scraper | Request: https://books.toscrape.com/catalogue/manuscript-found-in-accra_192/index.html
2026-10-06 22:36:07,862 | INFO | scrapers.base_scraper | Request: https://books.toscrape.com/catalogue/lust-wonder_191/index.html
2026-10-06 22:36:08,622 | INFO | scrapers.base_scraper | Request: https://books.toscrape.com/catalogue/lila-gilead-3_190/index.html
2026-10-06 22:36:09,633 | INFO | scrapers.base_scraper | Request: https://books.toscrape.com/catalogue/life-the-universe-and-everything-hitchhikers-guide-to-the-galaxy-3_189/index.html
2026-10-06 22:36:10,642 | INFO | scrapers.base_scraper | Request: https://books.toscrape.com/catalogue/life-without-a-recipe_188/index.html
2026-10-06 22:36:11,666 | INFO | scrapers.base_scraper | Request: https://books.toscrape.com/catalogue/life-after-life_187/index.html
2026-10-06 22:36:12,427 | INFO | scrapers.base_scraper | Request: https://books.toscrape.com/catalogue/letter-to-a-christian-nation_186/index.html
2026-10-06 22:36:13,185 | INFO | scrapers.base_scraper | Request: https://books.toscrape.com/catalogue/lets-pretend-this-never-happened-a-mostly-true-memoir_185/index.html
2026-10-06 22:36:14,186 | INFO | scrapers.base_scraper | Request: https://books.toscrape.com/catalogue/legend-legend-1_184/index.html
2026-10-06 22:36:15,188 | INFO | scrapers.base_scraper | Request: https://books.toscrape.com/catalogue/lean-in-women-work-and-the-will-to-lead_183/index.html
2026-10-06 22:36:16,192 | INFO | scrapers.base_scraper | Request: https://books.toscrape.com/catalogue/lamb-the-gospel-according-to-biff-christs-childhood-pal_182/index.html
2026-10-06 22:36:17,196 | INFO | scrapers.base_scraper | Request: https://books.toscrape.com/catalogue/lady-renegades-rebel-belle-3_181/index.html
2026-10-06 22:36:17,954 | INFO | scrapers.books_scraper | Books page 41 parsed: 20 records
2026-10-06 22:36:17,978 | INFO | scrapers.books_scraper | Books page 42: https://books.toscrape.com/catalogue/page-42.html
2026-10-06 22:36:17,978 | INFO | scrapers.base_scraper | Request: https://books.toscrape.com/catalogue/page-42.html
2026-10-06 22:36:18,995 | INFO | scrapers.base_scraper | Request: https://books.toscrape.com/catalogue/jurassic-park-jurassic-park-1_180/index.html
2026-10-06 22:36:19,752 | INFO | scrapers.base_scraper | Request: https://books.toscrape.com/catalogue/its-never-too-late-to-begin-again-discovering-creativity-and-meaning-at-midlife-and-beyond_179/index.html
2026-10-06 22:36:20,750 | INFO | scrapers.base_scraper | Request: https://books.toscrape.com/catalogue/is-everyone-hanging-out-without-me-and-other-concerns_178/index.html
2026-10-06 22:36:21,557 | INFO | scrapers.base_scraper | Request: https://books.toscrape.com/catalogue/into-the-wild_177/index.html
2026-10-06 22:36:22,548 | INFO | scrapers.base_scraper | Request: https://books.toscrape.com/catalogue/inferno-robert-langdon-4_176/index.html
2026-10-06 22:36:23,315 | INFO | scrapers.base_scraper | Request: https://books.toscrape.com/catalogue/in-the-garden-of-beasts-love-terror-and-an-american-family-in-hitlers-berlin_175/index.html
2026-10-06 22:36:24,317 | INFO | scrapers.base_scraper | Request: https://books.toscrape.com/catalogue/if-i-run-if-i-run-1_174/index.html
2026-10-06 22:36:25,079 | INFO | scrapers.base_scraper | Request: https://books.toscrape.com/catalogue/ive-got-your-number_173/index.html
2026-10-06 22:36:25,842 | INFO | scrapers.base_scraper | Request: https://books.toscrape.com/catalogue/i-am-malala-the-girl-who-stood-up-for-education-and-was-shot-by-the-taliban_172/index.html
2026-10-06 22:36:26,602 | INFO | scrapers.base_scraper | Request: https://books.toscrape.com/catalogue/hungry-girl-clean-hungry-easy-all-natural-recipes-for-healthy-eating-in-the-real-world_171/index.html
2026-10-06 22:36:27,366 | INFO | scrapers.base_scraper | Request: https://books.toscrape.com/catalogue/house-of-lost-worlds-dinosaurs-dynasties-and-the-story-of-life-on-earth_170/index.html
2026-10-06 22:36:28,126 | INFO | scrapers.base_scraper | Request: https://books.toscrape.com/catalogue/house-of-leaves_169/index.html
2026-10-06 22:36:28,883 | INFO | scrapers.base_scraper | Request: https://books.toscrape.com/catalogue/horrible-bear_168/index.html
2026-10-06 22:36:29,646 | INFO | scrapers.base_scraper | Request: https://books.toscrape.com/catalogue/holidays-on-ice_167/index.html
2026-10-06 22:36:30,402 | INFO | scrapers.base_scraper | Request: https://books.toscrape.com/catalogue/heir-to-the-sky_166/index.html
2026-10-06 22:36:31,408 | INFO | scrapers.base_scraper | Request: https://books.toscrape.com/catalogue/green-eggs-and-ham-beginner-books-b-16_165/index.html
2026-10-06 22:36:32,163 | INFO | scrapers.base_scraper | Request: https://books.toscrape.com/catalogue/grayson-vol-3-nemesis-grayson-3_164/index.html
2026-10-06 22:36:32,926 | INFO | scrapers.base_scraper | Request: https://books.toscrape.com/catalogue/gratitude_163/index.html
2026-10-06 22:36:33,684 | INFO | scrapers.base_scraper | Request: https://books.toscrape.com/catalogue/gone-girl_162/index.html
2026-10-06 22:36:34,445 | INFO | scrapers.base_scraper | Request: https://books.toscrape.com/catalogue/golden-heart-of-dread-3_161/index.html
2026-10-06 22:36:35,207 | INFO | scrapers.books_scraper | Books page 42 parsed: 20 records
2026-10-06 22:36:35,230 | INFO | scrapers.books_scraper | Books page 43: https://books.toscrape.com/catalogue/page-43.html
2026-10-06 22:36:35,230 | INFO | scrapers.base_scraper | Request: https://books.toscrape.com/catalogue/page-43.html
2026-10-06 22:36:36,246 | INFO | scrapers.base_scraper | Request: https://books.toscrape.com/catalogue/girl-in-the-blue-coat_160/index.html
2026-10-06 22:36:36,999 | INFO | scrapers.base_scraper | Request: https://books.toscrape.com/catalogue/fruits-basket-vol-3-fruits-basket-3_159/index.html
2026-10-06 22:36:37,760 | INFO | scrapers.base_scraper | Request: https://books.toscrape.com/catalogue/friday-night-lights-a-town-a-team-and-a-dream_158/index.html
2026-10-06 22:36:38,766 | INFO | scrapers.base_scraper | Request: https://books.toscrape.com/catalogue/fire-bound-sea-havensisters-of-the-heart-5_157/index.html
2026-10-06 22:36:39,766 | INFO | scrapers.base_scraper | Request: https://books.toscrape.com/catalogue/fifty-shades-freed-fifty-shades-3_156/index.html
2026-10-06 22:36:40,769 | INFO | scrapers.base_scraper | Request: https://books.toscrape.com/catalogue/fellside_155/index.html
2026-10-06 22:36:41,533 | INFO | scrapers.base_scraper | Request: https://books.toscrape.com/catalogue/extreme-prey-lucas-davenport-26_154/index.html
2026-10-06 22:36:42,290 | INFO | scrapers.base_scraper | Request: https://books.toscrape.com/catalogue/eragon-the-inheritance-cycle-1_153/index.html
2026-10-06 22:36:43,295 | INFO | scrapers.base_scraper | Request: https://books.toscrape.com/catalogue/eclipse-twilight-3_152/index.html
2026-10-06 22:36:44,059 | INFO | scrapers.base_scraper | Request: https://books.toscrape.com/catalogue/dune-dune-1_151/index.html
2026-10-06 22:36:44,818 | INFO | scrapers.base_scraper | Request: https://books.toscrape.com/catalogue/dracula_150/index.html
2026-10-06 22:36:45,567 | INFO | scrapers.base_scraper | Request: https://books.toscrape.com/catalogue/do-androids-dream-of-electric-sheep-blade-runner-1_149/index.html
2026-10-06 22:36:46,581 | INFO | scrapers.base_scraper | Request: https://books.toscrape.com/catalogue/disrupted-my-misadventure-in-the-start-up-bubble_148/index.html
2026-10-06 22:36:47,590 | INFO | scrapers.base_scraper | Request: https://books.toscrape.com/catalogue/dead-wake-the-last-crossing-of-the-lusitania_147/index.html
2026-10-06 22:36:48,596 | INFO | scrapers.base_scraper | Request: https://books.toscrape.com/catalogue/david-and-goliath-underdogs-misfits-and-the-art-of-battling-giants_146/index.html
2026-10-06 22:36:49,347 | INFO | scrapers.base_scraper | Request: https://books.toscrape.com/catalogue/darkfever-fever-1_145/index.html
2026-10-06 22:36:50,113 | INFO | scrapers.base_scraper | Request: https://books.toscrape.com/catalogue/dark-places_144/index.html
2026-10-06 22:36:50,872 | INFO | scrapers.base_scraper | Request: https://books.toscrape.com/catalogue/crazy-rich-asians-crazy-rich-asians-1_143/index.html
2026-10-06 22:36:51,877 | INFO | scrapers.base_scraper | Request: https://books.toscrape.com/catalogue/counting-thyme_142/index.html
2026-10-06 22:36:52,884 | INFO | scrapers.base_scraper | Request: https://books.toscrape.com/catalogue/cosmos_141/index.html
2026-10-06 22:36:53,645 | INFO | scrapers.books_scraper | Books page 43 parsed: 20 records
2026-10-06 22:36:53,665 | INFO | scrapers.books_scraper | Books page 44: https://books.toscrape.com/catalogue/page-44.html
2026-10-06 22:36:53,665 | INFO | scrapers.base_scraper | Request: https://books.toscrape.com/catalogue/page-44.html
2026-10-06 22:36:54,685 | INFO | scrapers.base_scraper | Request: https://books.toscrape.com/catalogue/civilization-and-its-discontents_140/index.html
2026-10-06 22:36:55,449 | INFO | scrapers.base_scraper | Request: https://books.toscrape.com/catalogue/cinder-the-lunar-chronicles-1_139/index.html
2026-10-06 22:36:56,205 | INFO | scrapers.base_scraper | Request: https://books.toscrape.com/catalogue/catastrophic-happiness-finding-joy-in-childhoods-messy-years_138/index.html
2026-10-06 22:36:56,965 | INFO | scrapers.base_scraper | Request: https://books.toscrape.com/catalogue/career-of-evil-cormoran-strike-3_137/index.html
2026-10-06 22:36:57,727 | INFO | scrapers.base_scraper | Request: https://books.toscrape.com/catalogue/breaking-dawn-twilight-4_136/index.html
2026-10-06 22:36:58,727 | INFO | scrapers.base_scraper | Request: https://books.toscrape.com/catalogue/brave-enough_135/index.html
2026-10-06 22:36:59,730 | INFO | scrapers.base_scraper | Request: https://books.toscrape.com/catalogue/boy-meets-boy_134/index.html
2026-10-06 22:37:00,488 | INFO | scrapers.base_scraper | Request: https://books.toscrape.com/catalogue/born-to-run-a-hidden-tribe-superathletes-and-the-greatest-race-the-world-has-never-seen_133/index.html
2026-10-06 22:37:01,488 | INFO | scrapers.base_scraper | Request: https://books.toscrape.com/catalogue/blink-the-power-of-thinking-without-thinking_132/index.html
2026-10-06 22:37:02,487 | INFO | scrapers.base_scraper | Request: https://books.toscrape.com/catalogue/black-flags-the-rise-of-isis_131/index.html
2026-10-06 22:37:03,485 | INFO | scrapers.base_scraper | Request: https://books.toscrape.com/catalogue/black-butler-vol-1-black-butler-1_130/index.html
2026-10-06 22:37:04,248 | INFO | scrapers.base_scraper | Request: https://books.toscrape.com/catalogue/big-little-lies_129/index.html
2026-10-06 22:37:05,264 | INFO | scrapers.base_scraper | Request: https://books.toscrape.com/catalogue/between-shades-of-gray_128/index.html
2026-10-06 22:37:06,278 | INFO | scrapers.base_scraper | Request: https://books.toscrape.com/catalogue/best-of-my-love-fools-gold-20_127/index.html
2026-10-06 22:37:07,283 | INFO | scrapers.base_scraper | Request: https://books.toscrape.com/catalogue/beowulf_126/index.html
2026-10-06 22:37:08,045 | INFO | scrapers.base_scraper | Request: https://books.toscrape.com/catalogue/beautiful-creatures-caster-chronicles-1_125/index.html
2026-10-06 22:37:08,846 | INFO | scrapers.base_scraper | Request: https://books.toscrape.com/catalogue/awkward_124/index.html
2026-10-06 22:37:09,599 | INFO | scrapers.base_scraper | Request: https://books.toscrape.com/catalogue/ash_123/index.html
2026-10-06 22:37:10,373 | INFO | scrapers.base_scraper | Request: https://books.toscrape.com/catalogue/are-we-there-yet_122/index.html
2026-10-06 22:37:11,133 | INFO | scrapers.base_scraper | Request: https://books.toscrape.com/catalogue/are-we-smart-enough-to-know-how-smart-animals-are_121/index.html
2026-10-06 22:37:12,135 | INFO | scrapers.books_scraper | Books page 44 parsed: 20 records
2026-10-06 22:37:12,161 | INFO | scrapers.books_scraper | Books page 45: https://books.toscrape.com/catalogue/page-45.html
2026-10-06 22:37:12,161 | INFO | scrapers.base_scraper | Request: https://books.toscrape.com/catalogue/page-45.html
2026-10-06 22:37:13,178 | INFO | scrapers.base_scraper | Request: https://books.toscrape.com/catalogue/annie-on-my-mind_120/index.html
2026-10-06 22:37:13,934 | INFO | scrapers.base_scraper | Request: https://books.toscrape.com/catalogue/and-then-there-were-none_119/index.html
2026-10-06 22:37:14,697 | INFO | scrapers.base_scraper | Request: https://books.toscrape.com/catalogue/a-walk-in-the-woods-rediscovering-america-on-the-appalachian-trail_118/index.html
2026-10-06 22:37:15,697 | INFO | scrapers.base_scraper | Request: https://books.toscrape.com/catalogue/a-visit-from-the-goon-squad_117/index.html
2026-10-06 22:37:16,705 | INFO | scrapers.base_scraper | Request: https://books.toscrape.com/catalogue/a-storm-of-swords-a-song-of-ice-and-fire-3_116/index.html
2026-10-06 22:37:17,711 | INFO | scrapers.base_scraper | Request: https://books.toscrape.com/catalogue/a-heartbreaking-work-of-staggering-genius_115/index.html
2026-10-06 22:37:18,712 | INFO | scrapers.base_scraper | Request: https://books.toscrape.com/catalogue/8-keys-to-mental-health-through-exercise_114/index.html
2026-10-06 22:37:19,467 | INFO | scrapers.base_scraper | Request: https://books.toscrape.com/catalogue/girlboss_113/index.html
2026-10-06 22:37:20,229 | INFO | scrapers.base_scraper | Request: https://books.toscrape.com/catalogue/the-suffragettes-little-black-classics-96_112/index.html
2026-10-06 22:37:20,991 | INFO | scrapers.base_scraper | Request: https://books.toscrape.com/catalogue/the-sense-of-an-ending_111/index.html
2026-10-06 22:37:21,985 | INFO | scrapers.base_scraper | Request: https://books.toscrape.com/catalogue/the-sandman-vol-2-the-dolls-house-the-sandman-volumes-2_110/index.html
2026-10-06 22:37:22,743 | INFO | scrapers.base_scraper | Request: https://books.toscrape.com/catalogue/the-course-of-love_109/index.html
2026-10-06 22:37:23,747 | INFO | scrapers.base_scraper | Request: https://books.toscrape.com/catalogue/sugar-rush-offensive-line-2_108/index.html
2026-10-06 22:37:24,753 | INFO | scrapers.base_scraper | Request: https://books.toscrape.com/catalogue/saga-volume-2-saga-collected-editions-2_107/index.html
2026-10-06 22:37:25,517 | INFO | scrapers.base_scraper | Request: https://books.toscrape.com/catalogue/run-spot-run-the-ethics-of-keeping-pets_106/index.html
2026-10-06 22:37:26,520 | INFO | scrapers.base_scraper | Request: https://books.toscrape.com/catalogue/new-moon-twilight-2_105/index.html
2026-10-06 22:37:27,280 | INFO | scrapers.base_scraper | Request: https://books.toscrape.com/catalogue/life_104/index.html
2026-10-06 22:37:28,036 | INFO | scrapers.base_scraper | Request: https://books.toscrape.com/catalogue/kindle-paperwhite-users-guide_103/index.html
2026-10-06 22:37:28,798 | INFO | scrapers.base_scraper | Request: https://books.toscrape.com/catalogue/h-is-for-hawk_102/index.html
2026-10-06 22:37:29,814 | INFO | scrapers.base_scraper | Request: https://books.toscrape.com/catalogue/girl-online-on-tour-girl-online-2_101/index.html
2026-10-06 22:37:30,572 | INFO | scrapers.books_scraper | Books page 45 parsed: 20 records
2026-10-06 22:37:30,595 | INFO | scrapers.books_scraper | Books page 46: https://books.toscrape.com/catalogue/page-46.html
2026-10-06 22:37:30,596 | INFO | scrapers.base_scraper | Request: https://books.toscrape.com/catalogue/page-46.html
2026-10-06 22:37:31,611 | INFO | scrapers.base_scraper | Request: https://books.toscrape.com/catalogue/fruits-basket-vol-2-fruits-basket-2_100/index.html
2026-10-06 22:37:32,368 | INFO | scrapers.base_scraper | Request: https://books.toscrape.com/catalogue/diary-of-a-minecraft-zombie-book-1-a-scare-of-a-dare-an-unofficial-minecraft-book_99/index.html
2026-10-06 22:37:33,129 | INFO | scrapers.base_scraper | Request: https://books.toscrape.com/catalogue/y-the-last-man-vol-1-unmanned-y-the-last-man-1_98/index.html
2026-10-06 22:37:33,891 | INFO | scrapers.base_scraper | Request: https://books.toscrape.com/catalogue/while-you-were-mine_97/index.html
2026-10-06 22:37:34,651 | INFO | scrapers.base_scraper | Request: https://books.toscrape.com/catalogue/where-lightning-strikes-bleeding-stars-3_96/index.html
2026-10-06 22:37:35,653 | INFO | scrapers.base_scraper | Request: https://books.toscrape.com/catalogue/when-im-gone_95/index.html
2026-10-06 22:37:36,416 | INFO | scrapers.base_scraper | Request: https://books.toscrape.com/catalogue/ways-of-seeing_94/index.html
2026-10-06 22:37:37,418 | INFO | scrapers.base_scraper | Request: https://books.toscrape.com/catalogue/vampire-knight-vol-1-vampire-knight-1_93/index.html
2026-10-06 22:37:38,180 | INFO | scrapers.base_scraper | Request: https://books.toscrape.com/catalogue/vampire-girl-vampire-girl-1_92/index.html
2026-10-06 22:37:38,935 | INFO | scrapers.base_scraper | Request: https://books.toscrape.com/catalogue/twenty-love-poems-and-a-song-of-despair_91/index.html
2026-10-06 22:37:39,717 | INFO | scrapers.base_scraper | Request: https://books.toscrape.com/catalogue/travels-with-charley-in-search-of-america_90/index.html
2026-10-06 22:37:40,728 | INFO | scrapers.base_scraper | Request: https://books.toscrape.com/catalogue/three-wishes-river-of-time-california-1_89/index.html
2026-10-06 22:37:41,486 | INFO | scrapers.base_scraper | Request: https://books.toscrape.com/catalogue/this-one-moment-pushing-limits-1_88/index.html
2026-10-06 22:37:42,244 | INFO | scrapers.base_scraper | Request: https://books.toscrape.com/catalogue/the-zombie-room_87/index.html
2026-10-06 22:37:43,002 | INFO | scrapers.base_scraper | Request: https://books.toscrape.com/catalogue/the-wicked-the-divine-vol-1-the-faust-act-the-wicked-the-divine_86/index.html
2026-10-06 22:37:43,762 | INFO | scrapers.base_scraper | Request: https://books.toscrape.com/catalogue/the-tumor_85/index.html
2026-10-06 22:37:44,764 | INFO | scrapers.base_scraper | Request: https://books.toscrape.com/catalogue/the-story-of-hong-gildong_84/index.html
2026-10-06 22:37:45,532 | INFO | scrapers.base_scraper | Request: https://books.toscrape.com/catalogue/the-silent-wife_83/index.html
2026-10-06 22:37:46,529 | INFO | scrapers.base_scraper | Request: https://books.toscrape.com/catalogue/the-silent-twin-detective-jennifer-knight-3_82/index.html
2026-10-06 22:37:47,539 | INFO | scrapers.base_scraper | Request: https://books.toscrape.com/catalogue/the-selfish-gene_81/index.html
2026-10-06 22:37:48,619 | INFO | scrapers.books_scraper | Books page 46 parsed: 20 records
2026-10-06 22:37:48,646 | INFO | scrapers.books_scraper | Books page 47: https://books.toscrape.com/catalogue/page-47.html
2026-10-06 22:37:48,646 | INFO | scrapers.base_scraper | Request: https://books.toscrape.com/catalogue/page-47.html
2026-10-06 22:37:49,654 | INFO | scrapers.base_scraper | Request: https://books.toscrape.com/catalogue/the-secret-healer_80/index.html
2026-10-06 22:37:50,422 | INFO | scrapers.base_scraper | Request: https://books.toscrape.com/catalogue/the-sandman-vol-1-preludes-and-nocturnes-the-sandman-volumes-1_79/index.html
2026-10-06 22:37:51,419 | INFO | scrapers.base_scraper | Request: https://books.toscrape.com/catalogue/the-republic_78/index.html
2026-10-06 22:37:52,223 | INFO | scrapers.base_scraper | Request: https://books.toscrape.com/catalogue/the-odyssey_77/index.html
2026-10-06 22:37:53,232 | INFO | scrapers.base_scraper | Request: https://books.toscrape.com/catalogue/the-no-1-ladies-detective-agency-no-1-ladies-detective-agency-1_76/index.html
2026-10-06 22:37:53,986 | INFO | scrapers.base_scraper | Request: https://books.toscrape.com/catalogue/the-nicomachean-ethics_75/index.html
2026-10-06 22:37:54,995 | INFO | scrapers.base_scraper | Request: https://books.toscrape.com/catalogue/the-name-of-the-wind-the-kingkiller-chronicle-1_74/index.html
2026-10-06 22:37:55,785 | INFO | scrapers.base_scraper | Request: https://books.toscrape.com/catalogue/the-mirror-the-maze-the-wrath-and-the-dawn-15_73/index.html
2026-10-06 22:37:56,556 | INFO | scrapers.base_scraper | Request: https://books.toscrape.com/catalogue/the-little-prince_72/index.html
2026-10-06 22:37:57,318 | INFO | scrapers.base_scraper | Request: https://books.toscrape.com/catalogue/the-light-of-the-fireflies_71/index.html
2026-10-06 22:37:58,385 | INFO | scrapers.base_scraper | Request: https://books.toscrape.com/catalogue/the-last-girl-the-dominion-trilogy-1_70/index.html
2026-10-06 22:37:59,392 | INFO | scrapers.base_scraper | Request: https://books.toscrape.com/catalogue/the-iliad_69/index.html
2026-10-06 22:38:00,143 | INFO | scrapers.base_scraper | Request: https://books.toscrape.com/catalogue/the-hook-up-game-on-1_68/index.html
2026-10-06 22:38:01,155 | INFO | scrapers.base_scraper | Request: https://books.toscrape.com/catalogue/the-haters_67/index.html
2026-10-06 22:38:02,155 | INFO | scrapers.base_scraper | Request: https://books.toscrape.com/catalogue/the-girl-you-lost_66/index.html
2026-10-06 22:38:03,161 | INFO | scrapers.base_scraper | Request: https://books.toscrape.com/catalogue/the-girl-in-the-ice-dci-erika-foster-1_65/index.html
2026-10-06 22:38:03,940 | INFO | scrapers.base_scraper | Request: https://books.toscrape.com/catalogue/the-end-of-the-jesus-era-an-investigation-1_64/index.html
2026-10-06 22:38:04,697 | INFO | scrapers.base_scraper | Request: https://books.toscrape.com/catalogue/the-edge-of-reason-bridget-jones-2_63/index.html
2026-10-06 22:38:05,724 | INFO | scrapers.base_scraper | Request: https://books.toscrape.com/catalogue/the-complete-maus-maus-1-2_62/index.html
2026-10-06 22:38:06,525 | INFO | scrapers.base_scraper | Request: https://books.toscrape.com/catalogue/the-communist-manifesto_61/index.html
2026-10-06 22:38:07,568 | INFO | scrapers.books_scraper | Books page 47 parsed: 20 records
2026-10-06 22:38:07,587 | INFO | scrapers.books_scraper | Books page 48: https://books.toscrape.com/catalogue/page-48.html
2026-10-06 22:38:07,587 | INFO | scrapers.base_scraper | Request: https://books.toscrape.com/catalogue/page-48.html
2026-10-06 22:38:08,652 | INFO | scrapers.base_scraper | Request: https://books.toscrape.com/catalogue/the-bhagavad-gita_60/index.html
2026-10-06 22:38:09,416 | INFO | scrapers.base_scraper | Request: https://books.toscrape.com/catalogue/the-bette-davis-club_59/index.html
2026-10-06 22:38:10,173 | INFO | scrapers.base_scraper | Request: https://books.toscrape.com/catalogue/the-art-of-not-breathing_58/index.html
2026-10-06 22:38:10,934 | INFO | scrapers.base_scraper | Request: https://books.toscrape.com/catalogue/taking-shots-assassins-1_57/index.html
2026-10-06 22:38:11,688 | INFO | scrapers.base_scraper | Request: https://books.toscrape.com/catalogue/starlark_56/index.html
2026-10-06 22:38:12,689 | INFO | scrapers.base_scraper | Request: https://books.toscrape.com/catalogue/skip-beat-vol-01-skip-beat-1_55/index.html
2026-10-06 22:38:13,447 | INFO | scrapers.base_scraper | Request: https://books.toscrape.com/catalogue/sister-sable-the-mad-queen-1_54/index.html
2026-10-06 22:38:14,453 | INFO | scrapers.base_scraper | Request: https://books.toscrape.com/catalogue/shatter-me-shatter-me-1_53/index.html
2026-10-06 22:38:15,454 | INFO | scrapers.base_scraper | Request: https://books.toscrape.com/catalogue/shameless_52/index.html
2026-10-06 22:38:16,455 | INFO | scrapers.base_scraper | Request: https://books.toscrape.com/catalogue/shadow-rites-jane-yellowrock-10_51/index.html
2026-10-06 22:38:17,216 | INFO | scrapers.base_scraper | Request: https://books.toscrape.com/catalogue/settling-the-score-the-summer-games-1_50/index.html
2026-10-06 22:38:18,215 | INFO | scrapers.base_scraper | Request: https://books.toscrape.com/catalogue/sense-and-sensibility_49/index.html
2026-10-06 22:38:18,979 | INFO | scrapers.base_scraper | Request: https://books.toscrape.com/catalogue/saga-volume-1-saga-collected-editions-1_48/index.html
2026-10-06 22:38:19,732 | INFO | scrapers.base_scraper | Request: https://books.toscrape.com/catalogue/rhythm-chord-malykhin_47/index.html
2026-10-06 22:38:20,735 | INFO | scrapers.base_scraper | Request: https://books.toscrape.com/catalogue/rat-queens-vol-1-sass-sorcery-rat-queens-collected-editions-1-5_46/index.html
2026-10-06 22:38:21,498 | INFO | scrapers.base_scraper | Request: https://books.toscrape.com/catalogue/paradise-lost-paradise-1_45/index.html
2026-10-06 22:38:22,773 | INFO | scrapers.base_scraper | Request: https://books.toscrape.com/catalogue/paper-girls-vol-1-paper-girls-1-5_44/index.html
2026-10-06 22:38:23,535 | INFO | scrapers.base_scraper | Request: https://books.toscrape.com/catalogue/ouran-high-school-host-club-vol-1-ouran-high-school-host-club-1_43/index.html
2026-10-06 22:38:24,297 | INFO | scrapers.base_scraper | Request: https://books.toscrape.com/catalogue/origins-alphas-05_42/index.html
2026-10-06 22:38:25,051 | INFO | scrapers.base_scraper | Request: https://books.toscrape.com/catalogue/one-second-seven-7_41/index.html
2026-10-06 22:38:25,815 | INFO | scrapers.books_scraper | Books page 48 parsed: 20 records
2026-10-06 22:38:25,839 | INFO | scrapers.books_scraper | Books page 49: https://books.toscrape.com/catalogue/page-49.html
2026-10-06 22:38:25,839 | INFO | scrapers.base_scraper | Request: https://books.toscrape.com/catalogue/page-49.html
2026-10-06 22:38:27,062 | INFO | scrapers.base_scraper | Request: https://books.toscrape.com/catalogue/on-the-road-duluoz-legend_40/index.html
2026-10-06 22:38:27,900 | INFO | scrapers.base_scraper | Request: https://books.toscrape.com/catalogue/old-records-never-die-one-mans-quest-for-his-vinyl-and-his-past_39/index.html
2026-10-06 22:38:28,654 | INFO | scrapers.base_scraper | Request: https://books.toscrape.com/catalogue/off-sides-off-1_38/index.html
2026-10-06 22:38:29,423 | INFO | scrapers.base_scraper | Request: https://books.toscrape.com/catalogue/of-mice-and-men_37/index.html
2026-10-06 22:38:30,187 | INFO | scrapers.base_scraper | Request: https://books.toscrape.com/catalogue/myriad-prentor-1_36/index.html
2026-10-06 22:38:30,945 | INFO | scrapers.base_scraper | Request: https://books.toscrape.com/catalogue/my-perfect-mistake-over-the-top-1_35/index.html
2026-10-06 22:38:31,704 | INFO | scrapers.base_scraper | Request: https://books.toscrape.com/catalogue/ms-marvel-vol-1-no-normal-ms-marvel-2014-2015-1_34/index.html
2026-10-06 22:38:32,706 | INFO | scrapers.base_scraper | Request: https://books.toscrape.com/catalogue/meditations_33/index.html
2026-10-06 22:38:33,705 | INFO | scrapers.base_scraper | Request: https://books.toscrape.com/catalogue/matilda_32/index.html
2026-10-06 22:38:34,704 | INFO | scrapers.base_scraper | Request: https://books.toscrape.com/catalogue/lost-among-the-living_31/index.html
2026-10-06 22:38:35,469 | INFO | scrapers.base_scraper | Request: https://books.toscrape.com/catalogue/lord-of-the-flies_30/index.html
2026-10-06 22:38:36,469 | INFO | scrapers.base_scraper | Request: https://books.toscrape.com/catalogue/listen-to-me-fusion-1_29/index.html
2026-10-06 22:38:37,224 | INFO | scrapers.base_scraper | Request: https://books.toscrape.com/catalogue/kitchens-of-the-great-midwest_28/index.html
2026-10-06 22:38:38,230 | INFO | scrapers.base_scraper | Request: https://books.toscrape.com/catalogue/jane-eyre_27/index.html
2026-10-06 22:38:38,992 | INFO | scrapers.base_scraper | Request: https://books.toscrape.com/catalogue/imperfect-harmony_26/index.html
2026-10-06 22:38:39,750 | INFO | scrapers.base_scraper | Request: https://books.toscrape.com/catalogue/icing-aces-hockey-2_25/index.html
2026-10-06 22:38:40,806 | INFO | scrapers.base_scraper | Request: https://books.toscrape.com/catalogue/hawkeye-vol-1-my-life-as-a-weapon-hawkeye-1_24/index.html
2026-10-06 22:38:41,567 | INFO | scrapers.base_scraper | Request: https://books.toscrape.com/catalogue/having-the-barbarians-baby-ice-planet-barbarians-75_23/index.html
2026-10-06 22:38:42,568 | INFO | scrapers.base_scraper | Request: https://books.toscrape.com/catalogue/giant-days-vol-1-giant-days-1-4_22/index.html
2026-10-06 22:38:43,332 | INFO | scrapers.base_scraper | Request: https://books.toscrape.com/catalogue/fruits-basket-vol-1-fruits-basket-1_21/index.html
2026-10-06 22:38:44,088 | INFO | scrapers.books_scraper | Books page 49 parsed: 20 records
2026-10-06 22:38:44,117 | INFO | scrapers.books_scraper | Books page 50: https://books.toscrape.com/catalogue/page-50.html
2026-10-06 22:38:44,117 | INFO | scrapers.base_scraper | Request: https://books.toscrape.com/catalogue/page-50.html
2026-10-06 22:38:45,131 | INFO | scrapers.base_scraper | Request: https://books.toscrape.com/catalogue/frankenstein_20/index.html
2026-10-06 22:38:45,890 | INFO | scrapers.base_scraper | Request: https://books.toscrape.com/catalogue/forever-rockers-the-rocker-12_19/index.html
2026-10-06 22:38:46,646 | INFO | scrapers.base_scraper | Request: https://books.toscrape.com/catalogue/fighting-fate-fighting-6_18/index.html
2026-10-06 22:38:47,674 | INFO | scrapers.base_scraper | Request: https://books.toscrape.com/catalogue/emma_17/index.html
2026-10-06 22:38:48,439 | INFO | scrapers.base_scraper | Request: https://books.toscrape.com/catalogue/eat-pray-love_16/index.html
2026-10-06 22:38:49,250 | INFO | scrapers.base_scraper | Request: https://books.toscrape.com/catalogue/deep-under-walker-security-1_15/index.html
2026-10-06 22:38:50,016 | INFO | scrapers.base_scraper | Request: https://books.toscrape.com/catalogue/choosing-our-religion-the-spiritual-lives-of-americas-nones_14/index.html
2026-10-06 22:38:51,016 | INFO | scrapers.base_scraper | Request: https://books.toscrape.com/catalogue/charlie-and-the-chocolate-factory-charlie-bucket-1_13/index.html
2026-10-06 22:38:51,779 | INFO | scrapers.base_scraper | Request: https://books.toscrape.com/catalogue/charitys-cross-charles-towne-belles-4_12/index.html
2026-10-06 22:38:52,788 | INFO | scrapers.base_scraper | Request: https://books.toscrape.com/catalogue/bright-lines_11/index.html
2026-10-06 22:38:53,548 | INFO | scrapers.base_scraper | Request: https://books.toscrape.com/catalogue/bridget-joness-diary-bridget-jones-1_10/index.html
2026-10-06 22:38:54,306 | INFO | scrapers.base_scraper | Request: https://books.toscrape.com/catalogue/bounty-colorado-mountain-7_9/index.html
2026-10-06 22:38:55,068 | INFO | scrapers.base_scraper | Request: https://books.toscrape.com/catalogue/blood-defense-samantha-brinkman-1_8/index.html
2026-10-06 22:38:55,830 | INFO | scrapers.base_scraper | Request: https://books.toscrape.com/catalogue/bleach-vol-1-strawberry-and-the-soul-reapers-bleach-1_7/index.html
2026-10-06 22:38:56,585 | INFO | scrapers.base_scraper | Request: https://books.toscrape.com/catalogue/beyond-good-and-evil_6/index.html
2026-10-06 22:38:57,584 | INFO | scrapers.base_scraper | Request: https://books.toscrape.com/catalogue/alice-in-wonderland-alices-adventures-in-wonderland-1_5/index.html
2026-10-06 22:38:58,349 | INFO | scrapers.base_scraper | Request: https://books.toscrape.com/catalogue/ajin-demi-human-volume-1-ajin-demi-human-1_4/index.html
2026-10-06 22:38:59,348 | INFO | scrapers.base_scraper | Request: https://books.toscrape.com/catalogue/a-spys-devotion-the-regency-spies-of-london-1_3/index.html
2026-10-06 22:39:00,364 | INFO | scrapers.base_scraper | Request: https://books.toscrape.com/catalogue/1st-to-die-womens-murder-club-1_2/index.html
2026-10-06 22:39:01,371 | INFO | scrapers.base_scraper | Request: https://books.toscrape.com/catalogue/1000-places-to-see-before-you-die_1/index.html
2026-10-06 22:39:02,136 | INFO | scrapers.books_scraper | Books page 50 parsed: 20 records
2026-10-06 22:39:02,158 | INFO | scrapers.books_scraper | Books scrape complete: 1000 raw records
2026-10-06 22:39:02,266 | INFO | scrapers.quotes_scraper | Quotes page 1: https://quotes.toscrape.com/
2026-10-06 22:39:02,292 | INFO | scrapers.base_scraper | Request: https://quotes.toscrape.com/
2026-10-06 22:39:04,408 | INFO | scrapers.quotes_scraper | Quotes page 1 parsed: 10 records
2026-10-06 22:39:04,416 | INFO | scrapers.quotes_scraper | Quotes page 2: https://quotes.toscrape.com/page/2/
2026-10-06 22:39:04,416 | INFO | scrapers.base_scraper | Request: https://quotes.toscrape.com/page/2/
2026-10-06 22:39:05,455 | INFO | scrapers.quotes_scraper | Quotes page 2 parsed: 10 records
2026-10-06 22:39:05,466 | INFO | scrapers.quotes_scraper | Quotes page 3: https://quotes.toscrape.com/page/3/
2026-10-06 22:39:05,466 | INFO | scrapers.base_scraper | Request: https://quotes.toscrape.com/page/3/
2026-10-06 22:39:06,241 | INFO | scrapers.quotes_scraper | Quotes page 3 parsed: 10 records
2026-10-06 22:39:06,247 | INFO | scrapers.quotes_scraper | Quotes page 4: https://quotes.toscrape.com/page/4/
2026-10-06 22:39:06,247 | INFO | scrapers.base_scraper | Request: https://quotes.toscrape.com/page/4/
2026-10-06 22:39:07,025 | INFO | scrapers.quotes_scraper | Quotes page 4 parsed: 10 records
2026-10-06 22:39:07,033 | INFO | scrapers.quotes_scraper | Quotes page 5: https://quotes.toscrape.com/page/5/
2026-10-06 22:39:07,033 | INFO | scrapers.base_scraper | Request: https://quotes.toscrape.com/page/5/
2026-10-06 22:39:07,818 | INFO | scrapers.quotes_scraper | Quotes page 5 parsed: 10 records
2026-10-06 22:39:07,830 | INFO | scrapers.quotes_scraper | Quotes page 6: https://quotes.toscrape.com/page/6/
2026-10-06 22:39:07,830 | INFO | scrapers.base_scraper | Request: https://quotes.toscrape.com/page/6/
2026-10-06 22:39:08,608 | INFO | scrapers.quotes_scraper | Quotes page 6 parsed: 10 records
2026-10-06 22:39:08,616 | INFO | scrapers.quotes_scraper | Quotes page 7: https://quotes.toscrape.com/page/7/
2026-10-06 22:39:08,616 | INFO | scrapers.base_scraper | Request: https://quotes.toscrape.com/page/7/
2026-10-06 22:39:09,392 | INFO | scrapers.quotes_scraper | Quotes page 7 parsed: 10 records
2026-10-06 22:39:09,398 | INFO | scrapers.quotes_scraper | Quotes page 8: https://quotes.toscrape.com/page/8/
2026-10-06 22:39:09,398 | INFO | scrapers.base_scraper | Request: https://quotes.toscrape.com/page/8/
2026-10-06 22:39:10,175 | INFO | scrapers.quotes_scraper | Quotes page 8 parsed: 10 records
2026-10-06 22:39:10,180 | INFO | scrapers.quotes_scraper | Quotes page 9: https://quotes.toscrape.com/page/9/
2026-10-06 22:39:10,180 | INFO | scrapers.base_scraper | Request: https://quotes.toscrape.com/page/9/
2026-10-06 22:39:10,965 | INFO | scrapers.quotes_scraper | Quotes page 9 parsed: 10 records
2026-10-06 22:39:10,971 | INFO | scrapers.quotes_scraper | Quotes page 10: https://quotes.toscrape.com/page/10/
2026-10-06 22:39:10,971 | INFO | scrapers.base_scraper | Request: https://quotes.toscrape.com/page/10/
2026-10-06 22:39:11,747 | INFO | scrapers.quotes_scraper | Quotes page 10 parsed: 10 records
2026-10-06 22:39:11,755 | INFO | scrapers.quotes_scraper | Quotes scrape complete: 100 raw records
2026-10-06 22:39:11,831 | INFO | root | Final records: 1099
2026-10-06 22:39:11,831 | INFO | root | CSV written to C:\scraping_assignment\output\final_dataset.csv
2026-10-06 22:39:11,831 | INFO | root | Summary written to C:\scraping_assignment\output\summary_report.json
2026-10-06 22:39:11,831 | INFO | root | Pipeline finished in 1221.001 seconds
2026-10-06 22:40:18,860 | INFO | root | Starting scraping assignment pipeline
2026-10-06 22:40:18,860 | INFO | scrapers.books_scraper | Books page 1: https://books.toscrape.com/
2026-10-06 22:40:18,860 | INFO | scrapers.base_scraper | Request: https://books.toscrape.com/
2026-10-06 22:40:21,472 | INFO | scrapers.books_scraper | Books page 1 parsed: 20 records
2026-10-06 22:40:21,506 | INFO | scrapers.books_scraper | Books page 2: https://books.toscrape.com/catalogue/page-2.html
2026-10-06 22:40:21,506 | INFO | scrapers.base_scraper | Request: https://books.toscrape.com/catalogue/page-2.html
2026-10-06 22:40:22,542 | INFO | scrapers.books_scraper | Books page 2 parsed: 20 records
2026-10-06 22:40:22,567 | INFO | scrapers.books_scraper | Books page 3: https://books.toscrape.com/catalogue/page-3.html
2026-10-06 22:40:22,571 | INFO | scrapers.base_scraper | Request: https://books.toscrape.com/catalogue/page-3.html
2026-10-06 22:40:23,605 | INFO | scrapers.books_scraper | Books page 3 parsed: 20 records
2026-10-06 22:40:23,627 | INFO | scrapers.books_scraper | Books page 4: https://books.toscrape.com/catalogue/page-4.html
2026-10-06 22:40:23,627 | INFO | scrapers.base_scraper | Request: https://books.toscrape.com/catalogue/page-4.html
2026-10-06 22:40:24,670 | INFO | scrapers.books_scraper | Books page 4 parsed: 20 records
2026-10-06 22:40:24,704 | INFO | scrapers.books_scraper | Books page 5: https://books.toscrape.com/catalogue/page-5.html
2026-10-06 22:40:24,704 | INFO | scrapers.base_scraper | Request: https://books.toscrape.com/catalogue/page-5.html
2026-10-06 22:40:25,745 | INFO | scrapers.books_scraper | Books page 5 parsed: 20 records
2026-10-06 22:40:25,772 | INFO | scrapers.books_scraper | Books page 6: https://books.toscrape.com/catalogue/page-6.html
2026-10-06 22:40:25,772 | INFO | scrapers.base_scraper | Request: https://books.toscrape.com/catalogue/page-6.html
2026-10-06 22:40:26,558 | INFO | scrapers.books_scraper | Books page 6 parsed: 20 records
2026-10-06 22:40:26,628 | INFO | scrapers.books_scraper | Books page 7: https://books.toscrape.com/catalogue/page-7.html
2026-10-06 22:40:26,628 | INFO | scrapers.base_scraper | Request: https://books.toscrape.com/catalogue/page-7.html
2026-10-06 22:40:27,667 | INFO | scrapers.books_scraper | Books page 7 parsed: 20 records
2026-10-06 22:40:27,690 | INFO | scrapers.books_scraper | Books page 8: https://books.toscrape.com/catalogue/page-8.html
2026-10-06 22:40:27,690 | INFO | scrapers.base_scraper | Request: https://books.toscrape.com/catalogue/page-8.html
2026-10-06 22:40:28,722 | INFO | scrapers.books_scraper | Books page 8 parsed: 20 records
2026-10-06 22:40:28,748 | INFO | scrapers.books_scraper | Books page 9: https://books.toscrape.com/catalogue/page-9.html
2026-10-06 22:40:28,748 | INFO | scrapers.base_scraper | Request: https://books.toscrape.com/catalogue/page-9.html
2026-10-06 22:40:29,773 | INFO | scrapers.books_scraper | Books page 9 parsed: 20 records
2026-10-06 22:40:29,805 | INFO | scrapers.books_scraper | Books page 10: https://books.toscrape.com/catalogue/page-10.html
2026-10-06 22:40:29,805 | INFO | scrapers.base_scraper | Request: https://books.toscrape.com/catalogue/page-10.html
2026-10-06 22:40:30,842 | INFO | scrapers.books_scraper | Books page 10 parsed: 20 records
2026-10-06 22:40:30,871 | INFO | scrapers.books_scraper | Books page 11: https://books.toscrape.com/catalogue/page-11.html
2026-10-06 22:40:30,871 | INFO | scrapers.base_scraper | Request: https://books.toscrape.com/catalogue/page-11.html
2026-10-06 22:40:31,650 | INFO | scrapers.books_scraper | Books page 11 parsed: 20 records
2026-10-06 22:40:31,674 | INFO | scrapers.books_scraper | Books page 12: https://books.toscrape.com/catalogue/page-12.html
2026-10-06 22:40:31,674 | INFO | scrapers.base_scraper | Request: https://books.toscrape.com/catalogue/page-12.html
2026-10-06 22:40:32,705 | INFO | scrapers.books_scraper | Books page 12 parsed: 20 records
2026-10-06 22:40:32,738 | INFO | scrapers.books_scraper | Books page 13: https://books.toscrape.com/catalogue/page-13.html
2026-10-06 22:40:32,738 | INFO | scrapers.base_scraper | Request: https://books.toscrape.com/catalogue/page-13.html
2026-10-06 22:40:33,768 | INFO | scrapers.books_scraper | Books page 13 parsed: 20 records
2026-10-06 22:40:33,790 | INFO | scrapers.books_scraper | Books page 14: https://books.toscrape.com/catalogue/page-14.html
2026-10-06 22:40:33,790 | INFO | scrapers.base_scraper | Request: https://books.toscrape.com/catalogue/page-14.html
2026-10-06 22:40:34,830 | INFO | scrapers.books_scraper | Books page 14 parsed: 20 records
2026-10-06 22:40:34,858 | INFO | scrapers.books_scraper | Books page 15: https://books.toscrape.com/catalogue/page-15.html
2026-10-06 22:40:34,858 | INFO | scrapers.base_scraper | Request: https://books.toscrape.com/catalogue/page-15.html
2026-10-06 22:40:35,883 | INFO | scrapers.books_scraper | Books page 15 parsed: 20 records
2026-10-06 22:40:35,907 | INFO | scrapers.books_scraper | Books page 16: https://books.toscrape.com/catalogue/page-16.html
2026-10-06 22:40:35,907 | INFO | scrapers.base_scraper | Request: https://books.toscrape.com/catalogue/page-16.html
2026-10-06 22:40:36,701 | INFO | scrapers.books_scraper | Books page 16 parsed: 20 records
2026-10-06 22:40:36,726 | INFO | scrapers.books_scraper | Books page 17: https://books.toscrape.com/catalogue/page-17.html
2026-10-06 22:40:36,726 | INFO | scrapers.base_scraper | Request: https://books.toscrape.com/catalogue/page-17.html
2026-10-06 22:40:37,771 | INFO | scrapers.books_scraper | Books page 17 parsed: 20 records
2026-10-06 22:40:37,790 | INFO | scrapers.books_scraper | Books page 18: https://books.toscrape.com/catalogue/page-18.html
2026-10-06 22:40:37,790 | INFO | scrapers.base_scraper | Request: https://books.toscrape.com/catalogue/page-18.html
2026-10-06 22:40:38,838 | INFO | scrapers.books_scraper | Books page 18 parsed: 20 records
2026-10-06 22:40:38,876 | INFO | scrapers.books_scraper | Books page 19: https://books.toscrape.com/catalogue/page-19.html
2026-10-06 22:40:38,878 | INFO | scrapers.base_scraper | Request: https://books.toscrape.com/catalogue/page-19.html
2026-10-06 22:40:39,992 | INFO | scrapers.books_scraper | Books page 19 parsed: 20 records
2026-10-06 22:40:40,024 | INFO | scrapers.books_scraper | Books page 20: https://books.toscrape.com/catalogue/page-20.html
2026-10-06 22:40:40,024 | INFO | scrapers.base_scraper | Request: https://books.toscrape.com/catalogue/page-20.html
2026-10-06 22:40:41,056 | INFO | scrapers.books_scraper | Books page 20 parsed: 20 records
2026-10-06 22:40:41,077 | INFO | scrapers.books_scraper | Books page 21: https://books.toscrape.com/catalogue/page-21.html
2026-10-06 22:40:41,077 | INFO | scrapers.base_scraper | Request: https://books.toscrape.com/catalogue/page-21.html
2026-10-06 22:40:42,105 | INFO | scrapers.books_scraper | Books page 21 parsed: 20 records
2026-10-06 22:40:42,138 | INFO | scrapers.books_scraper | Books page 22: https://books.toscrape.com/catalogue/page-22.html
2026-10-06 22:40:42,138 | INFO | scrapers.base_scraper | Request: https://books.toscrape.com/catalogue/page-22.html
2026-10-06 22:40:43,168 | INFO | scrapers.books_scraper | Books page 22 parsed: 20 records
2026-10-06 22:40:43,196 | INFO | scrapers.books_scraper | Books page 23: https://books.toscrape.com/catalogue/page-23.html
2026-10-06 22:40:43,196 | INFO | scrapers.base_scraper | Request: https://books.toscrape.com/catalogue/page-23.html
2026-10-06 22:40:44,225 | INFO | scrapers.books_scraper | Books page 23 parsed: 20 records
2026-10-06 22:40:44,251 | INFO | scrapers.books_scraper | Books page 24: https://books.toscrape.com/catalogue/page-24.html
2026-10-06 22:40:44,251 | INFO | scrapers.base_scraper | Request: https://books.toscrape.com/catalogue/page-24.html
2026-10-06 22:40:45,296 | INFO | scrapers.books_scraper | Books page 24 parsed: 20 records
2026-10-06 22:40:45,321 | INFO | scrapers.books_scraper | Books page 25: https://books.toscrape.com/catalogue/page-25.html
2026-10-06 22:40:45,321 | INFO | scrapers.base_scraper | Request: https://books.toscrape.com/catalogue/page-25.html
2026-10-06 22:40:46,368 | INFO | scrapers.books_scraper | Books page 25 parsed: 20 records
2026-10-06 22:40:46,389 | INFO | scrapers.books_scraper | Books page 26: https://books.toscrape.com/catalogue/page-26.html
2026-10-06 22:40:46,389 | INFO | scrapers.base_scraper | Request: https://books.toscrape.com/catalogue/page-26.html
2026-10-06 22:40:47,178 | INFO | scrapers.books_scraper | Books page 26 parsed: 20 records
2026-10-06 22:40:47,206 | INFO | scrapers.books_scraper | Books page 27: https://books.toscrape.com/catalogue/page-27.html
2026-10-06 22:40:47,208 | INFO | scrapers.base_scraper | Request: https://books.toscrape.com/catalogue/page-27.html
2026-10-06 22:40:48,000 | INFO | scrapers.books_scraper | Books page 27 parsed: 20 records
2026-10-06 22:40:48,018 | INFO | scrapers.books_scraper | Books page 28: https://books.toscrape.com/catalogue/page-28.html
2026-10-06 22:40:48,018 | INFO | scrapers.base_scraper | Request: https://books.toscrape.com/catalogue/page-28.html
2026-10-06 22:40:49,076 | INFO | scrapers.books_scraper | Books page 28 parsed: 20 records
2026-10-06 22:40:49,104 | INFO | scrapers.books_scraper | Books page 29: https://books.toscrape.com/catalogue/page-29.html
2026-10-06 22:40:49,104 | INFO | scrapers.base_scraper | Request: https://books.toscrape.com/catalogue/page-29.html
2026-10-06 22:40:49,900 | INFO | scrapers.books_scraper | Books page 29 parsed: 20 records
2026-10-06 22:40:49,924 | INFO | scrapers.books_scraper | Books page 30: https://books.toscrape.com/catalogue/page-30.html
2026-10-06 22:40:49,926 | INFO | scrapers.base_scraper | Request: https://books.toscrape.com/catalogue/page-30.html
2026-10-06 22:40:50,970 | INFO | scrapers.books_scraper | Books page 30 parsed: 20 records
2026-10-06 22:40:50,996 | INFO | scrapers.books_scraper | Books page 31: https://books.toscrape.com/catalogue/page-31.html
2026-10-06 22:40:50,996 | INFO | scrapers.base_scraper | Request: https://books.toscrape.com/catalogue/page-31.html
2026-10-06 22:40:51,785 | INFO | scrapers.books_scraper | Books page 31 parsed: 20 records
2026-10-06 22:40:51,905 | INFO | scrapers.books_scraper | Books page 32: https://books.toscrape.com/catalogue/page-32.html
2026-10-06 22:40:51,905 | INFO | scrapers.base_scraper | Request: https://books.toscrape.com/catalogue/page-32.html
2026-10-06 22:40:52,951 | INFO | scrapers.books_scraper | Books page 32 parsed: 20 records
2026-10-06 22:40:52,976 | INFO | scrapers.books_scraper | Books page 33: https://books.toscrape.com/catalogue/page-33.html
2026-10-06 22:40:52,976 | INFO | scrapers.base_scraper | Request: https://books.toscrape.com/catalogue/page-33.html
2026-10-06 22:40:54,020 | INFO | scrapers.books_scraper | Books page 33 parsed: 20 records
2026-10-06 22:40:54,045 | INFO | scrapers.books_scraper | Books page 34: https://books.toscrape.com/catalogue/page-34.html
2026-10-06 22:40:54,045 | INFO | scrapers.base_scraper | Request: https://books.toscrape.com/catalogue/page-34.html
2026-10-06 22:40:55,085 | INFO | scrapers.books_scraper | Books page 34 parsed: 20 records
2026-10-06 22:40:55,112 | INFO | scrapers.books_scraper | Books page 35: https://books.toscrape.com/catalogue/page-35.html
2026-10-06 22:40:55,112 | INFO | scrapers.base_scraper | Request: https://books.toscrape.com/catalogue/page-35.html
2026-10-06 22:40:56,149 | INFO | scrapers.books_scraper | Books page 35 parsed: 20 records
2026-10-06 22:40:56,177 | INFO | scrapers.books_scraper | Books page 36: https://books.toscrape.com/catalogue/page-36.html
2026-10-06 22:40:56,177 | INFO | scrapers.base_scraper | Request: https://books.toscrape.com/catalogue/page-36.html
2026-10-06 22:40:57,222 | INFO | scrapers.books_scraper | Books page 36 parsed: 20 records
2026-10-06 22:40:57,244 | INFO | scrapers.books_scraper | Books page 37: https://books.toscrape.com/catalogue/page-37.html
2026-10-06 22:40:57,244 | INFO | scrapers.base_scraper | Request: https://books.toscrape.com/catalogue/page-37.html
2026-10-06 22:40:58,036 | INFO | scrapers.books_scraper | Books page 37 parsed: 20 records
2026-10-06 22:40:58,057 | INFO | scrapers.books_scraper | Books page 38: https://books.toscrape.com/catalogue/page-38.html
2026-10-06 22:40:58,057 | INFO | scrapers.base_scraper | Request: https://books.toscrape.com/catalogue/page-38.html
2026-10-06 22:40:59,107 | INFO | scrapers.books_scraper | Books page 38 parsed: 20 records
2026-10-06 22:40:59,123 | INFO | scrapers.books_scraper | Books page 39: https://books.toscrape.com/catalogue/page-39.html
2026-10-06 22:40:59,123 | INFO | scrapers.base_scraper | Request: https://books.toscrape.com/catalogue/page-39.html
2026-10-06 22:40:59,934 | INFO | scrapers.books_scraper | Books page 39 parsed: 20 records
2026-10-06 22:40:59,961 | INFO | scrapers.books_scraper | Books page 40: https://books.toscrape.com/catalogue/page-40.html
2026-10-06 22:40:59,961 | INFO | scrapers.base_scraper | Request: https://books.toscrape.com/catalogue/page-40.html
2026-10-06 22:41:01,018 | INFO | scrapers.books_scraper | Books page 40 parsed: 20 records
2026-10-06 22:41:01,054 | INFO | scrapers.books_scraper | Books page 41: https://books.toscrape.com/catalogue/page-41.html
2026-10-06 22:41:01,054 | INFO | scrapers.base_scraper | Request: https://books.toscrape.com/catalogue/page-41.html
2026-10-06 22:41:01,841 | INFO | scrapers.books_scraper | Books page 41 parsed: 20 records
2026-10-06 22:41:01,868 | INFO | scrapers.books_scraper | Books page 42: https://books.toscrape.com/catalogue/page-42.html
2026-10-06 22:41:01,868 | INFO | scrapers.base_scraper | Request: https://books.toscrape.com/catalogue/page-42.html
2026-10-06 22:41:02,912 | INFO | scrapers.books_scraper | Books page 42 parsed: 20 records
2026-10-06 22:41:02,944 | INFO | scrapers.books_scraper | Books page 43: https://books.toscrape.com/catalogue/page-43.html
2026-10-06 22:41:02,944 | INFO | scrapers.base_scraper | Request: https://books.toscrape.com/catalogue/page-43.html
2026-10-06 22:41:03,738 | INFO | scrapers.books_scraper | Books page 43 parsed: 20 records
2026-10-06 22:41:03,764 | INFO | scrapers.books_scraper | Books page 44: https://books.toscrape.com/catalogue/page-44.html
2026-10-06 22:41:03,764 | INFO | scrapers.base_scraper | Request: https://books.toscrape.com/catalogue/page-44.html
2026-10-06 22:41:04,635 | INFO | scrapers.books_scraper | Books page 44 parsed: 20 records
2026-10-06 22:41:04,661 | INFO | scrapers.books_scraper | Books page 45: https://books.toscrape.com/catalogue/page-45.html
2026-10-06 22:41:04,661 | INFO | scrapers.base_scraper | Request: https://books.toscrape.com/catalogue/page-45.html
2026-10-06 22:41:05,451 | INFO | scrapers.books_scraper | Books page 45 parsed: 20 records
2026-10-06 22:41:05,473 | INFO | scrapers.books_scraper | Books page 46: https://books.toscrape.com/catalogue/page-46.html
2026-10-06 22:41:05,473 | INFO | scrapers.base_scraper | Request: https://books.toscrape.com/catalogue/page-46.html
2026-10-06 22:41:06,274 | INFO | scrapers.books_scraper | Books page 46 parsed: 20 records
2026-10-06 22:41:06,297 | INFO | scrapers.books_scraper | Books page 47: https://books.toscrape.com/catalogue/page-47.html
2026-10-06 22:41:06,297 | INFO | scrapers.base_scraper | Request: https://books.toscrape.com/catalogue/page-47.html
2026-10-06 22:41:07,083 | INFO | scrapers.books_scraper | Books page 47 parsed: 20 records
2026-10-06 22:41:07,113 | INFO | scrapers.books_scraper | Books page 48: https://books.toscrape.com/catalogue/page-48.html
2026-10-06 22:41:07,113 | INFO | scrapers.base_scraper | Request: https://books.toscrape.com/catalogue/page-48.html
2026-10-06 22:41:07,904 | INFO | scrapers.books_scraper | Books page 48 parsed: 20 records
2026-10-06 22:41:07,924 | INFO | scrapers.books_scraper | Books page 49: https://books.toscrape.com/catalogue/page-49.html
2026-10-06 22:41:07,924 | INFO | scrapers.base_scraper | Request: https://books.toscrape.com/catalogue/page-49.html
2026-10-06 22:41:08,719 | INFO | scrapers.books_scraper | Books page 49 parsed: 20 records
2026-10-06 22:41:08,745 | INFO | scrapers.books_scraper | Books page 50: https://books.toscrape.com/catalogue/page-50.html
2026-10-06 22:41:08,745 | INFO | scrapers.base_scraper | Request: https://books.toscrape.com/catalogue/page-50.html
2026-10-06 22:41:09,786 | INFO | scrapers.books_scraper | Books page 50 parsed: 20 records
2026-10-06 22:41:09,812 | INFO | scrapers.books_scraper | Books listing scrape complete: 1000 raw records
2026-10-06 22:41:09,812 | INFO | scrapers.books_scraper | Fetching details for 1000 books using 5 workers
2026-10-06 22:41:09,815 | INFO | scrapers.base_scraper | Request: https://books.toscrape.com/catalogue/a-light-in-the-attic_1000/index.html
2026-10-06 22:41:09,815 | INFO | scrapers.base_scraper | Request: https://books.toscrape.com/catalogue/tipping-the-velvet_999/index.html
2026-10-06 22:41:09,815 | INFO | scrapers.base_scraper | Request: https://books.toscrape.com/catalogue/soumission_998/index.html
2026-10-06 22:41:09,817 | INFO | scrapers.base_scraper | Request: https://books.toscrape.com/catalogue/sharp-objects_997/index.html
2026-10-06 22:41:09,819 | INFO | scrapers.base_scraper | Request: https://books.toscrape.com/catalogue/sapiens-a-brief-history-of-humankind_996/index.html
2026-10-06 22:41:12,102 | INFO | scrapers.base_scraper | Request: https://books.toscrape.com/catalogue/the-requiem-red_995/index.html
2026-10-06 22:41:12,286 | INFO | scrapers.base_scraper | Request: https://books.toscrape.com/catalogue/the-dirty-little-secrets-of-getting-your-dream-job_994/index.html
2026-10-06 22:41:12,307 | INFO | scrapers.base_scraper | Request: https://books.toscrape.com/catalogue/the-coming-woman-a-novel-based-on-the-life-of-the-infamous-feminist-victoria-woodhull_993/index.html
2026-10-06 22:41:12,317 | INFO | scrapers.base_scraper | Request: https://books.toscrape.com/catalogue/the-boys-in-the-boat-nine-americans-and-their-epic-quest-for-gold-at-the-1936-berlin-olympics_992/index.html
2026-10-06 22:41:12,355 | INFO | scrapers.base_scraper | Request: https://books.toscrape.com/catalogue/the-black-maria_991/index.html
2026-10-06 22:41:13,161 | INFO | scrapers.base_scraper | Request: https://books.toscrape.com/catalogue/starving-hearts-triangular-trade-trilogy-1_990/index.html
2026-10-06 22:41:13,292 | INFO | scrapers.base_scraper | Request: https://books.toscrape.com/catalogue/shakespeares-sonnets_989/index.html
2026-10-06 22:41:13,341 | INFO | scrapers.base_scraper | Request: https://books.toscrape.com/catalogue/set-me-free_988/index.html
2026-10-06 22:41:13,348 | INFO | scrapers.base_scraper | Request: https://books.toscrape.com/catalogue/scott-pilgrims-precious-little-life-scott-pilgrim-1_987/index.html
2026-10-06 22:41:13,401 | INFO | scrapers.base_scraper | Request: https://books.toscrape.com/catalogue/rip-it-up-and-start-again_986/index.html
2026-10-06 22:41:14,104 | INFO | scrapers.base_scraper | Request: https://books.toscrape.com/catalogue/our-band-could-be-your-life-scenes-from-the-american-indie-underground-1981-1991_985/index.html
2026-10-06 22:41:14,220 | INFO | scrapers.base_scraper | Request: https://books.toscrape.com/catalogue/olio_984/index.html
2026-10-06 22:41:14,310 | INFO | scrapers.base_scraper | Request: https://books.toscrape.com/catalogue/mesaerion-the-best-science-fiction-stories-1800-1849_983/index.html
2026-10-06 22:41:14,358 | INFO | scrapers.base_scraper | Request: https://books.toscrape.com/catalogue/libertarianism-for-beginners_982/index.html
2026-10-06 22:41:14,450 | INFO | scrapers.base_scraper | Request: https://books.toscrape.com/catalogue/its-only-the-himalayas_981/index.html
2026-10-06 22:41:14,868 | INFO | scrapers.base_scraper | Request: https://books.toscrape.com/catalogue/in-her-wake_980/index.html
2026-10-06 22:41:15,132 | INFO | scrapers.base_scraper | Request: https://books.toscrape.com/catalogue/how-music-works_979/index.html
2026-10-06 22:41:15,276 | INFO | scrapers.base_scraper | Request: https://books.toscrape.com/catalogue/foolproof-preserving-a-guide-to-small-batch-jams-jellies-pickles-condiments-and-more-a-foolproof-guide-to-making-small-batch-jams-jellies-pickles-condiments-and-more_978/index.html
2026-10-06 22:41:15,398 | INFO | scrapers.base_scraper | Request: https://books.toscrape.com/catalogue/chase-me-paris-nights-2_977/index.html
2026-10-06 22:41:15,489 | INFO | scrapers.base_scraper | Request: https://books.toscrape.com/catalogue/black-dust_976/index.html
2026-10-06 22:41:15,905 | INFO | scrapers.base_scraper | Request: https://books.toscrape.com/catalogue/birdsong-a-story-in-pictures_975/index.html
2026-10-06 22:41:16,170 | INFO | scrapers.base_scraper | Request: https://books.toscrape.com/catalogue/americas-cradle-of-quarterbacks-western-pennsylvanias-football-factory-from-johnny-unitas-to-joe-montana_974/index.html
2026-10-06 22:41:16,276 | INFO | scrapers.base_scraper | Request: https://books.toscrape.com/catalogue/aladdin-and-his-wonderful-lamp_973/index.html
2026-10-06 22:41:16,340 | INFO | scrapers.base_scraper | Request: https://books.toscrape.com/catalogue/worlds-elsewhere-journeys-around-shakespeares-globe_972/index.html
2026-10-06 22:41:16,440 | INFO | scrapers.base_scraper | Request: https://books.toscrape.com/catalogue/wall-and-piece_971/index.html
2026-10-06 22:41:16,671 | INFO | scrapers.base_scraper | Request: https://books.toscrape.com/catalogue/the-four-agreements-a-practical-guide-to-personal-freedom_970/index.html
2026-10-06 22:41:17,192 | INFO | scrapers.base_scraper | Request: https://books.toscrape.com/catalogue/the-five-love-languages-how-to-express-heartfelt-commitment-to-your-mate_969/index.html
2026-10-06 22:41:17,207 | INFO | scrapers.base_scraper | Request: https://books.toscrape.com/catalogue/the-elephant-tree_968/index.html
2026-10-06 22:41:17,330 | INFO | scrapers.base_scraper | Request: https://books.toscrape.com/catalogue/the-bear-and-the-piano_967/index.html
2026-10-06 22:41:17,407 | INFO | scrapers.base_scraper | Request: https://books.toscrape.com/catalogue/sophies-world_966/index.html
2026-10-06 22:41:17,436 | INFO | scrapers.base_scraper | Request: https://books.toscrape.com/catalogue/penny-maybe_965/index.html
2026-10-06 22:41:17,961 | INFO | scrapers.base_scraper | Request: https://books.toscrape.com/catalogue/maude-1883-1993she-grew-up-with-the-country_964/index.html
2026-10-06 22:41:18,110 | INFO | scrapers.base_scraper | Request: https://books.toscrape.com/catalogue/in-a-dark-dark-wood_963/index.html
2026-10-06 22:41:18,209 | INFO | scrapers.base_scraper | Request: https://books.toscrape.com/catalogue/behind-closed-doors_962/index.html
2026-10-06 22:41:18,219 | INFO | scrapers.base_scraper | Request: https://books.toscrape.com/catalogue/you-cant-bury-them-all-poems_961/index.html
2026-10-06 22:41:18,237 | INFO | scrapers.base_scraper | Request: https://books.toscrape.com/catalogue/slow-states-of-collapse-poems_960/index.html
2026-10-06 22:41:18,736 | INFO | scrapers.base_scraper | Request: https://books.toscrape.com/catalogue/reasons-to-stay-alive_959/index.html
2026-10-06 22:41:18,885 | INFO | scrapers.base_scraper | Request: https://books.toscrape.com/catalogue/private-paris-private-10_958/index.html
2026-10-06 22:41:19,000 | INFO | scrapers.base_scraper | Request: https://books.toscrape.com/catalogue/higherselfie-wake-up-your-life-free-your-soul-find-your-tribe_957/index.html
2026-10-06 22:41:19,227 | INFO | scrapers.base_scraper | Request: https://books.toscrape.com/catalogue/without-borders-wanderlove-1_956/index.html
2026-10-06 22:41:19,254 | INFO | scrapers.base_scraper | Request: https://books.toscrape.com/catalogue/when-we-collided_955/index.html
2026-10-06 22:41:19,507 | INFO | scrapers.base_scraper | Request: https://books.toscrape.com/catalogue/we-love-you-charlie-freeman_954/index.html
2026-10-06 22:41:19,935 | INFO | scrapers.base_scraper | Request: https://books.toscrape.com/catalogue/untitled-collection-sabbath-poems-2014_953/index.html
2026-10-06 22:41:20,044 | INFO | scrapers.base_scraper | Request: https://books.toscrape.com/catalogue/unseen-city-the-majesty-of-pigeons-the-discreet-charm-of-snails-other-wonders-of-the-urban-wilderness_952/index.html
2026-10-06 22:41:20,058 | INFO | scrapers.base_scraper | Request: https://books.toscrape.com/catalogue/unicorn-tracks_951/index.html
2026-10-06 22:41:20,235 | INFO | scrapers.base_scraper | Request: https://books.toscrape.com/catalogue/unbound-how-eight-technologies-made-us-human-transformed-society-and-brought-our-world-to-the-brink_950/index.html
2026-10-06 22:41:20,282 | INFO | scrapers.base_scraper | Request: https://books.toscrape.com/catalogue/tsubasa-world-chronicle-2-tsubasa-world-chronicle-2_949/index.html
2026-10-06 22:41:20,842 | INFO | scrapers.base_scraper | Request: https://books.toscrape.com/catalogue/throwing-rocks-at-the-google-bus-how-growth-became-the-enemy-of-prosperity_948/index.html
2026-10-06 22:41:20,986 | INFO | scrapers.base_scraper | Request: https://books.toscrape.com/catalogue/this-one-summer_947/index.html
2026-10-06 22:41:21,059 | INFO | scrapers.base_scraper | Request: https://books.toscrape.com/catalogue/thirst_946/index.html
2026-10-06 22:41:21,071 | INFO | scrapers.base_scraper | Request: https://books.toscrape.com/catalogue/the-torch-is-passed-a-harding-family-story_945/index.html
2026-10-06 22:41:21,270 | INFO | scrapers.base_scraper | Request: https://books.toscrape.com/catalogue/the-secret-of-dreadwillow-carse_944/index.html
2026-10-06 22:41:21,771 | INFO | scrapers.base_scraper | Request: https://books.toscrape.com/catalogue/the-pioneer-woman-cooks-dinnertime-comfort-classics-freezer-food-16-minute-meals-and-other-delicious-ways-to-solve-supper_943/index.html
2026-10-06 22:41:21,832 | INFO | scrapers.base_scraper | Request: https://books.toscrape.com/catalogue/the-past-never-ends_942/index.html
2026-10-06 22:41:21,906 | INFO | scrapers.base_scraper | Request: https://books.toscrape.com/catalogue/the-natural-history-of-us-the-fine-art-of-pretending-2_941/index.html
2026-10-06 22:41:22,043 | INFO | scrapers.base_scraper | Request: https://books.toscrape.com/catalogue/the-nameless-city-the-nameless-city-1_940/index.html
2026-10-06 22:41:22,156 | INFO | scrapers.base_scraper | Request: https://books.toscrape.com/catalogue/the-murder-that-never-was-forensic-instincts-5_939/index.html
2026-10-06 22:41:22,695 | INFO | scrapers.base_scraper | Request: https://books.toscrape.com/catalogue/the-most-perfect-thing-inside-and-outside-a-birds-egg_938/index.html
2026-10-06 22:41:22,810 | INFO | scrapers.base_scraper | Request: https://books.toscrape.com/catalogue/the-mindfulness-and-acceptance-workbook-for-anxiety-a-guide-to-breaking-free-from-anxiety-phobias-and-worry-using-acceptance-and-commitment-therapy_937/index.html
2026-10-06 22:41:22,820 | INFO | scrapers.base_scraper | Request: https://books.toscrape.com/catalogue/the-life-changing-magic-of-tidying-up-the-japanese-art-of-decluttering-and-organizing_936/index.html
2026-10-06 22:41:22,950 | INFO | scrapers.base_scraper | Request: https://books.toscrape.com/catalogue/the-inefficiency-assassin-time-management-tactics-for-working-smarter-not-longer_935/index.html
2026-10-06 22:41:22,953 | INFO | scrapers.base_scraper | Request: https://books.toscrape.com/catalogue/the-gutsy-girl-escapades-for-your-life-of-epic-adventure_934/index.html
2026-10-06 22:41:23,477 | INFO | scrapers.base_scraper | Request: https://books.toscrape.com/catalogue/the-electric-pencil-drawings-from-inside-state-hospital-no-3_933/index.html
2026-10-06 22:41:23,602 | INFO | scrapers.base_scraper | Request: https://books.toscrape.com/catalogue/the-death-of-humanity-and-the-case-for-life_932/index.html
2026-10-06 22:41:23,826 | INFO | scrapers.base_scraper | Request: https://books.toscrape.com/catalogue/the-bulletproof-diet-lose-up-to-a-pound-a-day-reclaim-energy-and-focus-upgrade-your-life_931/index.html
2026-10-06 22:41:23,984 | INFO | scrapers.base_scraper | Request: https://books.toscrape.com/catalogue/the-art-forger_930/index.html
2026-10-06 22:41:23,991 | INFO | scrapers.base_scraper | Request: https://books.toscrape.com/catalogue/the-age-of-genius-the-seventeenth-century-and-the-birth-of-the-modern-mind_929/index.html
2026-10-06 22:41:24,387 | INFO | scrapers.base_scraper | Request: https://books.toscrape.com/catalogue/the-activists-tao-te-ching-ancient-advice-for-a-modern-revolution_928/index.html
2026-10-06 22:41:24,554 | INFO | scrapers.base_scraper | Request: https://books.toscrape.com/catalogue/spark-joy-an-illustrated-master-class-on-the-art-of-organizing-and-tidying-up_927/index.html
2026-10-06 22:41:24,591 | INFO | scrapers.base_scraper | Request: https://books.toscrape.com/catalogue/soul-reader_926/index.html
2026-10-06 22:41:24,752 | INFO | scrapers.base_scraper | Request: https://books.toscrape.com/catalogue/security_925/index.html
2026-10-06 22:41:25,013 | INFO | scrapers.base_scraper | Request: https://books.toscrape.com/catalogue/saga-volume-6-saga-collected-editions-6_924/index.html
2026-10-06 22:41:25,353 | INFO | scrapers.base_scraper | Request: https://books.toscrape.com/catalogue/saga-volume-5-saga-collected-editions-5_923/index.html
2026-10-06 22:41:25,435 | INFO | scrapers.base_scraper | Request: https://books.toscrape.com/catalogue/reskilling-america-learning-to-labor-in-the-twenty-first-century_922/index.html
2026-10-06 22:41:25,614 | INFO | scrapers.base_scraper | Request: https://books.toscrape.com/catalogue/rat-queens-vol-3-demons-rat-queens-collected-editions-11-15_921/index.html
2026-10-06 22:41:25,777 | INFO | scrapers.base_scraper | Request: https://books.toscrape.com/catalogue/princess-jellyfish-2-in-1-omnibus-vol-01-princess-jellyfish-2-in-1-omnibus-1_920/index.html
2026-10-06 22:41:25,785 | INFO | scrapers.base_scraper | Request: https://books.toscrape.com/catalogue/princess-between-worlds-wide-awake-princess-5_919/index.html
2026-10-06 22:41:26,120 | INFO | scrapers.base_scraper | Request: https://books.toscrape.com/catalogue/pop-gun-war-volume-1-gift_918/index.html
2026-10-06 22:41:26,401 | INFO | scrapers.base_scraper | Request: https://books.toscrape.com/catalogue/political-suicide-missteps-peccadilloes-bad-calls-backroom-hijinx-sordid-pasts-rotten-breaks-and-just-plain-dumb-mistakes-in-the-annals-of-american-politics_917/index.html
2026-10-06 22:41:26,473 | INFO | scrapers.base_scraper | Request: https://books.toscrape.com/catalogue/patience_916/index.html
2026-10-06 22:41:26,553 | INFO | scrapers.base_scraper | Request: https://books.toscrape.com/catalogue/outcast-vol-1-a-darkness-surrounds-him-outcast-1_915/index.html
2026-10-06 22:41:26,591 | INFO | scrapers.base_scraper | Request: https://books.toscrape.com/catalogue/orange-the-complete-collection-1-orange-the-complete-collection-1_914/index.html
2026-10-06 22:41:27,127 | INFO | scrapers.base_scraper | Request: https://books.toscrape.com/catalogue/online-marketing-for-busy-authors-a-step-by-step-guide_913/index.html
2026-10-06 22:41:27,259 | INFO | scrapers.base_scraper | Request: https://books.toscrape.com/catalogue/on-a-midnight-clear_912/index.html
2026-10-06 22:41:27,321 | INFO | scrapers.base_scraper | Request: https://books.toscrape.com/catalogue/obsidian-lux-1_911/index.html
2026-10-06 22:41:27,367 | INFO | scrapers.base_scraper | Request: https://books.toscrape.com/catalogue/my-paris-kitchen-recipes-and-stories_910/index.html
2026-10-06 22:41:27,505 | INFO | scrapers.base_scraper | Request: https://books.toscrape.com/catalogue/masks-and-shadows_909/index.html
2026-10-06 22:41:28,045 | INFO | scrapers.base_scraper | Request: https://books.toscrape.com/catalogue/mama-tried-traditional-italian-cooking-for-the-screwed-crude-vegan-and-tattooed_908/index.html
2026-10-06 22:41:28,140 | INFO | scrapers.base_scraper | Request: https://books.toscrape.com/catalogue/lumberjanes-vol-2-friendship-to-the-max-lumberjanes-5-8_907/index.html
2026-10-06 22:41:28,337 | INFO | scrapers.base_scraper | Request: https://books.toscrape.com/catalogue/lumberjanes-vol-1-beware-the-kitten-holy-lumberjanes-1-4_906/index.html
2026-10-06 22:41:28,394 | INFO | scrapers.base_scraper | Request: https://books.toscrape.com/catalogue/lumberjanes-vol-3-a-terrible-plan-lumberjanes-9-12_905/index.html
2026-10-06 22:41:28,585 | INFO | scrapers.base_scraper | Request: https://books.toscrape.com/catalogue/layered-baking-building-and-styling-spectacular-cakes_904/index.html
2026-10-06 22:41:28,909 | INFO | scrapers.base_scraper | Request: https://books.toscrape.com/catalogue/judo-seven-steps-to-black-belt-an-introductory-guide-for-beginners_903/index.html
2026-10-06 22:41:29,090 | INFO | scrapers.base_scraper | Request: https://books.toscrape.com/catalogue/join_902/index.html
2026-10-06 22:41:29,164 | INFO | scrapers.base_scraper | Request: https://books.toscrape.com/catalogue/in-the-country-we-love-my-family-divided_901/index.html
2026-10-06 22:41:29,352 | INFO | scrapers.base_scraper | Request: https://books.toscrape.com/catalogue/immunity-how-elie-metchnikoff-changed-the-course-of-modern-medicine_900/index.html
2026-10-06 22:41:29,644 | INFO | scrapers.base_scraper | Request: https://books.toscrape.com/catalogue/i-hate-fairyland-vol-1-madly-ever-after-i-hate-fairyland-compilations-1-5_899/index.html
2026-10-06 22:41:29,911 | INFO | scrapers.base_scraper | Request: https://books.toscrape.com/catalogue/i-am-a-hero-omnibus-volume-1_898/index.html
2026-10-06 22:41:30,137 | INFO | scrapers.base_scraper | Request: https://books.toscrape.com/catalogue/how-to-be-miserable-40-strategies-you-already-use_897/index.html
2026-10-06 22:41:30,191 | INFO | scrapers.base_scraper | Request: https://books.toscrape.com/catalogue/her-backup-boyfriend-the-sorensen-family-1_896/index.html
2026-10-06 22:41:30,372 | INFO | scrapers.base_scraper | Request: https://books.toscrape.com/catalogue/giant-days-vol-2-giant-days-5-8_895/index.html
2026-10-06 22:41:30,701 | INFO | scrapers.base_scraper | Request: https://books.toscrape.com/catalogue/forever-and-forever-the-courtship-of-henry-longfellow-and-fanny-appleton_894/index.html
2026-10-06 22:41:30,938 | INFO | scrapers.base_scraper | Request: https://books.toscrape.com/catalogue/first-and-first-five-boroughs-3_893/index.html
2026-10-06 22:41:30,941 | INFO | scrapers.base_scraper | Request: https://books.toscrape.com/catalogue/fifty-shades-darker-fifty-shades-2_892/index.html
2026-10-06 22:41:30,959 | INFO | scrapers.base_scraper | Request: https://books.toscrape.com/catalogue/everydata-the-misinformation-hidden-in-the-little-data-you-consume-every-day_891/index.html
2026-10-06 22:41:31,226 | INFO | scrapers.base_scraper | Request: https://books.toscrape.com/catalogue/dont-be-a-jerk-and-other-practical-advice-from-dogen-japans-greatest-zen-master_890/index.html
2026-10-06 22:41:31,728 | INFO | scrapers.base_scraper | Request: https://books.toscrape.com/catalogue/danganronpa-volume-1_889/index.html
2026-10-06 22:41:31,760 | INFO | scrapers.base_scraper | Request: https://books.toscrape.com/catalogue/crown-of-midnight-throne-of-glass-2_888/index.html
2026-10-06 22:41:31,952 | INFO | scrapers.base_scraper | Request: https://books.toscrape.com/catalogue/codename-baboushka-volume-1-the-conclave-of-death_887/index.html
2026-10-06 22:41:31,987 | INFO | scrapers.base_scraper | Request: https://books.toscrape.com/catalogue/camp-midnight_886/index.html
2026-10-06 22:41:32,005 | INFO | scrapers.base_scraper | Request: https://books.toscrape.com/catalogue/call-the-nurse-true-stories-of-a-country-nurse-on-a-scottish-isle_885/index.html
2026-10-06 22:41:32,544 | INFO | scrapers.base_scraper | Request: https://books.toscrape.com/catalogue/burning_884/index.html
2026-10-06 22:41:32,774 | INFO | scrapers.base_scraper | Request: https://books.toscrape.com/catalogue/bossypants_883/index.html
2026-10-06 22:41:32,786 | INFO | scrapers.base_scraper | Request: https://books.toscrape.com/catalogue/bitch-planet-vol-1-extraordinary-machine-bitch-planet-collected-editions_882/index.html
2026-10-06 22:41:32,958 | INFO | scrapers.base_scraper | Request: https://books.toscrape.com/catalogue/avatar-the-last-airbender-smoke-and-shadow-part-3-smoke-and-shadow-3_881/index.html
2026-10-06 22:41:33,069 | INFO | scrapers.base_scraper | Request: https://books.toscrape.com/catalogue/algorithms-to-live-by-the-computer-science-of-human-decisions_880/index.html
2026-10-06 22:41:33,335 | INFO | scrapers.base_scraper | Request: https://books.toscrape.com/catalogue/a-world-of-flavor-your-gluten-free-passport_879/index.html
2026-10-06 22:41:33,594 | INFO | scrapers.base_scraper | Request: https://books.toscrape.com/catalogue/a-piece-of-sky-a-grain-of-rice-a-memoir-in-four-meditations_878/index.html
2026-10-06 22:41:33,596 | INFO | scrapers.base_scraper | Request: https://books.toscrape.com/catalogue/a-murder-in-time_877/index.html
2026-10-06 22:41:33,722 | INFO | scrapers.base_scraper | Request: https://books.toscrape.com/catalogue/a-flight-of-arrows-the-pathfinders-2_876/index.html
2026-10-06 22:41:34,122 | INFO | scrapers.base_scraper | Request: https://books.toscrape.com/catalogue/a-fierce-and-subtle-poison_875/index.html
2026-10-06 22:41:34,370 | INFO | scrapers.base_scraper | Request: https://books.toscrape.com/catalogue/a-court-of-thorns-and-roses-a-court-of-thorns-and-roses-1_874/index.html
2026-10-06 22:41:34,441 | INFO | scrapers.base_scraper | Request: https://books.toscrape.com/catalogue/unqualified-how-god-uses-broken-people-to-do-big-things_873/index.html
2026-10-06 22:41:34,490 | INFO | scrapers.base_scraper | Request: https://books.toscrape.com/catalogue/you-are-what-you-love-the-spiritual-power-of-habit_872/index.html
2026-10-06 22:41:34,671 | INFO | scrapers.base_scraper | Request: https://books.toscrape.com/catalogue/william-shakespeares-star-wars-verily-a-new-hope-william-shakespeares-star-wars-4_871/index.html
2026-10-06 22:41:34,887 | INFO | scrapers.base_scraper | Request: https://books.toscrape.com/catalogue/tuesday-nights-in-1980_870/index.html
2026-10-06 22:41:35,145 | INFO | scrapers.base_scraper | Request: https://books.toscrape.com/catalogue/tracing-numbers-on-a-train_869/index.html
2026-10-06 22:41:35,254 | INFO | scrapers.base_scraper | Request: https://books.toscrape.com/catalogue/throne-of-glass-throne-of-glass-1_868/index.html
2026-10-06 22:41:35,454 | INFO | scrapers.base_scraper | Request: https://books.toscrape.com/catalogue/thomas-jefferson-and-the-tripoli-pirates-the-forgotten-war-that-changed-american-history_867/index.html
2026-10-06 22:41:35,504 | INFO | scrapers.base_scraper | Request: https://books.toscrape.com/catalogue/thirteen-reasons-why_866/index.html
2026-10-06 22:41:35,902 | INFO | scrapers.base_scraper | Request: https://books.toscrape.com/catalogue/the-white-cat-and-the-monk-a-retelling-of-the-poem-pangur-ban_865/index.html
2026-10-06 22:41:35,910 | INFO | scrapers.base_scraper | Request: https://books.toscrape.com/catalogue/the-wedding-dress_864/index.html
2026-10-06 22:41:36,262 | INFO | scrapers.base_scraper | Request: https://books.toscrape.com/catalogue/the-vacationers_863/index.html
2026-10-06 22:41:36,296 | INFO | scrapers.base_scraper | Request: https://books.toscrape.com/catalogue/the-third-wave-an-entrepreneurs-vision-of-the-future_862/index.html
2026-10-06 22:41:36,515 | INFO | scrapers.base_scraper | Request: https://books.toscrape.com/catalogue/the-stranger_861/index.html
2026-10-06 22:41:36,668 | INFO | scrapers.base_scraper | Request: https://books.toscrape.com/catalogue/the-shadow-hero-the-shadow-hero_860/index.html
2026-10-06 22:41:36,938 | INFO | scrapers.base_scraper | Request: https://books.toscrape.com/catalogue/the-secret-the-secret-1_859/index.html
2026-10-06 22:41:37,025 | INFO | scrapers.base_scraper | Request: https://books.toscrape.com/catalogue/the-regional-office-is-under-attack_858/index.html
2026-10-06 22:41:37,294 | INFO | scrapers.base_scraper | Request: https://books.toscrape.com/catalogue/the-psychopath-test-a-journey-through-the-madness-industry_857/index.html
2026-10-06 22:41:37,353 | INFO | scrapers.base_scraper | Request: https://books.toscrape.com/catalogue/the-project_856/index.html
2026-10-06 22:41:37,436 | INFO | scrapers.base_scraper | Request: https://books.toscrape.com/catalogue/the-power-of-now-a-guide-to-spiritual-enlightenment_855/index.html
2026-10-06 22:41:37,793 | INFO | scrapers.base_scraper | Request: https://books.toscrape.com/catalogue/the-omnivores-dilemma-a-natural-history-of-four-meals_854/index.html
2026-10-06 22:41:37,957 | INFO | scrapers.base_scraper | Request: https://books.toscrape.com/catalogue/the-nerdy-nummies-cookbook-sweet-treats-for-the-geek-in-all-of-us_853/index.html
2026-10-06 22:41:38,167 | INFO | scrapers.base_scraper | Request: https://books.toscrape.com/catalogue/the-murder-of-roger-ackroyd-hercule-poirot-4_852/index.html
2026-10-06 22:41:38,353 | INFO | scrapers.base_scraper | Request: https://books.toscrape.com/catalogue/the-mistake-off-campus-2_851/index.html
2026-10-06 22:41:38,451 | INFO | scrapers.base_scraper | Request: https://books.toscrape.com/catalogue/the-matchmakers-playbook-wingmen-inc-1_850/index.html
2026-10-06 22:41:38,833 | INFO | scrapers.base_scraper | Request: https://books.toscrape.com/catalogue/the-love-and-lemons-cookbook-an-apple-to-zucchini-celebration-of-impromptu-cooking_849/index.html
2026-10-06 22:41:38,979 | INFO | scrapers.base_scraper | Request: https://books.toscrape.com/catalogue/the-long-shadow-of-small-ghosts-murder-and-memory-in-an-american-city_848/index.html
2026-10-06 22:41:39,220 | INFO | scrapers.base_scraper | Request: https://books.toscrape.com/catalogue/the-kite-runner_847/index.html
2026-10-06 22:41:39,236 | INFO | scrapers.base_scraper | Request: https://books.toscrape.com/catalogue/the-house-by-the-lake_846/index.html
2026-10-06 22:41:39,409 | INFO | scrapers.base_scraper | Request: https://books.toscrape.com/catalogue/the-glittering-court-the-glittering-court-1_845/index.html
2026-10-06 22:41:39,842 | INFO | scrapers.base_scraper | Request: https://books.toscrape.com/catalogue/the-girl-on-the-train_844/index.html
2026-10-06 22:41:40,003 | INFO | scrapers.base_scraper | Request: https://books.toscrape.com/catalogue/the-genius-of-birds_843/index.html
2026-10-06 22:41:40,237 | INFO | scrapers.base_scraper | Request: https://books.toscrape.com/catalogue/the-emerald-mystery_842/index.html
2026-10-06 22:41:40,328 | INFO | scrapers.base_scraper | Request: https://books.toscrape.com/catalogue/the-cookies-cups-cookbook-125-sweet-savory-recipes-reminding-you-to-always-eat-dessert-first_841/index.html
2026-10-06 22:41:40,459 | INFO | scrapers.base_scraper | Request: https://books.toscrape.com/catalogue/the-bridge-to-consciousness-im-writing-the-bridge-between-science-and-our-old-and-new-beliefs_840/index.html
2026-10-06 22:41:40,603 | INFO | scrapers.base_scraper | Request: https://books.toscrape.com/catalogue/the-artists-way-a-spiritual-path-to-higher-creativity_839/index.html
2026-10-06 22:41:41,001 | INFO | scrapers.base_scraper | Request: https://books.toscrape.com/catalogue/the-art-of-war_838/index.html
2026-10-06 22:41:41,027 | INFO | scrapers.base_scraper | Request: https://books.toscrape.com/catalogue/the-argonauts_837/index.html
2026-10-06 22:41:41,235 | INFO | scrapers.base_scraper | Request: https://books.toscrape.com/catalogue/the-10-entrepreneur-live-your-startup-dream-without-quitting-your-day-job_836/index.html
2026-10-06 22:41:41,371 | INFO | scrapers.base_scraper | Request: https://books.toscrape.com/catalogue/suddenly-in-love-lake-haven-1_835/index.html
2026-10-06 22:41:41,403 | INFO | scrapers.base_scraper | Request: https://books.toscrape.com/catalogue/something-more-than-this_834/index.html
2026-10-06 22:41:41,795 | INFO | scrapers.base_scraper | Request: https://books.toscrape.com/catalogue/soft-apocalypse_833/index.html
2026-10-06 22:41:42,020 | INFO | scrapers.base_scraper | Request: https://books.toscrape.com/catalogue/so-youve-been-publicly-shamed_832/index.html
2026-10-06 22:41:42,141 | INFO | scrapers.base_scraper | Request: https://books.toscrape.com/catalogue/shoe-dog-a-memoir-by-the-creator-of-nike_831/index.html
2026-10-06 22:41:42,192 | INFO | scrapers.base_scraper | Request: https://books.toscrape.com/catalogue/shobu-samurai-project-aryoku-3_830/index.html
2026-10-06 22:41:42,292 | INFO | scrapers.base_scraper | Request: https://books.toscrape.com/catalogue/secrets-and-lace-fatal-hearts-1_829/index.html
2026-10-06 22:41:42,791 | INFO | scrapers.base_scraper | Request: https://books.toscrape.com/catalogue/scarlett-epstein-hates-it-here_828/index.html
2026-10-06 22:41:42,817 | INFO | scrapers.base_scraper | Request: https://books.toscrape.com/catalogue/romero-and-juliet-a-tragic-tale-of-love-and-zombies_827/index.html
2026-10-06 22:41:42,988 | INFO | scrapers.base_scraper | Request: https://books.toscrape.com/catalogue/redeeming-love_826/index.html
2026-10-06 22:41:43,169 | INFO | scrapers.base_scraper | Request: https://books.toscrape.com/catalogue/poses-for-artists-volume-1-dynamic-and-sitting-poses-an-essential-reference-for-figure-drawing-and-the-human-form_825/index.html
2026-10-06 22:41:43,335 | INFO | scrapers.base_scraper | Request: https://books.toscrape.com/catalogue/poems-that-make-grown-women-cry_824/index.html
2026-10-06 22:41:43,572 | INFO | scrapers.base_scraper | Request: https://books.toscrape.com/catalogue/nightingale-sing_823/index.html
2026-10-06 22:41:43,588 | INFO | scrapers.base_scraper | Request: https://books.toscrape.com/catalogue/night-sky-with-exit-wounds_822/index.html
2026-10-06 22:41:43,931 | INFO | scrapers.base_scraper | Request: https://books.toscrape.com/catalogue/mrs-houdini_821/index.html
2026-10-06 22:41:44,058 | INFO | scrapers.base_scraper | Request: https://books.toscrape.com/catalogue/modern-romance_820/index.html
2026-10-06 22:41:44,114 | INFO | scrapers.base_scraper | Request: https://books.toscrape.com/catalogue/miss-peregrines-home-for-peculiar-children-miss-peregrines-peculiar-children-1_819/index.html
2026-10-06 22:41:44,338 | INFO | scrapers.base_scraper | Request: https://books.toscrape.com/catalogue/louisa-the-extraordinary-life-of-mrs-adams_818/index.html
2026-10-06 22:41:44,380 | INFO | scrapers.base_scraper | Request: https://books.toscrape.com/catalogue/little-red_817/index.html
2026-10-06 22:41:44,938 | INFO | scrapers.base_scraper | Request: https://books.toscrape.com/catalogue/library-of-souls-miss-peregrines-peculiar-children-3_816/index.html
2026-10-06 22:41:45,117 | INFO | scrapers.base_scraper | Request: https://books.toscrape.com/catalogue/large-print-heart-of-the-pride_815/index.html
2026-10-06 22:41:45,149 | INFO | scrapers.base_scraper | Request: https://books.toscrape.com/catalogue/i-had-a-nice-time-and-other-lies-how-to-find-love-sht-like-that_814/index.html
2026-10-06 22:41:45,160 | INFO | scrapers.base_scraper | Request: https://books.toscrape.com/catalogue/hollow-city-miss-peregrines-peculiar-children-2_813/index.html
2026-10-06 22:41:45,361 | INFO | scrapers.base_scraper | Request: https://books.toscrape.com/catalogue/grumbles_812/index.html
2026-10-06 22:41:45,902 | INFO | scrapers.base_scraper | Request: https://books.toscrape.com/catalogue/full-moon-over-noahs-ark-an-odyssey-to-mount-ararat-and-beyond_811/index.html
2026-10-06 22:41:45,955 | INFO | scrapers.base_scraper | Request: https://books.toscrape.com/catalogue/frostbite-vampire-academy-2_810/index.html
2026-10-06 22:41:46,123 | INFO | scrapers.base_scraper | Request: https://books.toscrape.com/catalogue/follow-you-home_809/index.html
2026-10-06 22:41:46,173 | INFO | scrapers.base_scraper | Request: https://books.toscrape.com/catalogue/first-steps-for-new-christians-print-edition_808/index.html
2026-10-06 22:41:46,205 | INFO | scrapers.base_scraper | Request: https://books.toscrape.com/catalogue/finders-keepers-bill-hodges-trilogy-2_807/index.html
2026-10-06 22:41:46,892 | INFO | scrapers.base_scraper | Request: https://books.toscrape.com/catalogue/fables-vol-1-legends-in-exile-fables-1_806/index.html
2026-10-06 22:41:46,985 | INFO | scrapers.base_scraper | Request: https://books.toscrape.com/catalogue/eureka-trivia-60_805/index.html
2026-10-06 22:41:46,992 | INFO | scrapers.base_scraper | Request: https://books.toscrape.com/catalogue/drive-the-surprising-truth-about-what-motivates-us_804/index.html
2026-10-06 22:41:47,197 | INFO | scrapers.base_scraper | Request: https://books.toscrape.com/catalogue/done-rubbed-out-reightman-bailey-1_803/index.html
2026-10-06 22:41:47,259 | INFO | scrapers.base_scraper | Request: https://books.toscrape.com/catalogue/doing-it-over-most-likely-to-1_802/index.html
2026-10-06 22:41:47,687 | INFO | scrapers.base_scraper | Request: https://books.toscrape.com/catalogue/deliciously-ella-every-day-quick-and-easy-recipes-for-gluten-free-snacks-packed-lunches-and-simple-meals_801/index.html
2026-10-06 22:41:47,778 | INFO | scrapers.base_scraper | Request: https://books.toscrape.com/catalogue/dark-notes_800/index.html
2026-10-06 22:41:47,971 | INFO | scrapers.base_scraper | Request: https://books.toscrape.com/catalogue/daring-greatly-how-the-courage-to-be-vulnerable-transforms-the-way-we-live-love-parent-and-lead_799/index.html
2026-10-06 22:41:48,021 | INFO | scrapers.base_scraper | Request: https://books.toscrape.com/catalogue/close-to-you_798/index.html
2026-10-06 22:41:48,042 | INFO | scrapers.base_scraper | Request: https://books.toscrape.com/catalogue/chasing-heaven-what-dying-taught-me-about-living_797/index.html
2026-10-06 22:41:48,565 | INFO | scrapers.base_scraper | Request: https://books.toscrape.com/catalogue/big-magic-creative-living-beyond-fear_796/index.html
2026-10-06 22:41:48,704 | INFO | scrapers.base_scraper | Request: https://books.toscrape.com/catalogue/becoming-wise-an-inquiry-into-the-mystery-and-art-of-living_795/index.html
2026-10-06 22:41:48,743 | INFO | scrapers.base_scraper | Request: https://books.toscrape.com/catalogue/beauty-restored-riley-family-legacy-novellas-3_794/index.html
2026-10-06 22:41:49,029 | INFO | scrapers.base_scraper | Request: https://books.toscrape.com/catalogue/batman-the-long-halloween-batman_793/index.html
2026-10-06 22:41:49,085 | INFO | scrapers.base_scraper | Request: https://books.toscrape.com/catalogue/batman-the-dark-knight-returns-batman_792/index.html
2026-10-06 22:41:49,510 | INFO | scrapers.base_scraper | Request: https://books.toscrape.com/catalogue/ayumis-violin_791/index.html
2026-10-06 22:41:49,621 | INFO | scrapers.base_scraper | Request: https://books.toscrape.com/catalogue/anonymous_790/index.html
2026-10-06 22:41:49,758 | INFO | scrapers.base_scraper | Request: https://books.toscrape.com/catalogue/amy-meets-the-saints-and-sages_789/index.html
2026-10-06 22:41:49,792 | INFO | scrapers.base_scraper | Request: https://books.toscrape.com/catalogue/amid-the-chaos_788/index.html
2026-10-06 22:41:49,868 | INFO | scrapers.base_scraper | Request: https://books.toscrape.com/catalogue/amatus_787/index.html
2026-10-06 22:41:50,276 | INFO | scrapers.base_scraper | Request: https://books.toscrape.com/catalogue/agnostic-a-spirited-manifesto_786/index.html
2026-10-06 22:41:50,411 | INFO | scrapers.base_scraper | Request: https://books.toscrape.com/catalogue/zealot-the-life-and-times-of-jesus-of-nazareth_785/index.html
2026-10-06 22:41:50,523 | INFO | scrapers.base_scraper | Request: https://books.toscrape.com/catalogue/you-you-1_784/index.html
2026-10-06 22:41:50,651 | INFO | scrapers.base_scraper | Request: https://books.toscrape.com/catalogue/wonder-woman-earth-one-volume-one-wonder-woman-earth-one-1_783/index.html
2026-10-06 22:41:50,798 | INFO | scrapers.base_scraper | Request: https://books.toscrape.com/catalogue/wild-swans_782/index.html
2026-10-06 22:41:51,301 | INFO | scrapers.base_scraper | Request: https://books.toscrape.com/catalogue/why-the-right-went-wrong-conservatism-from-goldwater-to-the-tea-party-and-beyond_781/index.html
2026-10-06 22:41:51,309 | INFO | scrapers.base_scraper | Request: https://books.toscrape.com/catalogue/whole-lotta-creativity-going-on-60-fun-and-unusual-exercises-to-awaken-and-strengthen-your-creativity_780/index.html
2026-10-06 22:41:51,486 | INFO | scrapers.base_scraper | Request: https://books.toscrape.com/catalogue/whats-it-like-in-space-stories-from-astronauts-whove-been-there_779/index.html
2026-10-06 22:41:51,561 | INFO | scrapers.base_scraper | Request: https://books.toscrape.com/catalogue/we-are-robin-vol-1-the-vigilante-business-we-are-robin-1_778/index.html
2026-10-06 22:41:51,695 | INFO | scrapers.base_scraper | Request: https://books.toscrape.com/catalogue/walt-disneys-alice-in-wonderland_777/index.html
2026-10-06 22:41:52,270 | INFO | scrapers.base_scraper | Request: https://books.toscrape.com/catalogue/v-for-vendetta-v-for-vendetta-complete_776/index.html
2026-10-06 22:41:52,314 | INFO | scrapers.base_scraper | Request: https://books.toscrape.com/catalogue/until-friday-night-the-field-party-1_775/index.html
2026-10-06 22:41:52,334 | INFO | scrapers.base_scraper | Request: https://books.toscrape.com/catalogue/unbroken-a-world-war-ii-story-of-survival-resilience-and-redemption_774/index.html
2026-10-06 22:41:52,577 | INFO | scrapers.base_scraper | Request: https://books.toscrape.com/catalogue/twenty-yawns_773/index.html
2026-10-06 22:41:52,752 | INFO | scrapers.base_scraper | Request: https://books.toscrape.com/catalogue/through-the-woods_772/index.html
2026-10-06 22:41:53,084 | INFO | scrapers.base_scraper | Request: https://books.toscrape.com/catalogue/this-is-where-it-ends_771/index.html
2026-10-06 22:41:53,094 | INFO | scrapers.base_scraper | Request: https://books.toscrape.com/catalogue/the-year-of-magical-thinking_770/index.html
2026-10-06 22:41:53,353 | INFO | scrapers.base_scraper | Request: https://books.toscrape.com/catalogue/the-wright-brothers_769/index.html
2026-10-06 22:41:53,367 | INFO | scrapers.base_scraper | Request: https://books.toscrape.com/catalogue/the-white-queen-the-cousins-war-1_768/index.html
2026-10-06 22:41:53,528 | INFO | scrapers.base_scraper | Request: https://books.toscrape.com/catalogue/the-wedding-pact-the-omalleys-2_767/index.html
2026-10-06 22:41:53,862 | INFO | scrapers.base_scraper | Request: https://books.toscrape.com/catalogue/the-time-keeper_766/index.html
2026-10-06 22:41:54,192 | INFO | scrapers.base_scraper | Request: https://books.toscrape.com/catalogue/the-testament-of-mary_765/index.html
2026-10-06 22:41:54,311 | INFO | scrapers.base_scraper | Request: https://books.toscrape.com/catalogue/the-star-touched-queen_764/index.html
2026-10-06 22:41:54,373 | INFO | scrapers.base_scraper | Request: https://books.toscrape.com/catalogue/the-songs-of-the-gods_763/index.html
2026-10-06 22:41:54,392 | INFO | scrapers.base_scraper | Request: https://books.toscrape.com/catalogue/the-song-of-achilles_762/index.html
2026-10-06 22:41:54,880 | INFO | scrapers.base_scraper | Request: https://books.toscrape.com/catalogue/the-rosie-project-don-tillman-1_761/index.html
2026-10-06 22:41:54,979 | INFO | scrapers.base_scraper | Request: https://books.toscrape.com/catalogue/the-power-of-habit-why-we-do-what-we-do-in-life-and-business_760/index.html
2026-10-06 22:41:55,148 | INFO | scrapers.base_scraper | Request: https://books.toscrape.com/catalogue/the-marriage-of-opposites_759/index.html
2026-10-06 22:41:55,161 | INFO | scrapers.base_scraper | Request: https://books.toscrape.com/catalogue/the-lucifer-effect-understanding-how-good-people-turn-evil_758/index.html
2026-10-06 22:41:55,353 | INFO | scrapers.base_scraper | Request: https://books.toscrape.com/catalogue/the-long-haul-diary-of-a-wimpy-kid-9_757/index.html
2026-10-06 22:41:55,892 | INFO | scrapers.base_scraper | Request: https://books.toscrape.com/catalogue/the-loney_756/index.html
2026-10-06 22:41:56,037 | INFO | scrapers.base_scraper | Request: https://books.toscrape.com/catalogue/the-literature-book-big-ideas-simply-explained_755/index.html
2026-10-06 22:41:56,137 | INFO | scrapers.base_scraper | Request: https://books.toscrape.com/catalogue/the-last-mile-amos-decker-2_754/index.html
2026-10-06 22:41:56,156 | INFO | scrapers.base_scraper | Request: https://books.toscrape.com/catalogue/the-immortal-life-of-henrietta-lacks_753/index.html
2026-10-06 22:41:56,184 | INFO | scrapers.base_scraper | Request: https://books.toscrape.com/catalogue/the-hidden-oracle-the-trials-of-apollo-1_752/index.html
2026-10-06 22:41:56,664 | INFO | scrapers.base_scraper | Request: https://books.toscrape.com/catalogue/the-help-yourself-cookbook-for-kids-60-easy-plant-based-recipes-kids-can-make-to-stay-healthy-and-save-the-earth_751/index.html
2026-10-06 22:41:56,824 | INFO | scrapers.base_scraper | Request: https://books.toscrape.com/catalogue/the-guilty-will-robie-4_750/index.html
2026-10-06 22:41:56,927 | INFO | scrapers.base_scraper | Request: https://books.toscrape.com/catalogue/the-first-hostage-jb-collins-2_749/index.html
2026-10-06 22:41:56,957 | INFO | scrapers.base_scraper | Request: https://books.toscrape.com/catalogue/the-dovekeepers_748/index.html
2026-10-06 22:41:57,187 | INFO | scrapers.base_scraper | Request: https://books.toscrape.com/catalogue/the-darkest-lie_747/index.html
2026-10-06 22:41:57,613 | INFO | scrapers.base_scraper | Request: https://books.toscrape.com/catalogue/the-bane-chronicles-the-bane-chronicles-1-11_746/index.html
2026-10-06 22:41:57,675 | INFO | scrapers.base_scraper | Request: https://books.toscrape.com/catalogue/the-bad-ass-librarians-of-timbuktu-and-their-race-to-save-the-worlds-most-precious-manuscripts_745/index.html
2026-10-06 22:41:57,692 | INFO | scrapers.base_scraper | Request: https://books.toscrape.com/catalogue/the-14th-colony-cotton-malone-11_744/index.html
2026-10-06 22:41:57,979 | INFO | scrapers.base_scraper | Request: https://books.toscrape.com/catalogue/that-darkness-gardiner-and-renner-1_743/index.html
2026-10-06 22:41:58,229 | INFO | scrapers.base_scraper | Request: https://books.toscrape.com/catalogue/tastes-like-fear-di-marnie-rome-3_742/index.html
2026-10-06 22:41:58,395 | INFO | scrapers.base_scraper | Request: https://books.toscrape.com/catalogue/take-me-with-you_741/index.html
2026-10-06 22:41:58,694 | INFO | scrapers.base_scraper | Request: https://books.toscrape.com/catalogue/swell-a-year-of-waves_740/index.html
2026-10-06 22:41:58,709 | INFO | scrapers.base_scraper | Request: https://books.toscrape.com/catalogue/superman-vol-1-before-truth-superman-by-gene-luen-yang-1_739/index.html
2026-10-06 22:41:59,036 | INFO | scrapers.base_scraper | Request: https://books.toscrape.com/catalogue/still-life-with-bread-crumbs_738/index.html
2026-10-06 22:41:59,045 | INFO | scrapers.base_scraper | Request: https://books.toscrape.com/catalogue/steve-jobs_737/index.html
2026-10-06 22:41:59,186 | INFO | scrapers.base_scraper | Request: https://books.toscrape.com/catalogue/sorting-the-beef-from-the-bull-the-science-of-food-fraud-forensics_736/index.html
2026-10-06 22:41:59,474 | INFO | scrapers.base_scraper | Request: https://books.toscrape.com/catalogue/someone-like-you-the-harrisons-2_735/index.html
2026-10-06 22:41:59,482 | INFO | scrapers.base_scraper | Request: https://books.toscrape.com/catalogue/so-cute-it-hurts-vol-6-so-cute-it-hurts-6_734/index.html
2026-10-06 22:41:59,820 | INFO | scrapers.base_scraper | Request: https://books.toscrape.com/catalogue/shtum_733/index.html
2026-10-06 22:41:59,834 | INFO | scrapers.base_scraper | Request: https://books.toscrape.com/catalogue/see-america-a-celebration-of-our-national-parks-treasured-sites_732/index.html
2026-10-06 22:42:00,270 | INFO | scrapers.base_scraper | Request: https://books.toscrape.com/catalogue/salt_731/index.html
2026-10-06 22:42:00,283 | INFO | scrapers.base_scraper | Request: https://books.toscrape.com/catalogue/robin-war_730/index.html
2026-10-06 22:42:00,290 | INFO | scrapers.base_scraper | Request: https://books.toscrape.com/catalogue/red-hoodarsenal-vol-1-open-for-business-red-hoodarsenal-1_729/index.html
2026-10-06 22:42:00,596 | INFO | scrapers.base_scraper | Request: https://books.toscrape.com/catalogue/rain-fish_728/index.html
2026-10-06 22:42:00,879 | INFO | scrapers.base_scraper | Request: https://books.toscrape.com/catalogue/quarter-life-poetry-poems-for-the-young-broke-and-hangry_727/index.html
2026-10-06 22:42:01,104 | INFO | scrapers.base_scraper | Request: https://books.toscrape.com/catalogue/pet-sematary_726/index.html
2026-10-06 22:42:01,110 | INFO | scrapers.base_scraper | Request: https://books.toscrape.com/catalogue/overload-how-to-unplug-unwind-and-unleash-yourself-from-the-pressure-of-stress_725/index.html
2026-10-06 22:42:01,118 | INFO | scrapers.base_scraper | Request: https://books.toscrape.com/catalogue/once-was-a-time_724/index.html
2026-10-06 22:42:01,624 | INFO | scrapers.base_scraper | Request: https://books.toscrape.com/catalogue/old-school-diary-of-a-wimpy-kid-10_723/index.html
2026-10-06 22:42:01,670 | INFO | scrapers.base_scraper | Request: https://books.toscrape.com/catalogue/no-dream-is-too-high-life-lessons-from-a-man-who-walked-on-the-moon_722/index.html
2026-10-06 22:42:01,881 | INFO | scrapers.base_scraper | Request: https://books.toscrape.com/catalogue/naruto-3-in-1-edition-vol-14-includes-vols-40-41-42-naruto-omnibus-14_721/index.html
2026-10-06 22:42:01,915 | INFO | scrapers.base_scraper | Request: https://books.toscrape.com/catalogue/my-name-is-lucy-barton_720/index.html
2026-10-06 22:42:02,122 | INFO | scrapers.base_scraper | Request: https://books.toscrape.com/catalogue/my-mrs-brown_719/index.html
2026-10-06 22:42:02,403 | INFO | scrapers.base_scraper | Request: https://books.toscrape.com/catalogue/my-kind-of-crazy_718/index.html
2026-10-06 22:42:02,697 | INFO | scrapers.base_scraper | Request: https://books.toscrape.com/catalogue/mr-mercedes-bill-hodges-trilogy-1_717/index.html
2026-10-06 22:42:02,714 | INFO | scrapers.base_scraper | Request: https://books.toscrape.com/catalogue/more-than-music-chasing-the-dream-1_716/index.html
2026-10-06 22:42:02,918 | INFO | scrapers.base_scraper | Request: https://books.toscrape.com/catalogue/made-to-stick-why-some-ideas-survive-and-others-die_715/index.html
2026-10-06 22:42:03,155 | INFO | scrapers.base_scraper | Request: https://books.toscrape.com/catalogue/luis-paints-the-world_714/index.html
2026-10-06 22:42:03,424 | INFO | scrapers.base_scraper | Request: https://books.toscrape.com/catalogue/luckiest-girl-alive_713/index.html
2026-10-06 22:42:03,492 | INFO | scrapers.base_scraper | Request: https://books.toscrape.com/catalogue/lowriders-to-the-center-of-the-earth-lowriders-in-space-2_712/index.html
2026-10-06 22:42:03,503 | INFO | scrapers.base_scraper | Request: https://books.toscrape.com/catalogue/love-is-a-mix-tape-music-1_711/index.html
2026-10-06 22:42:03,944 | INFO | scrapers.base_scraper | Request: https://books.toscrape.com/catalogue/looking-for-lovely-collecting-the-moments-that-matter_710/index.html
2026-10-06 22:42:03,950 | INFO | scrapers.base_scraper | Request: https://books.toscrape.com/catalogue/living-leadership-by-insight-a-good-leader-achieves-a-great-leader-builds-monuments_709/index.html
2026-10-06 22:42:04,297 | INFO | scrapers.base_scraper | Request: https://books.toscrape.com/catalogue/let-it-out-a-journey-through-journaling_708/index.html
2026-10-06 22:42:04,306 | INFO | scrapers.base_scraper | Request: https://books.toscrape.com/catalogue/lady-midnight-the-dark-artifices-1_707/index.html
2026-10-06 22:42:04,443 | INFO | scrapers.base_scraper | Request: https://books.toscrape.com/catalogue/its-all-easy-healthy-delicious-weeknight-meals-in-under-30-minutes_706/index.html
2026-10-06 22:42:04,709 | INFO | scrapers.base_scraper | Request: https://books.toscrape.com/catalogue/island-of-dragons-unwanteds-7_705/index.html
2026-10-06 22:42:04,970 | INFO | scrapers.base_scraper | Request: https://books.toscrape.com/catalogue/i-know-what-im-doing-and-other-lies-i-tell-myself-dispatches-from-a-life-under-construction_704/index.html
2026-10-06 22:42:05,352 | INFO | scrapers.base_scraper | Request: https://books.toscrape.com/catalogue/i-am-pilgrim-pilgrim-1_703/index.html
2026-10-06 22:42:05,362 | INFO | scrapers.base_scraper | Request: https://books.toscrape.com/catalogue/hyperbole-and-a-half-unfortunate-situations-flawed-coping-mechanisms-mayhem-and-other-things-that-happened_702/index.html
2026-10-06 22:42:05,466 | INFO | scrapers.base_scraper | Request: https://books.toscrape.com/catalogue/hush-hush-hush-hush-1_701/index.html
2026-10-06 22:42:05,478 | INFO | scrapers.base_scraper | Request: https://books.toscrape.com/catalogue/hold-your-breath-search-and-rescue-1_700/index.html
2026-10-06 22:42:05,991 | INFO | scrapers.base_scraper | Request: https://books.toscrape.com/catalogue/hamilton-the-revolution_699/index.html
2026-10-06 22:42:06,141 | INFO | scrapers.base_scraper | Request: https://books.toscrape.com/catalogue/greek-mythic-history_698/index.html
2026-10-06 22:42:06,153 | INFO | scrapers.base_scraper | Request: https://books.toscrape.com/catalogue/god-the-most-unpleasant-character-in-all-fiction_697/index.html
2026-10-06 22:42:06,245 | INFO | scrapers.base_scraper | Request: https://books.toscrape.com/catalogue/glory-over-everything-beyond-the-kitchen-house_696/index.html
2026-10-06 22:42:06,254 | INFO | scrapers.base_scraper | Request: https://books.toscrape.com/catalogue/feathers-displays-of-brilliant-plumage_695/index.html
2026-10-06 22:42:06,938 | INFO | scrapers.base_scraper | Request: https://books.toscrape.com/catalogue/far-away-places-on-the-brink-of-change-seven-continents-twenty-five-years_694/index.html
2026-10-06 22:42:07,012 | INFO | scrapers.base_scraper | Request: https://books.toscrape.com/catalogue/every-last-word_693/index.html
2026-10-06 22:42:07,026 | INFO | scrapers.base_scraper | Request: https://books.toscrape.com/catalogue/eligible-the-austen-project-4_692/index.html
2026-10-06 22:42:07,188 | INFO | scrapers.base_scraper | Request: https://books.toscrape.com/catalogue/el-deafo_691/index.html
2026-10-06 22:42:07,253 | INFO | scrapers.base_scraper | Request: https://books.toscrape.com/catalogue/eight-hundred-grapes_690/index.html
2026-10-06 22:42:07,779 | INFO | scrapers.base_scraper | Request: https://books.toscrape.com/catalogue/eaternity-more-than-150-deliciously-easy-vegan-recipes-for-a-long-healthy-satisfied-joyful-life_689/index.html
2026-10-06 22:42:07,993 | INFO | scrapers.base_scraper | Request: https://books.toscrape.com/catalogue/eat-fat-get-thin_688/index.html
2026-10-06 22:42:08,026 | INFO | scrapers.base_scraper | Request: https://books.toscrape.com/catalogue/dont-get-caught_687/index.html
2026-10-06 22:42:08,056 | INFO | scrapers.base_scraper | Request: https://books.toscrape.com/catalogue/doctor-sleep-the-shining-2_686/index.html
2026-10-06 22:42:08,224 | INFO | scrapers.base_scraper | Request: https://books.toscrape.com/catalogue/demigods-magicians-percy-and-annabeth-meet-the-kanes-percy-jackson-kane-chronicles-crossover-1-3_685/index.html
2026-10-06 22:42:08,778 | INFO | scrapers.base_scraper | Request: https://books.toscrape.com/catalogue/dear-mr-knightley_684/index.html
2026-10-06 22:42:08,806 | INFO | scrapers.base_scraper | Request: https://books.toscrape.com/catalogue/daily-fantasy-sports_683/index.html
2026-10-06 22:42:08,814 | INFO | scrapers.base_scraper | Request: https://books.toscrape.com/catalogue/crazy-love-overwhelmed-by-a-relentless-god_682/index.html
2026-10-06 22:42:09,080 | INFO | scrapers.base_scraper | Request: https://books.toscrape.com/catalogue/cometh-the-hour-the-clifton-chronicles-6_681/index.html
2026-10-06 22:42:09,276 | INFO | scrapers.base_scraper | Request: https://books.toscrape.com/catalogue/code-name-verity-code-name-verity-1_680/index.html
2026-10-06 22:42:09,579 | INFO | scrapers.base_scraper | Request: https://books.toscrape.com/catalogue/clockwork-angel-the-infernal-devices-1_679/index.html
2026-10-06 22:42:09,820 | INFO | scrapers.base_scraper | Request: https://books.toscrape.com/catalogue/city-of-glass-the-mortal-instruments-3_678/index.html
2026-10-06 22:42:09,843 | INFO | scrapers.base_scraper | Request: https://books.toscrape.com/catalogue/city-of-fallen-angels-the-mortal-instruments-4_677/index.html
2026-10-06 22:42:10,054 | INFO | scrapers.base_scraper | Request: https://books.toscrape.com/catalogue/city-of-bones-the-mortal-instruments-1_676/index.html
2026-10-06 22:42:10,104 | INFO | scrapers.base_scraper | Request: https://books.toscrape.com/catalogue/city-of-ashes-the-mortal-instruments-2_675/index.html
2026-10-06 22:42:10,340 | INFO | scrapers.base_scraper | Request: https://books.toscrape.com/catalogue/cell_674/index.html
2026-10-06 22:42:10,827 | INFO | scrapers.base_scraper | Request: https://books.toscrape.com/catalogue/catching-jordan-hundred-oaks_673/index.html
2026-10-06 22:42:10,895 | INFO | scrapers.base_scraper | Request: https://books.toscrape.com/catalogue/carry-on-warrior-thoughts-on-life-unarmed_672/index.html
2026-10-06 22:42:11,105 | INFO | scrapers.base_scraper | Request: https://books.toscrape.com/catalogue/carrie_671/index.html
2026-10-06 22:42:11,134 | INFO | scrapers.base_scraper | Request: https://books.toscrape.com/catalogue/buying-in-the-secret-dialogue-between-what-we-buy-and-who-we-are_670/index.html
2026-10-06 22:42:11,357 | INFO | scrapers.base_scraper | Request: https://books.toscrape.com/catalogue/brain-on-fire-my-month-of-madness_669/index.html
2026-10-06 22:42:11,587 | INFO | scrapers.base_scraper | Request: https://books.toscrape.com/catalogue/batman-europa_668/index.html
2026-10-06 22:42:11,889 | INFO | scrapers.base_scraper | Request: https://books.toscrape.com/catalogue/barefoot-contessa-back-to-basics_667/index.html
2026-10-06 22:42:11,955 | INFO | scrapers.base_scraper | Request: https://books.toscrape.com/catalogue/barefoot-contessa-at-home-everyday-recipes-youll-make-over-and-over-again_666/index.html
2026-10-06 22:42:12,124 | INFO | scrapers.base_scraper | Request: https://books.toscrape.com/catalogue/balloon-animals_665/index.html
2026-10-06 22:42:12,193 | INFO | scrapers.base_scraper | Request: https://books.toscrape.com/catalogue/art-ops-vol-1_664/index.html
2026-10-06 22:42:12,354 | INFO | scrapers.base_scraper | Request: https://books.toscrape.com/catalogue/aristotle-and-dante-discover-the-secrets-of-the-universe-aristotle-and-dante-discover-the-secrets-of-the-universe-1_663/index.html
2026-10-06 22:42:12,897 | INFO | scrapers.base_scraper | Request: https://books.toscrape.com/catalogue/angels-walking-angels-walking-1_662/index.html
2026-10-06 22:42:12,930 | INFO | scrapers.base_scraper | Request: https://books.toscrape.com/catalogue/angels-demons-robert-langdon-1_661/index.html
2026-10-06 22:42:12,972 | INFO | scrapers.base_scraper | Request: https://books.toscrape.com/catalogue/all-the-light-we-cannot-see_660/index.html
2026-10-06 22:42:13,005 | INFO | scrapers.base_scraper | Request: https://books.toscrape.com/catalogue/adulthood-is-a-myth-a-sarahs-scribbles-collection_659/index.html
2026-10-06 22:42:13,365 | INFO | scrapers.base_scraper | Request: https://books.toscrape.com/catalogue/abstract-city_658/index.html
2026-10-06 22:42:13,742 | INFO | scrapers.base_scraper | Request: https://books.toscrape.com/catalogue/a-time-of-torment-charlie-parker-14_657/index.html
2026-10-06 22:42:13,803 | INFO | scrapers.base_scraper | Request: https://books.toscrape.com/catalogue/a-study-in-scarlet-sherlock-holmes-1_656/index.html
2026-10-06 22:42:13,915 | INFO | scrapers.base_scraper | Request: https://books.toscrape.com/catalogue/a-series-of-catastrophes-and-miracles-a-true-story-of-love-science-and-cancer_655/index.html
2026-10-06 22:42:13,973 | INFO | scrapers.base_scraper | Request: https://books.toscrape.com/catalogue/a-peoples-history-of-the-united-states_654/index.html
2026-10-06 22:42:14,374 | INFO | scrapers.base_scraper | Request: https://books.toscrape.com/catalogue/a-man-called-ove_653/index.html
2026-10-06 22:42:14,518 | INFO | scrapers.base_scraper | Request: https://books.toscrape.com/catalogue/a-distant-mirror-the-calamitous-14th-century_652/index.html
2026-10-06 22:42:14,592 | INFO | scrapers.base_scraper | Request: https://books.toscrape.com/catalogue/a-brush-of-wings-angels-walking-3_651/index.html
2026-10-06 22:42:14,757 | INFO | scrapers.base_scraper | Request: https://books.toscrape.com/catalogue/1491-new-revelations-of-the-americas-before-columbus_650/index.html
2026-10-06 22:42:14,942 | INFO | scrapers.base_scraper | Request: https://books.toscrape.com/catalogue/the-three-searches-meaning-and-the-story_649/index.html
2026-10-06 22:42:15,140 | INFO | scrapers.base_scraper | Request: https://books.toscrape.com/catalogue/searching-for-meaning-in-gailana_648/index.html
2026-10-06 22:42:15,544 | INFO | scrapers.base_scraper | Request: https://books.toscrape.com/catalogue/rook_647/index.html
2026-10-06 22:42:15,653 | INFO | scrapers.base_scraper | Request: https://books.toscrape.com/catalogue/my-kitchen-year-136-recipes-that-saved-my-life_646/index.html
2026-10-06 22:42:15,706 | INFO | scrapers.base_scraper | Request: https://books.toscrape.com/catalogue/13-hours-the-inside-account-of-what-really-happened-in-benghazi_645/index.html
2026-10-06 22:42:15,807 | INFO | scrapers.base_scraper | Request: https://books.toscrape.com/catalogue/will-you-wont-you-want-me_644/index.html
2026-10-06 22:42:16,144 | INFO | scrapers.base_scraper | Request: https://books.toscrape.com/catalogue/tipping-point-for-planet-earth-how-close-are-we-to-the-edge_643/index.html
2026-10-06 22:42:16,312 | INFO | scrapers.base_scraper | Request: https://books.toscrape.com/catalogue/the-star-touched-queen_642/index.html
2026-10-06 22:42:16,593 | INFO | scrapers.base_scraper | Request: https://books.toscrape.com/catalogue/the-silent-sister-riley-macpherson-1_641/index.html
2026-10-06 22:42:16,704 | INFO | scrapers.base_scraper | Request: https://books.toscrape.com/catalogue/the-midnight-watch-a-novel-of-the-titanic-and-the-californian_640/index.html
2026-10-06 22:42:16,723 | INFO | scrapers.base_scraper | Request: https://books.toscrape.com/catalogue/the-lonely-city-adventures-in-the-art-of-being-alone_639/index.html
2026-10-06 22:42:17,083 | INFO | scrapers.base_scraper | Request: https://books.toscrape.com/catalogue/the-gray-rhino-how-to-recognize-and-act-on-the-obvious-dangers-we-ignore_638/index.html
2026-10-06 22:42:17,153 | INFO | scrapers.base_scraper | Request: https://books.toscrape.com/catalogue/the-golden-condom-and-other-essays-on-love-lost-and-found_637/index.html
2026-10-06 22:42:17,376 | INFO | scrapers.base_scraper | Request: https://books.toscrape.com/catalogue/the-epidemic-the-program-06_636/index.html
2026-10-06 22:42:17,492 | INFO | scrapers.base_scraper | Request: https://books.toscrape.com/catalogue/the-dinner-party_635/index.html
2026-10-06 22:42:17,739 | INFO | scrapers.base_scraper | Request: https://books.toscrape.com/catalogue/the-diary-of-a-young-girl_634/index.html
2026-10-06 22:42:17,853 | INFO | scrapers.base_scraper | Request: https://books.toscrape.com/catalogue/the-children_633/index.html
2026-10-06 22:42:17,921 | INFO | scrapers.base_scraper | Request: https://books.toscrape.com/catalogue/stars-above-the-lunar-chronicles-45_632/index.html
2026-10-06 22:42:18,287 | INFO | scrapers.base_scraper | Request: https://books.toscrape.com/catalogue/snatched-how-a-drug-queen-went-undercover-for-the-dea-and-was-kidnapped-by-colombian-guerillas_631/index.html
2026-10-06 22:42:18,437 | INFO | scrapers.base_scraper | Request: https://books.toscrape.com/catalogue/raspberry-pi-electronics-projects-for-the-evil-genius_630/index.html
2026-10-06 22:42:18,501 | INFO | scrapers.base_scraper | Request: https://books.toscrape.com/catalogue/quench-your-own-thirst-business-lessons-learned-over-a-beer-or-two_629/index.html
2026-10-06 22:42:18,873 | INFO | scrapers.base_scraper | Request: https://books.toscrape.com/catalogue/psycho-sanitarium-psycho-15_628/index.html
2026-10-06 22:42:18,923 | INFO | scrapers.base_scraper | Request: https://books.toscrape.com/catalogue/poisonous-max-revere-novels-3_627/index.html
2026-10-06 22:42:19,471 | INFO | scrapers.base_scraper | Request: https://books.toscrape.com/catalogue/one-with-you-crossfire-5_626/index.html
2026-10-06 22:42:19,585 | INFO | scrapers.base_scraper | Request: https://books.toscrape.com/catalogue/no-love-allowed-dodge-cove-1_625/index.html
2026-10-06 22:42:19,585 | INFO | scrapers.base_scraper | Request: https://books.toscrape.com/catalogue/murder-at-the-42nd-street-library-raymond-ambler-1_624/index.html
2026-10-06 22:42:19,760 | INFO | scrapers.base_scraper | Request: https://books.toscrape.com/catalogue/most-wanted_623/index.html
2026-10-06 22:42:19,770 | INFO | scrapers.base_scraper | Request: https://books.toscrape.com/catalogue/love-lies-and-spies_622/index.html
2026-10-06 22:42:20,335 | INFO | scrapers.base_scraper | Request: https://books.toscrape.com/catalogue/how-to-speak-golf-an-illustrated-guide-to-links-lingo_621/index.html
2026-10-06 22:42:20,653 | INFO | scrapers.base_scraper | Request: https://books.toscrape.com/catalogue/hide-away-eve-duncan-20_620/index.html
2026-10-06 22:42:20,660 | INFO | scrapers.base_scraper | Request: https://books.toscrape.com/catalogue/furiously-happy-a-funny-book-about-horrible-things_619/index.html
2026-10-06 22:42:20,662 | INFO | scrapers.base_scraper | Request: https://books.toscrape.com/catalogue/everyday-italian-125-simple-and-delicious-recipes_618/index.html
2026-10-06 22:42:20,746 | INFO | scrapers.base_scraper | Request: https://books.toscrape.com/catalogue/equal-is-unfair-americas-misguided-fight-against-income-inequality_617/index.html
2026-10-06 22:42:21,506 | INFO | scrapers.base_scraper | Request: https://books.toscrape.com/catalogue/eleanor-park_616/index.html
2026-10-06 22:42:21,515 | INFO | scrapers.base_scraper | Request: https://books.toscrape.com/catalogue/dirty-dive-bar-1_615/index.html
2026-10-06 22:42:21,829 | INFO | scrapers.base_scraper | Request: https://books.toscrape.com/catalogue/can-you-keep-a-secret-fear-street-relaunch-4_614/index.html
2026-10-06 22:42:21,835 | INFO | scrapers.base_scraper | Request: https://books.toscrape.com/catalogue/boar-island-anna-pigeon-19_613/index.html
2026-10-06 22:42:21,964 | INFO | scrapers.base_scraper | Request: https://books.toscrape.com/catalogue/a-paris-apartment_612/index.html
2026-10-06 22:42:22,429 | INFO | scrapers.base_scraper | Request: https://books.toscrape.com/catalogue/a-la-mode-120-recipes-in-60-pairings-pies-tarts-cakes-crisps-and-more-topped-with-ice-cream-gelato-frozen-custard-and-more_611/index.html
2026-10-06 22:42:22,719 | INFO | scrapers.base_scraper | Request: https://books.toscrape.com/catalogue/troublemaker-surviving-hollywood-and-scientology_610/index.html
2026-10-06 22:42:22,726 | INFO | scrapers.base_scraper | Request: https://books.toscrape.com/catalogue/the-widow_609/index.html
2026-10-06 22:42:22,729 | INFO | scrapers.base_scraper | Request: https://books.toscrape.com/catalogue/the-sleep-revolution-transforming-your-life-one-night-at-a-time_608/index.html
2026-10-06 22:42:23,185 | INFO | scrapers.base_scraper | Request: https://books.toscrape.com/catalogue/the-improbability-of-love_607/index.html
2026-10-06 22:42:23,566 | INFO | scrapers.base_scraper | Request: https://books.toscrape.com/catalogue/the-art-of-startup-fundraising_606/index.html
2026-10-06 22:42:23,902 | INFO | scrapers.base_scraper | Request: https://books.toscrape.com/catalogue/take-me-home-tonight-rock-star-romance-3_605/index.html
2026-10-06 22:42:23,904 | INFO | scrapers.base_scraper | Request: https://books.toscrape.com/catalogue/sleeping-giants-themis-files-1_604/index.html
2026-10-06 22:42:23,911 | INFO | scrapers.base_scraper | Request: https://books.toscrape.com/catalogue/setting-the-world-on-fire-the-brief-astonishing-life-of-st-catherine-of-siena_603/index.html
2026-10-06 22:42:24,006 | INFO | scrapers.base_scraper | Request: https://books.toscrape.com/catalogue/playing-with-fire_602/index.html
2026-10-06 22:42:24,687 | INFO | scrapers.base_scraper | Request: https://books.toscrape.com/catalogue/off-the-hook-fishing-for-trouble-1_601/index.html
2026-10-06 22:42:24,708 | INFO | scrapers.base_scraper | Request: https://books.toscrape.com/catalogue/mothering-sunday_600/index.html
2026-10-06 22:42:24,716 | INFO | scrapers.base_scraper | Request: https://books.toscrape.com/catalogue/mother-can-you-not_599/index.html
2026-10-06 22:42:24,766 | INFO | scrapers.base_scraper | Request: https://books.toscrape.com/catalogue/m-train_598/index.html
2026-10-06 22:42:24,920 | INFO | scrapers.base_scraper | Request: https://books.toscrape.com/catalogue/lilac-girls_597/index.html
2026-10-06 22:42:25,470 | INFO | scrapers.base_scraper | Request: https://books.toscrape.com/catalogue/lies-and-other-acts-of-love_596/index.html
2026-10-06 22:42:25,690 | INFO | scrapers.base_scraper | Request: https://books.toscrape.com/catalogue/lab-girl_595/index.html
2026-10-06 22:42:25,726 | INFO | scrapers.base_scraper | Request: https://books.toscrape.com/catalogue/keep-me-posted_594/index.html
2026-10-06 22:42:25,739 | INFO | scrapers.base_scraper | Request: https://books.toscrape.com/catalogue/it-didnt-start-with-you-how-inherited-family-trauma-shapes-who-we-are-and-how-to-end-the-cycle_593/index.html
2026-10-06 22:42:25,773 | INFO | scrapers.base_scraper | Request: https://books.toscrape.com/catalogue/grey-fifty-shades-4_592/index.html
2026-10-06 22:42:26,255 | INFO | scrapers.base_scraper | Request: https://books.toscrape.com/catalogue/exit-pursued-by-a-bear_591/index.html
2026-10-06 22:42:26,459 | INFO | scrapers.base_scraper | Request: https://books.toscrape.com/catalogue/daredevils_590/index.html
2026-10-06 22:42:26,491 | INFO | scrapers.base_scraper | Request: https://books.toscrape.com/catalogue/cravings-recipes-for-what-you-want-to-eat_589/index.html
2026-10-06 22:42:26,760 | INFO | scrapers.base_scraper | Request: https://books.toscrape.com/catalogue/born-for-this-how-to-find-the-work-you-were-meant-to-do_588/index.html
2026-10-06 22:42:26,778 | INFO | scrapers.base_scraper | Request: https://books.toscrape.com/catalogue/arena_587/index.html
2026-10-06 22:42:27,037 | INFO | scrapers.base_scraper | Request: https://books.toscrape.com/catalogue/adultery_586/index.html
2026-10-06 22:42:27,472 | INFO | scrapers.base_scraper | Request: https://books.toscrape.com/catalogue/a-mothers-reckoning-living-in-the-aftermath-of-tragedy_585/index.html
2026-10-06 22:42:27,517 | INFO | scrapers.base_scraper | Request: https://books.toscrape.com/catalogue/a-gentlemans-position-society-of-gentlemen-3_584/index.html
2026-10-06 22:42:27,790 | INFO | scrapers.base_scraper | Request: https://books.toscrape.com/catalogue/112263_583/index.html
2026-10-06 22:42:27,799 | INFO | scrapers.base_scraper | Request: https://books.toscrape.com/catalogue/10-happier-how-i-tamed-the-voice-in-my-head-reduced-stress-without-losing-my-edge-and-found-self-help-that-actually-works_582/index.html
2026-10-06 22:42:27,827 | INFO | scrapers.base_scraper | Request: https://books.toscrape.com/catalogue/10-day-green-smoothie-cleanse-lose-up-to-15-pounds-in-10-days_581/index.html
2026-10-06 22:42:28,496 | INFO | scrapers.base_scraper | Request: https://books.toscrape.com/catalogue/without-shame_580/index.html
2026-10-06 22:42:28,529 | INFO | scrapers.base_scraper | Request: https://books.toscrape.com/catalogue/watchmen_579/index.html
2026-10-06 22:42:28,562 | INFO | scrapers.base_scraper | Request: https://books.toscrape.com/catalogue/unlimited-intuition-now_578/index.html
2026-10-06 22:42:28,820 | INFO | scrapers.base_scraper | Request: https://books.toscrape.com/catalogue/underlying-notes_577/index.html
2026-10-06 22:42:28,885 | INFO | scrapers.base_scraper | Request: https://books.toscrape.com/catalogue/the-shack_576/index.html
2026-10-06 22:42:29,256 | INFO | scrapers.base_scraper | Request: https://books.toscrape.com/catalogue/the-new-brand-you-your-new-image-makes-the-sale-for-you_575/index.html
2026-10-06 22:42:29,292 | INFO | scrapers.base_scraper | Request: https://books.toscrape.com/catalogue/the-moosewood-cookbook-recipes-from-moosewood-restaurant-ithaca-new-york_574/index.html
2026-10-06 22:42:29,340 | INFO | scrapers.base_scraper | Request: https://books.toscrape.com/catalogue/the-flowers-lied_573/index.html
2026-10-06 22:42:29,576 | INFO | scrapers.base_scraper | Request: https://books.toscrape.com/catalogue/the-fabric-of-the-cosmos-space-time-and-the-texture-of-reality_572/index.html
2026-10-06 22:42:29,941 | INFO | scrapers.base_scraper | Request: https://books.toscrape.com/catalogue/the-book-of-mormon_571/index.html
2026-10-06 22:42:30,023 | INFO | scrapers.base_scraper | Request: https://books.toscrape.com/catalogue/the-art-and-science-of-low-carbohydrate-living_570/index.html
2026-10-06 22:42:30,119 | INFO | scrapers.base_scraper | Request: https://books.toscrape.com/catalogue/the-alien-club_569/index.html
2026-10-06 22:42:30,306 | INFO | scrapers.base_scraper | Request: https://books.toscrape.com/catalogue/suzie-snowflake-one-beautiful-flake-a-self-esteem-story_568/index.html
2026-10-06 22:42:30,593 | INFO | scrapers.base_scraper | Request: https://books.toscrape.com/catalogue/nap-a-roo_567/index.html
2026-10-06 22:42:30,795 | INFO | scrapers.base_scraper | Request: https://books.toscrape.com/catalogue/nano-what-now-finding-your-editing-process-revising-your-nanowrimo-book-and-building-a-writing-career-through-publishing-and-beyond_566/index.html
2026-10-06 22:42:30,993 | INFO | scrapers.base_scraper | Request: https://books.toscrape.com/catalogue/modern-day-fables_565/index.html
2026-10-06 22:42:31,143 | INFO | scrapers.base_scraper | Request: https://books.toscrape.com/catalogue/if-i-gave-you-gods-phone-number-searching-for-spirituality-in-america_564/index.html
2026-10-06 22:42:31,314 | INFO | scrapers.base_scraper | Request: https://books.toscrape.com/catalogue/fruits-basket-vol-9-fruits-basket-9_563/index.html
2026-10-06 22:42:31,353 | INFO | scrapers.base_scraper | Request: https://books.toscrape.com/catalogue/dress-your-family-in-corduroy-and-denim_562/index.html
2026-10-06 22:42:31,810 | INFO | scrapers.base_scraper | Request: https://books.toscrape.com/catalogue/dont-forget-steven_561/index.html
2026-10-06 22:42:32,045 | INFO | scrapers.base_scraper | Request: https://books.toscrape.com/catalogue/chernobyl-012340-the-incredible-true-story-of-the-worlds-worst-nuclear-disaster_560/index.html
2026-10-06 22:42:32,081 | INFO | scrapers.base_scraper | Request: https://books.toscrape.com/catalogue/art-and-fear-observations-on-the-perils-and-rewards-of-artmaking_559/index.html
2026-10-06 22:42:32,169 | INFO | scrapers.base_scraper | Request: https://books.toscrape.com/catalogue/a-shard-of-ice-the-black-symphony-saga-1_558/index.html
2026-10-06 22:42:32,359 | INFO | scrapers.base_scraper | Request: https://books.toscrape.com/catalogue/a-heros-curse-the-unseen-chronicles-1_557/index.html
2026-10-06 22:42:32,592 | INFO | scrapers.base_scraper | Request: https://books.toscrape.com/catalogue/23-degrees-south-a-tropical-tale-of-changing-whether_556/index.html
2026-10-06 22:42:32,835 | INFO | scrapers.base_scraper | Request: https://books.toscrape.com/catalogue/zero-to-one-notes-on-startups-or-how-to-build-the-future_555/index.html
2026-10-06 22:42:33,086 | INFO | scrapers.base_scraper | Request: https://books.toscrape.com/catalogue/why-not-me_554/index.html
2026-10-06 22:42:33,124 | INFO | scrapers.base_scraper | Request: https://books.toscrape.com/catalogue/when-breath-becomes-air_553/index.html
2026-10-06 22:42:33,189 | INFO | scrapers.base_scraper | Request: https://books.toscrape.com/catalogue/vagabonding-an-uncommon-guide-to-the-art-of-long-term-world-travel_552/index.html
2026-10-06 22:42:33,607 | INFO | scrapers.base_scraper | Request: https://books.toscrape.com/catalogue/the-unlikely-pilgrimage-of-harold-fry-harold-fry-1_551/index.html
2026-10-06 22:42:33,631 | INFO | scrapers.base_scraper | Request: https://books.toscrape.com/catalogue/the-new-drawing-on-the-right-side-of-the-brain_550/index.html
2026-10-06 22:42:33,964 | INFO | scrapers.base_scraper | Request: https://books.toscrape.com/catalogue/the-midnight-assassin-panic-scandal-and-the-hunt-for-americas-first-serial-killer_549/index.html
2026-10-06 22:42:34,102 | INFO | scrapers.base_scraper | Request: https://books.toscrape.com/catalogue/the-martian-the-martian-1_548/index.html
2026-10-06 22:42:34,135 | INFO | scrapers.base_scraper | Request: https://books.toscrape.com/catalogue/the-high-mountains-of-portugal_547/index.html
2026-10-06 22:42:34,409 | INFO | scrapers.base_scraper | Request: https://books.toscrape.com/catalogue/the-grownup_546/index.html
2026-10-06 22:42:34,626 | INFO | scrapers.base_scraper | Request: https://books.toscrape.com/catalogue/the-e-myth-revisited-why-most-small-businesses-dont-work-and-what-to-do-about-it_545/index.html
2026-10-06 22:42:34,738 | INFO | scrapers.base_scraper | Request: https://books.toscrape.com/catalogue/south-of-sunshine_544/index.html
2026-10-06 22:42:34,865 | INFO | scrapers.base_scraper | Request: https://books.toscrape.com/catalogue/smarter-faster-better-the-secrets-of-being-productive-in-life-and-business_543/index.html
2026-10-06 22:42:34,899 | INFO | scrapers.base_scraper | Request: https://books.toscrape.com/catalogue/silence-in-the-dark-logan-point-4_542/index.html
2026-10-06 22:42:35,192 | INFO | scrapers.base_scraper | Request: https://books.toscrape.com/catalogue/shadows-of-the-past-logan-point-1_541/index.html
2026-10-06 22:42:35,399 | INFO | scrapers.base_scraper | Request: https://books.toscrape.com/catalogue/roller-girl_540/index.html
2026-10-06 22:42:35,519 | INFO | scrapers.base_scraper | Request: https://books.toscrape.com/catalogue/rising-strong_539/index.html
2026-10-06 22:42:35,691 | INFO | scrapers.base_scraper | Request: https://books.toscrape.com/catalogue/proofs-of-god-classical-arguments-from-tertullian-to-barth_538/index.html
2026-10-06 22:42:35,698 | INFO | scrapers.base_scraper | Request: https://books.toscrape.com/catalogue/please-kill-me-the-uncensored-oral-history-of-punk_537/index.html
2026-10-06 22:42:35,980 | INFO | scrapers.base_scraper | Request: https://books.toscrape.com/catalogue/out-of-print-city-lights-spotlight-no-14_536/index.html
2026-10-06 22:42:36,188 | INFO | scrapers.base_scraper | Request: https://books.toscrape.com/catalogue/my-life-next-door-my-life-next-door_535/index.html
2026-10-06 22:42:36,287 | INFO | scrapers.base_scraper | Request: https://books.toscrape.com/catalogue/millers-valley_534/index.html
2026-10-06 22:42:36,487 | INFO | scrapers.base_scraper | Request: https://books.toscrape.com/catalogue/mans-search-for-meaning_533/index.html
2026-10-06 22:42:36,487 | INFO | scrapers.base_scraper | Request: https://books.toscrape.com/catalogue/love-that-boy-what-two-presidents-eight-road-trips-and-my-son-taught-me-about-a-parents-expectations_532/index.html
2026-10-06 22:42:36,962 | INFO | scrapers.base_scraper | Request: https://books.toscrape.com/catalogue/living-forward-a-proven-plan-to-stop-drifting-and-get-the-life-you-want_531/index.html
2026-10-06 22:42:37,032 | INFO | scrapers.base_scraper | Request: https://books.toscrape.com/catalogue/les-fleurs-du-mal_530/index.html
2026-10-06 22:42:37,064 | INFO | scrapers.base_scraper | Request: https://books.toscrape.com/catalogue/left-behind-left-behind-1_529/index.html
2026-10-06 22:42:37,526 | INFO | scrapers.base_scraper | Request: https://books.toscrape.com/catalogue/kill-em-and-leave-searching-for-james-brown-and-the-american-soul_528/index.html
2026-10-06 22:42:37,534 | INFO | scrapers.base_scraper | Request: https://books.toscrape.com/catalogue/kierkegaard-a-christian-missionary-to-christians_527/index.html
2026-10-06 22:42:37,814 | INFO | scrapers.base_scraper | Request: https://books.toscrape.com/catalogue/john-vassos-industrial-design-for-modern-life_526/index.html
2026-10-06 22:42:37,831 | INFO | scrapers.base_scraper | Request: https://books.toscrape.com/catalogue/ill-give-you-the-sun_525/index.html
2026-10-06 22:42:37,980 | INFO | scrapers.base_scraper | Request: https://books.toscrape.com/catalogue/i-will-find-you_524/index.html
2026-10-06 22:42:38,554 | INFO | scrapers.base_scraper | Request: https://books.toscrape.com/catalogue/hystopia-a-novel_523/index.html
2026-10-06 22:42:38,580 | INFO | scrapers.base_scraper | Request: https://books.toscrape.com/catalogue/howl-and-other-poems_522/index.html
2026-10-06 22:42:38,894 | INFO | scrapers.base_scraper | Request: https://books.toscrape.com/catalogue/history-of-beauty_521/index.html
2026-10-06 22:42:38,896 | INFO | scrapers.base_scraper | Request: https://books.toscrape.com/catalogue/heaven-is-for-real-a-little-boys-astounding-story-of-his-trip-to-heaven-and-back_520/index.html
2026-10-06 22:42:38,991 | INFO | scrapers.base_scraper | Request: https://books.toscrape.com/catalogue/future-shock-future-shock-1_519/index.html
2026-10-06 22:42:39,322 | INFO | scrapers.base_scraper | Request: https://books.toscrape.com/catalogue/enders-game-the-ender-quintet-1_518/index.html
2026-10-06 22:42:39,589 | INFO | scrapers.base_scraper | Request: https://books.toscrape.com/catalogue/diary-of-a-citizen-scientist-chasing-tiger-beetles-and-other-new-ways-of-engaging-the-world_517/index.html
2026-10-06 22:42:39,685 | INFO | scrapers.base_scraper | Request: https://books.toscrape.com/catalogue/death-by-leisure-a-cautionary-tale_516/index.html
2026-10-06 22:42:39,959 | INFO | scrapers.base_scraper | Request: https://books.toscrape.com/catalogue/brilliant-beacons-a-history-of-the-american-lighthouse_515/index.html
2026-10-06 22:42:40,016 | INFO | scrapers.base_scraper | Request: https://books.toscrape.com/catalogue/brazen-the-courage-to-find-the-you-thats-been-hiding_514/index.html
2026-10-06 22:42:40,086 | INFO | scrapers.base_scraper | Request: https://books.toscrape.com/catalogue/between-the-world-and-me_513/index.html
2026-10-06 22:42:40,603 | INFO | scrapers.base_scraper | Request: https://books.toscrape.com/catalogue/being-mortal-medicine-and-what-matters-in-the-end_512/index.html
2026-10-06 22:42:40,737 | INFO | scrapers.base_scraper | Request: https://books.toscrape.com/catalogue/a-murder-over-a-girl-justice-gender-junior-high_511/index.html
2026-10-06 22:42:40,850 | INFO | scrapers.base_scraper | Request: https://books.toscrape.com/catalogue/32-yolks_510/index.html
2026-10-06 22:42:40,982 | INFO | scrapers.base_scraper | Request: https://books.toscrape.com/catalogue/most-blessed-of-the-patriarchs-thomas-jefferson-and-the-empire-of-the-imagination_509/index.html
2026-10-06 22:42:41,025 | INFO | scrapers.base_scraper | Request: https://books.toscrape.com/catalogue/you-are-a-badass-how-to-stop-doubting-your-greatness-and-start-living-an-awesome-life_508/index.html
2026-10-06 22:42:41,364 | INFO | scrapers.base_scraper | Request: https://books.toscrape.com/catalogue/wildlife-of-new-york-a-five-borough-coloring-book_507/index.html
2026-10-06 22:42:41,612 | INFO | scrapers.base_scraper | Request: https://books.toscrape.com/catalogue/what-happened-on-beale-street-secrets-of-the-south-mysteries-2_506/index.html
2026-10-06 22:42:41,795 | INFO | scrapers.base_scraper | Request: https://books.toscrape.com/catalogue/unreasonable-hope-finding-faith-in-the-god-who-brings-purpose-to-your-pain_505/index.html
2026-10-06 22:42:42,014 | INFO | scrapers.base_scraper | Request: https://books.toscrape.com/catalogue/under-the-tuscan-sun_504/index.html
2026-10-06 22:42:42,050 | INFO | scrapers.base_scraper | Request: https://books.toscrape.com/catalogue/toddlers-are-aholes-its-not-your-fault_503/index.html
2026-10-06 22:42:42,120 | INFO | scrapers.base_scraper | Request: https://books.toscrape.com/catalogue/the-year-of-living-biblically-one-mans-humble-quest-to-follow-the-bible-as-literally-as-possible_502/index.html
2026-10-06 22:42:42,373 | INFO | scrapers.base_scraper | Request: https://books.toscrape.com/catalogue/the-whale_501/index.html
2026-10-06 22:42:42,578 | INFO | scrapers.base_scraper | Request: https://books.toscrape.com/catalogue/the-story-of-art_500/index.html
2026-10-06 22:42:42,786 | INFO | scrapers.base_scraper | Request: https://books.toscrape.com/catalogue/the-origin-of-species_499/index.html
2026-10-06 22:42:43,061 | INFO | scrapers.base_scraper | Request: https://books.toscrape.com/catalogue/the-great-gatsby_498/index.html
2026-10-06 22:42:43,159 | INFO | scrapers.base_scraper | Request: https://books.toscrape.com/catalogue/the-good-girl_497/index.html
2026-10-06 22:42:43,167 | INFO | scrapers.base_scraper | Request: https://books.toscrape.com/catalogue/the-glass-castle_496/index.html
2026-10-06 22:42:43,357 | INFO | scrapers.base_scraper | Request: https://books.toscrape.com/catalogue/the-faith-of-christopher-hitchens-the-restless-soul-of-the-worlds-most-notorious-atheist_495/index.html
2026-10-06 22:42:43,802 | INFO | scrapers.base_scraper | Request: https://books.toscrape.com/catalogue/the-drowning-girls_494/index.html
2026-10-06 22:42:43,831 | INFO | scrapers.base_scraper | Request: https://books.toscrape.com/catalogue/the-constant-princess-the-tudor-court-1_493/index.html
2026-10-06 22:42:43,921 | INFO | scrapers.base_scraper | Request: https://books.toscrape.com/catalogue/the-bourne-identity-jason-bourne-1_492/index.html
2026-10-06 22:42:44,172 | INFO | scrapers.base_scraper | Request: https://books.toscrape.com/catalogue/the-bachelor-girls-guide-to-murder-herringford-and-watts-mysteries-1_491/index.html
2026-10-06 22:42:44,412 | INFO | scrapers.base_scraper | Request: https://books.toscrape.com/catalogue/the-art-book_490/index.html
2026-10-06 22:42:44,578 | INFO | scrapers.base_scraper | Request: https://books.toscrape.com/catalogue/the-7-habits-of-highly-effective-people-powerful-lessons-in-personal-change_489/index.html
2026-10-06 22:42:44,605 | INFO | scrapers.base_scraper | Request: https://books.toscrape.com/catalogue/team-of-rivals-the-political-genius-of-abraham-lincoln_488/index.html
2026-10-06 22:42:44,691 | INFO | scrapers.base_scraper | Request: https://books.toscrape.com/catalogue/steal-like-an-artist-10-things-nobody-told-you-about-being-creative_487/index.html
2026-10-06 22:42:44,932 | INFO | scrapers.base_scraper | Request: https://books.toscrape.com/catalogue/sit-stay-love_486/index.html
2026-10-06 22:42:45,199 | INFO | scrapers.base_scraper | Request: https://books.toscrape.com/catalogue/sister-dear_485/index.html
2026-10-06 22:42:45,348 | INFO | scrapers.base_scraper | Request: https://books.toscrape.com/catalogue/shrunken-treasures-literary-classics-short-sweet-and-silly_484/index.html
2026-10-06 22:42:45,622 | INFO | scrapers.base_scraper | Request: https://books.toscrape.com/catalogue/rich-dad-poor-dad_483/index.html
2026-10-06 22:42:45,710 | INFO | scrapers.base_scraper | Request: https://books.toscrape.com/catalogue/raymie-nightingale_482/index.html
2026-10-06 22:42:45,724 | INFO | scrapers.base_scraper | Request: https://books.toscrape.com/catalogue/playing-from-the-heart_481/index.html
2026-10-06 22:42:46,203 | INFO | scrapers.base_scraper | Request: https://books.toscrape.com/catalogue/nightstruck-a-novel_480/index.html
2026-10-06 22:42:46,246 | INFO | scrapers.base_scraper | Request: https://books.toscrape.com/catalogue/naturally-lean-125-nourishing-gluten-free-plant-based-recipes-all-under-300-calories_479/index.html
2026-10-06 22:42:46,390 | INFO | scrapers.base_scraper | Request: https://books.toscrape.com/catalogue/meternity_478/index.html
2026-10-06 22:42:46,489 | INFO | scrapers.base_scraper | Request: https://books.toscrape.com/catalogue/memoirs-of-a-geisha_477/index.html
2026-10-06 22:42:46,543 | INFO | scrapers.base_scraper | Request: https://books.toscrape.com/catalogue/like-never-before-walker-family-2_476/index.html
2026-10-06 22:42:46,983 | INFO | scrapers.base_scraper | Request: https://books.toscrape.com/catalogue/life-of-pi_475/index.html
2026-10-06 22:42:47,258 | INFO | scrapers.base_scraper | Request: https://books.toscrape.com/catalogue/leave-this-song-behind-teen-poetry-at-its-best_474/index.html
2026-10-06 22:42:47,306 | INFO | scrapers.base_scraper | Request: https://books.toscrape.com/catalogue/kings-folly-the-kinsman-chronicles-1_473/index.html
2026-10-06 22:42:47,421 | INFO | scrapers.base_scraper | Request: https://books.toscrape.com/catalogue/john-adams_472/index.html
2026-10-06 22:42:47,562 | INFO | scrapers.base_scraper | Request: https://books.toscrape.com/catalogue/how-to-cook-everything-vegetarian-simple-meatless-recipes-for-great-food-how-to-cook-everything_471/index.html
2026-10-06 22:42:47,757 | INFO | scrapers.base_scraper | Request: https://books.toscrape.com/catalogue/how-to-be-a-domestic-goddess-baking-and-the-art-of-comfort-cooking_470/index.html
2026-10-06 22:42:48,091 | INFO | scrapers.base_scraper | Request: https://books.toscrape.com/catalogue/good-in-bed-cannie-shapiro-1_469/index.html
2026-10-06 22:42:48,269 | INFO | scrapers.base_scraper | Request: https://books.toscrape.com/catalogue/fruits-basket-vol-7-fruits-basket-7_468/index.html
2026-10-06 22:42:48,439 | INFO | scrapers.base_scraper | Request: https://books.toscrape.com/catalogue/for-the-love-fighting-for-grace-in-a-world-of-impossible-standards_467/index.html
2026-10-06 22:42:48,575 | INFO | scrapers.base_scraper | Request: https://books.toscrape.com/catalogue/finding-god-in-the-ruins-how-god-redeems-pain_466/index.html
2026-10-06 22:42:48,784 | INFO | scrapers.base_scraper | Request: https://books.toscrape.com/catalogue/every-heart-a-doorway-every-heart-a-doorway-1_465/index.html
2026-10-06 22:42:49,149 | INFO | scrapers.base_scraper | Request: https://books.toscrape.com/catalogue/delivering-the-truth-quaker-midwife-mystery-1_464/index.html
2026-10-06 22:42:49,205 | INFO | scrapers.base_scraper | Request: https://books.toscrape.com/catalogue/counted-with-the-stars-out-from-egypt-1_463/index.html
2026-10-06 22:42:49,275 | INFO | scrapers.base_scraper | Request: https://books.toscrape.com/catalogue/chronicles-vol-1_462/index.html
2026-10-06 22:42:49,336 | INFO | scrapers.base_scraper | Request: https://books.toscrape.com/catalogue/blue-like-jazz-nonreligious-thoughts-on-christian-spirituality_461/index.html
2026-10-06 22:42:49,803 | INFO | scrapers.base_scraper | Request: https://books.toscrape.com/catalogue/benjamin-franklin-an-american-life_460/index.html
2026-10-06 22:42:49,972 | INFO | scrapers.base_scraper | Request: https://books.toscrape.com/catalogue/at-the-existentialist-cafe-freedom-being-and-apricot-cocktails-with-jean-paul-sartre-simone-de-beauvoir-albert-camus-martin-heidegger-edmund-husserl-karl-jaspers-maurice-merleau-ponty-and-others_459/index.html
2026-10-06 22:42:50,103 | INFO | scrapers.base_scraper | Request: https://books.toscrape.com/catalogue/a-summer-in-europe_458/index.html
2026-10-06 22:42:50,194 | INFO | scrapers.base_scraper | Request: https://books.toscrape.com/catalogue/a-short-history-of-nearly-everything_457/index.html
2026-10-06 22:42:50,286 | INFO | scrapers.base_scraper | Request: https://books.toscrape.com/catalogue/a-gathering-of-shadows-shades-of-magic-2_456/index.html
2026-10-06 22:42:50,830 | INFO | scrapers.base_scraper | Request: https://books.toscrape.com/catalogue/the-sound-of-love_455/index.html
2026-10-06 22:42:50,989 | INFO | scrapers.base_scraper | Request: https://books.toscrape.com/catalogue/the-rise-and-fall-of-the-third-reich-a-history-of-nazi-germany_454/index.html
2026-10-06 22:42:51,052 | INFO | scrapers.base_scraper | Request: https://books.toscrape.com/catalogue/the-perks-of-being-a-wallflower_453/index.html
2026-10-06 22:42:51,113 | INFO | scrapers.base_scraper | Request: https://books.toscrape.com/catalogue/the-mysterious-affair-at-styles-hercule-poirot-1_452/index.html
2026-10-06 22:42:51,253 | INFO | scrapers.base_scraper | Request: https://books.toscrape.com/catalogue/the-man-who-mistook-his-wife-for-a-hat-and-other-clinical-tales_451/index.html
2026-10-06 22:42:51,812 | INFO | scrapers.base_scraper | Request: https://books.toscrape.com/catalogue/the-makings-of-a-fatherless-child_450/index.html
2026-10-06 22:42:51,856 | INFO | scrapers.base_scraper | Request: https://books.toscrape.com/catalogue/the-joy-of-cooking_449/index.html
2026-10-06 22:42:51,882 | INFO | scrapers.base_scraper | Request: https://books.toscrape.com/catalogue/the-invention-of-wings_448/index.html
2026-10-06 22:42:52,005 | INFO | scrapers.base_scraper | Request: https://books.toscrape.com/catalogue/the-hobbit-middle-earth-universe_447/index.html
2026-10-06 22:42:52,305 | INFO | scrapers.base_scraper | Request: https://books.toscrape.com/catalogue/the-great-railway-bazaar_446/index.html
2026-10-06 22:42:52,576 | INFO | scrapers.base_scraper | Request: https://books.toscrape.com/catalogue/the-golden-compass-his-dark-materials-1_445/index.html
2026-10-06 22:42:52,778 | INFO | scrapers.base_scraper | Request: https://books.toscrape.com/catalogue/the-god-delusion_444/index.html
2026-10-06 22:42:52,854 | INFO | scrapers.base_scraper | Request: https://books.toscrape.com/catalogue/the-girl-you-left-behind-the-girl-you-left-behind-1_443/index.html
2026-10-06 22:42:52,904 | INFO | scrapers.base_scraper | Request: https://books.toscrape.com/catalogue/the-fellowship-of-the-ring-the-lord-of-the-rings-1_442/index.html
2026-10-06 22:42:53,087 | INFO | scrapers.base_scraper | Request: https://books.toscrape.com/catalogue/the-collected-poems-of-wb-yeats-the-collected-works-of-wb-yeats-1_441/index.html
2026-10-06 22:42:53,539 | INFO | scrapers.base_scraper | Request: https://books.toscrape.com/catalogue/the-barefoot-contessa-cookbook_440/index.html
2026-10-06 22:42:53,581 | INFO | scrapers.base_scraper | Request: https://books.toscrape.com/catalogue/tell-the-wolves-im-home_439/index.html
2026-10-06 22:42:53,612 | INFO | scrapers.base_scraper | Request: https://books.toscrape.com/catalogue/ship-leaves-harbor-essays-on-travel-by-a-recovering-journeyman_438/index.html
2026-10-06 22:42:53,668 | INFO | scrapers.base_scraper | Request: https://books.toscrape.com/catalogue/pride-and-prejudice_437/index.html
2026-10-06 22:42:53,877 | INFO | scrapers.base_scraper | Request: https://books.toscrape.com/catalogue/musicophilia-tales-of-music-and-the-brain_436/index.html
2026-10-06 22:42:54,373 | INFO | scrapers.base_scraper | Request: https://books.toscrape.com/catalogue/mere-christianity_435/index.html
2026-10-06 22:42:54,426 | INFO | scrapers.base_scraper | Request: https://books.toscrape.com/catalogue/me-before-you-me-before-you-1_434/index.html
2026-10-06 22:42:54,538 | INFO | scrapers.base_scraper | Request: https://books.toscrape.com/catalogue/in-the-woods-dublin-murder-squad-1_433/index.html
2026-10-06 22:42:54,590 | INFO | scrapers.base_scraper | Request: https://books.toscrape.com/catalogue/in-cold-blood_432/index.html
2026-10-06 22:42:54,661 | INFO | scrapers.base_scraper | Request: https://books.toscrape.com/catalogue/how-to-stop-worrying-and-start-living_431/index.html
2026-10-06 22:42:55,295 | INFO | scrapers.base_scraper | Request: https://books.toscrape.com/catalogue/give-it-back_430/index.html
2026-10-06 22:42:55,353 | INFO | scrapers.base_scraper | Request: https://books.toscrape.com/catalogue/girl-interrupted_429/index.html
2026-10-06 22:42:55,373 | INFO | scrapers.base_scraper | Request: https://books.toscrape.com/catalogue/fun-home-a-family-tragicomic_428/index.html
2026-10-06 22:42:55,440 | INFO | scrapers.base_scraper | Request: https://books.toscrape.com/catalogue/fruits-basket-vol-6-fruits-basket-6_427/index.html
2026-10-06 22:42:55,721 | INFO | scrapers.base_scraper | Request: https://books.toscrape.com/catalogue/deception-point_426/index.html
2026-10-06 22:42:56,053 | INFO | scrapers.base_scraper | Request: https://books.toscrape.com/catalogue/death-note-vol-6-give-and-take-death-note-6_425/index.html
2026-10-06 22:42:56,129 | INFO | scrapers.base_scraper | Request: https://books.toscrape.com/catalogue/catherine-the-great-portrait-of-a-woman_424/index.html
2026-10-06 22:42:56,203 | INFO | scrapers.base_scraper | Request: https://books.toscrape.com/catalogue/better-homes-and-gardens-new-cook-book_423/index.html
2026-10-06 22:42:56,358 | INFO | scrapers.base_scraper | Request: https://books.toscrape.com/catalogue/an-unquiet-mind-a-memoir-of-moods-and-madness_422/index.html
2026-10-06 22:42:56,505 | INFO | scrapers.base_scraper | Request: https://books.toscrape.com/catalogue/a-year-in-provence-provence-1_421/index.html
2026-10-06 22:42:57,046 | INFO | scrapers.base_scraper | Request: https://books.toscrape.com/catalogue/world-without-end-the-pillars-of-the-earth-2_420/index.html
2026-10-06 22:42:57,135 | INFO | scrapers.base_scraper | Request: https://books.toscrape.com/catalogue/will-grayson-will-grayson-will-grayson-will-grayson_419/index.html
2026-10-06 22:42:57,213 | INFO | scrapers.base_scraper | Request: https://books.toscrape.com/catalogue/why-save-the-bankers-and-other-essays-on-our-economic-and-political-crisis_418/index.html
2026-10-06 22:42:57,292 | INFO | scrapers.base_scraper | Request: https://books.toscrape.com/catalogue/where-she-went-if-i-stay-2_417/index.html
2026-10-06 22:42:57,360 | INFO | scrapers.base_scraper | Request: https://books.toscrape.com/catalogue/what-if-serious-scientific-answers-to-absurd-hypothetical-questions_416/index.html
2026-10-06 22:42:57,805 | INFO | scrapers.base_scraper | Request: https://books.toscrape.com/catalogue/two-summers_415/index.html
2026-10-06 22:42:57,904 | INFO | scrapers.base_scraper | Request: https://books.toscrape.com/catalogue/this-is-your-brain-on-music-the-science-of-a-human-obsession_414/index.html
2026-10-06 22:42:58,254 | INFO | scrapers.base_scraper | Request: https://books.toscrape.com/catalogue/the-secret-garden_413/index.html
2026-10-06 22:42:58,353 | INFO | scrapers.base_scraper | Request: https://books.toscrape.com/catalogue/the-raven-king-the-raven-cycle-4_412/index.html
2026-10-06 22:42:58,374 | INFO | scrapers.base_scraper | Request: https://books.toscrape.com/catalogue/the-raven-boys-the-raven-cycle-1_411/index.html
2026-10-06 22:42:58,823 | INFO | scrapers.base_scraper | Request: https://books.toscrape.com/catalogue/the-power-greens-cookbook-140-delicious-superfood-recipes_410/index.html
2026-10-06 22:42:58,896 | INFO | scrapers.base_scraper | Request: https://books.toscrape.com/catalogue/the-metamorphosis_409/index.html
2026-10-06 22:42:59,024 | INFO | scrapers.base_scraper | Request: https://books.toscrape.com/catalogue/the-mathews-men-seven-brothers-and-the-war-against-hitlers-u-boats_408/index.html
2026-10-06 22:42:59,172 | INFO | scrapers.base_scraper | Request: https://books.toscrape.com/catalogue/the-little-paris-bookshop_407/index.html
2026-10-06 22:42:59,181 | INFO | scrapers.base_scraper | Request: https://books.toscrape.com/catalogue/the-hiding-place_406/index.html
2026-10-06 22:42:59,699 | INFO | scrapers.base_scraper | Request: https://books.toscrape.com/catalogue/the-grand-design_405/index.html
2026-10-06 22:42:59,843 | INFO | scrapers.base_scraper | Request: https://books.toscrape.com/catalogue/the-firm_404/index.html
2026-10-06 22:42:59,954 | INFO | scrapers.base_scraper | Request: https://books.toscrape.com/catalogue/the-fault-in-our-stars_403/index.html
2026-10-06 22:43:00,043 | INFO | scrapers.base_scraper | Request: https://books.toscrape.com/catalogue/the-false-prince-the-ascendance-trilogy-1_402/index.html
2026-10-06 22:43:00,242 | INFO | scrapers.base_scraper | Request: https://books.toscrape.com/catalogue/the-expatriates_401/index.html
2026-10-06 22:43:00,596 | INFO | scrapers.base_scraper | Request: https://books.toscrape.com/catalogue/the-dream-thieves-the-raven-cycle-2_400/index.html
2026-10-06 22:43:00,702 | INFO | scrapers.base_scraper | Request: https://books.toscrape.com/catalogue/the-darkest-corners_399/index.html
2026-10-06 22:43:00,724 | INFO | scrapers.base_scraper | Request: https://books.toscrape.com/catalogue/the-crossover_398/index.html
2026-10-06 22:43:00,808 | INFO | scrapers.base_scraper | Request: https://books.toscrape.com/catalogue/the-5th-wave-the-5th-wave-1_397/index.html
2026-10-06 22:43:01,302 | INFO | scrapers.base_scraper | Request: https://books.toscrape.com/catalogue/tell-the-wind-and-fire_396/index.html
2026-10-06 22:43:01,452 | INFO | scrapers.base_scraper | Request: https://books.toscrape.com/catalogue/tell-me-three-things_395/index.html
2026-10-06 22:43:01,489 | INFO | scrapers.base_scraper | Request: https://books.toscrape.com/catalogue/talking-to-girls-about-duran-duran-one-young-mans-quest-for-true-love-and-a-cooler-haircut_394/index.html
2026-10-06 22:43:01,581 | INFO | scrapers.base_scraper | Request: https://books.toscrape.com/catalogue/siddhartha_393/index.html
2026-10-06 22:43:01,590 | INFO | scrapers.base_scraper | Request: https://books.toscrape.com/catalogue/shiver-the-wolves-of-mercy-falls-1_392/index.html
2026-10-06 22:43:02,221 | INFO | scrapers.base_scraper | Request: https://books.toscrape.com/catalogue/remember-me_391/index.html
2026-10-06 22:43:02,351 | INFO | scrapers.base_scraper | Request: https://books.toscrape.com/catalogue/red-dragon-hannibal-lecter-1_390/index.html
2026-10-06 22:43:02,356 | INFO | scrapers.base_scraper | Request: https://books.toscrape.com/catalogue/peak-secrets-from-the-new-science-of-expertise_389/index.html
2026-10-06 22:43:02,503 | INFO | scrapers.base_scraper | Request: https://books.toscrape.com/catalogue/my-mother-was-nuts_388/index.html
2026-10-06 22:43:02,589 | INFO | scrapers.base_scraper | Request: https://books.toscrape.com/catalogue/mexican-today-new-and-rediscovered-recipes-for-contemporary-kitchens_387/index.html
2026-10-06 22:43:03,112 | INFO | scrapers.base_scraper | Request: https://books.toscrape.com/catalogue/maybe-something-beautiful-how-art-transformed-a-neighborhood_386/index.html
2026-10-06 22:43:03,158 | INFO | scrapers.base_scraper | Request: https://books.toscrape.com/catalogue/lola-and-the-boy-next-door-anna-and-the-french-kiss-2_385/index.html
2026-10-06 22:43:03,211 | INFO | scrapers.base_scraper | Request: https://books.toscrape.com/catalogue/logan-kade-fallen-crest-high-55_384/index.html
2026-10-06 22:43:03,270 | INFO | scrapers.base_scraper | Request: https://books.toscrape.com/catalogue/last-one-home-new-beginnings-1_383/index.html
2026-10-06 22:43:03,572 | INFO | scrapers.base_scraper | Request: https://books.toscrape.com/catalogue/killing-floor-jack-reacher-1_382/index.html
2026-10-06 22:43:03,880 | INFO | scrapers.base_scraper | Request: https://books.toscrape.com/catalogue/kill-the-boy-band_381/index.html
2026-10-06 22:43:03,973 | INFO | scrapers.base_scraper | Request: https://books.toscrape.com/catalogue/isla-and-the-happily-ever-after-anna-and-the-french-kiss-3_380/index.html
2026-10-06 22:43:04,035 | INFO | scrapers.base_scraper | Request: https://books.toscrape.com/catalogue/if-i-stay-if-i-stay-1_379/index.html
2026-10-06 22:43:04,210 | INFO | scrapers.base_scraper | Request: https://books.toscrape.com/catalogue/i-know-why-the-caged-bird-sings-maya-angelous-autobiography-1_378/index.html
2026-10-06 22:43:04,338 | INFO | scrapers.base_scraper | Request: https://books.toscrape.com/catalogue/harry-potter-and-the-deathly-hallows-harry-potter-7_377/index.html
2026-10-06 22:43:04,643 | INFO | scrapers.base_scraper | Request: https://books.toscrape.com/catalogue/fruits-basket-vol-5-fruits-basket-5_376/index.html
2026-10-06 22:43:04,732 | INFO | scrapers.base_scraper | Request: https://books.toscrape.com/catalogue/foundation-foundation-publication-order-1_375/index.html
2026-10-06 22:43:04,804 | INFO | scrapers.base_scraper | Request: https://books.toscrape.com/catalogue/fool-me-once_374/index.html
2026-10-06 22:43:05,095 | INFO | scrapers.base_scraper | Request: https://books.toscrape.com/catalogue/find-her-detective-dd-warren-8_373/index.html
2026-10-06 22:43:05,263 | INFO | scrapers.base_scraper | Request: https://books.toscrape.com/catalogue/evicted-poverty-and-profit-in-the-american-city_372/index.html
2026-10-06 22:43:05,410 | INFO | scrapers.base_scraper | Request: https://books.toscrape.com/catalogue/drama_371/index.html
2026-10-06 22:43:05,733 | INFO | scrapers.base_scraper | Request: https://books.toscrape.com/catalogue/dracula-the-un-dead_370/index.html
2026-10-06 22:43:05,811 | INFO | scrapers.base_scraper | Request: https://books.toscrape.com/catalogue/digital-fortress_369/index.html
2026-10-06 22:43:06,089 | INFO | scrapers.base_scraper | Request: https://books.toscrape.com/catalogue/death-note-vol-5-whiteout-death-note-5_368/index.html
2026-10-06 22:43:06,174 | INFO | scrapers.base_scraper | Request: https://books.toscrape.com/catalogue/data-a-love-story-how-i-gamed-online-dating-to-meet-my-match_367/index.html
2026-10-06 22:43:06,314 | INFO | scrapers.base_scraper | Request: https://books.toscrape.com/catalogue/critique-of-pure-reason_366/index.html
2026-10-06 22:43:06,726 | INFO | scrapers.base_scraper | Request: https://books.toscrape.com/catalogue/booked_365/index.html
2026-10-06 22:43:06,821 | INFO | scrapers.base_scraper | Request: https://books.toscrape.com/catalogue/blue-lily-lily-blue-the-raven-cycle-3_364/index.html
2026-10-06 22:43:06,950 | INFO | scrapers.base_scraper | Request: https://books.toscrape.com/catalogue/approval-junkie-adventures-in-caring-too-much_363/index.html
2026-10-06 22:43:07,087 | INFO | scrapers.base_scraper | Request: https://books.toscrape.com/catalogue/an-abundance-of-katherines_362/index.html
2026-10-06 22:43:07,098 | INFO | scrapers.base_scraper | Request: https://books.toscrape.com/catalogue/americas-war-for-the-greater-middle-east-a-military-history_361/index.html
2026-10-06 22:43:07,486 | INFO | scrapers.base_scraper | Request: https://books.toscrape.com/catalogue/alight-the-generations-trilogy-2_360/index.html
2026-10-06 22:43:07,606 | INFO | scrapers.base_scraper | Request: https://books.toscrape.com/catalogue/a-girls-guide-to-moving-on-new-beginnings-2_359/index.html
2026-10-06 22:43:07,836 | INFO | scrapers.base_scraper | Request: https://books.toscrape.com/catalogue/a-game-of-thrones-a-song-of-ice-and-fire-1_358/index.html
2026-10-06 22:43:07,963 | INFO | scrapers.base_scraper | Request: https://books.toscrape.com/catalogue/a-feast-for-crows-a-song-of-ice-and-fire-4_357/index.html
2026-10-06 22:43:08,151 | INFO | scrapers.base_scraper | Request: https://books.toscrape.com/catalogue/a-clash-of-kings-a-song-of-ice-and-fire-2_356/index.html
2026-10-06 22:43:08,244 | INFO | scrapers.base_scraper | Request: https://books.toscrape.com/catalogue/vogue-colors-a-to-z-a-fashion-coloring-book_355/index.html
2026-10-06 22:43:08,592 | INFO | scrapers.base_scraper | Request: https://books.toscrape.com/catalogue/the-shining-the-shining-1_354/index.html
2026-10-06 22:43:08,613 | INFO | scrapers.base_scraper | Request: https://books.toscrape.com/catalogue/the-pilgrims-progress_353/index.html
2026-10-06 22:43:08,925 | INFO | scrapers.base_scraper | Request: https://books.toscrape.com/catalogue/the-perfect-play-play-by-play-1_352/index.html
2026-10-06 22:43:08,977 | INFO | scrapers.base_scraper | Request: https://books.toscrape.com/catalogue/the-passion-of-dolssa_351/index.html
2026-10-06 22:43:09,036 | INFO | scrapers.base_scraper | Request: https://books.toscrape.com/catalogue/the-jazz-of-physics-the-secret-link-between-music-and-the-structure-of-the-universe_350/index.html
2026-10-06 22:43:09,350 | INFO | scrapers.base_scraper | Request: https://books.toscrape.com/catalogue/the-hunger-games-the-hunger-games-1_349/index.html
2026-10-06 22:43:09,379 | INFO | scrapers.base_scraper | Request: https://books.toscrape.com/catalogue/the-hound-of-the-baskervilles-sherlock-holmes-5_348/index.html
2026-10-06 22:43:09,713 | INFO | scrapers.base_scraper | Request: https://books.toscrape.com/catalogue/the-gunning-of-america-business-and-the-making-of-american-gun-culture_347/index.html
2026-10-06 22:43:09,988 | INFO | scrapers.base_scraper | Request: https://books.toscrape.com/catalogue/the-geography-of-bliss-one-grumps-search-for-the-happiest-places-in-the-world_346/index.html
2026-10-06 22:43:10,036 | INFO | scrapers.base_scraper | Request: https://books.toscrape.com/catalogue/the-demonists-demonist-1_345/index.html
2026-10-06 22:43:10,146 | INFO | scrapers.base_scraper | Request: https://books.toscrape.com/catalogue/the-demon-prince-of-momochi-house-vol-4-the-demon-prince-of-momochi-house-4_344/index.html
2026-10-06 22:43:10,348 | INFO | scrapers.base_scraper | Request: https://books.toscrape.com/catalogue/the-bone-hunters-lexy-vaughan-steven-macaulay-2_343/index.html
2026-10-06 22:43:10,769 | INFO | scrapers.base_scraper | Request: https://books.toscrape.com/catalogue/the-beast-black-dagger-brotherhood-14_342/index.html
2026-10-06 22:43:10,792 | INFO | scrapers.base_scraper | Request: https://books.toscrape.com/catalogue/some-women_341/index.html
2026-10-06 22:43:10,992 | INFO | scrapers.base_scraper | Request: https://books.toscrape.com/catalogue/shopaholic-ties-the-knot-shopaholic-3_340/index.html
2026-10-06 22:43:11,108 | INFO | scrapers.base_scraper | Request: https://books.toscrape.com/catalogue/paper-and-fire-the-great-library-2_339/index.html
2026-10-06 22:43:11,155 | INFO | scrapers.base_scraper | Request: https://books.toscrape.com/catalogue/outlander-outlander-1_338/index.html
2026-10-06 22:43:11,574 | INFO | scrapers.base_scraper | Request: https://books.toscrape.com/catalogue/orchestra-of-exiles-the-story-of-bronislaw-huberman-the-israel-philharmonic-and-the-one-thousand-jews-he-saved-from-nazi-horrors_337/index.html
2026-10-06 22:43:11,579 | INFO | scrapers.base_scraper | Request: https://books.toscrape.com/catalogue/no-one-here-gets-out-alive_336/index.html
2026-10-06 22:43:11,759 | INFO | scrapers.base_scraper | Request: https://books.toscrape.com/catalogue/night-shift-night-shift-1-20_335/index.html
2026-10-06 22:43:11,921 | INFO | scrapers.base_scraper | Request: https://books.toscrape.com/catalogue/needful-things_334/index.html
2026-10-06 22:43:12,110 | INFO | scrapers.base_scraper | Request: https://books.toscrape.com/catalogue/mockingjay-the-hunger-games-3_333/index.html
2026-10-06 22:43:12,398 | INFO | scrapers.base_scraper | Request: https://books.toscrape.com/catalogue/misery_332/index.html
2026-10-06 22:43:12,612 | INFO | scrapers.base_scraper | Request: https://books.toscrape.com/catalogue/little-women-little-women-1_331/index.html
2026-10-06 22:43:12,693 | INFO | scrapers.base_scraper | Request: https://books.toscrape.com/catalogue/it_330/index.html
2026-10-06 22:43:12,774 | INFO | scrapers.base_scraper | Request: https://books.toscrape.com/catalogue/harry-potter-and-the-sorcerers-stone-harry-potter-1_329/index.html
2026-10-06 22:43:12,881 | INFO | scrapers.base_scraper | Request: https://books.toscrape.com/catalogue/harry-potter-and-the-prisoner-of-azkaban-harry-potter-3_328/index.html
2026-10-06 22:43:13,189 | INFO | scrapers.base_scraper | Request: https://books.toscrape.com/catalogue/harry-potter-and-the-order-of-the-phoenix-harry-potter-5_327/index.html
2026-10-06 22:43:13,370 | INFO | scrapers.base_scraper | Request: https://books.toscrape.com/catalogue/harry-potter-and-the-half-blood-prince-harry-potter-6_326/index.html
2026-10-06 22:43:13,548 | INFO | scrapers.base_scraper | Request: https://books.toscrape.com/catalogue/harry-potter-and-the-chamber-of-secrets-harry-potter-2_325/index.html
2026-10-06 22:43:13,660 | INFO | scrapers.base_scraper | Request: https://books.toscrape.com/catalogue/gone-with-the-wind_324/index.html
2026-10-06 22:43:13,708 | INFO | scrapers.base_scraper | Request: https://books.toscrape.com/catalogue/god-is-not-great-how-religion-poisons-everything_323/index.html
2026-10-06 22:43:14,249 | INFO | scrapers.base_scraper | Request: https://books.toscrape.com/catalogue/girl-with-a-pearl-earring_322/index.html
2026-10-06 22:43:14,314 | INFO | scrapers.base_scraper | Request: https://books.toscrape.com/catalogue/fruits-basket-vol-4-fruits-basket-4_321/index.html
2026-10-06 22:43:14,371 | INFO | scrapers.base_scraper | Request: https://books.toscrape.com/catalogue/far-from-true-promise-falls-trilogy-2_320/index.html
2026-10-06 22:43:14,671 | INFO | scrapers.base_scraper | Request: https://books.toscrape.com/catalogue/dark-lover-black-dagger-brotherhood-1_319/index.html
2026-10-06 22:43:14,716 | INFO | scrapers.base_scraper | Request: https://books.toscrape.com/catalogue/confessions-of-a-shopaholic-shopaholic-1_318/index.html
2026-10-06 22:43:15,081 | INFO | scrapers.base_scraper | Request: https://books.toscrape.com/catalogue/changing-the-game-play-by-play-2_317/index.html
2026-10-06 22:43:15,312 | INFO | scrapers.base_scraper | Request: https://books.toscrape.com/catalogue/candide_316/index.html
2026-10-06 22:43:15,501 | INFO | scrapers.base_scraper | Request: https://books.toscrape.com/catalogue/can-you-keep-a-secret_315/index.html
2026-10-06 22:43:15,506 | INFO | scrapers.base_scraper | Request: https://books.toscrape.com/catalogue/atlas-shrugged_314/index.html
2026-10-06 22:43:15,767 | INFO | scrapers.base_scraper | Request: https://books.toscrape.com/catalogue/animal-farm_313/index.html
2026-10-06 22:43:15,875 | INFO | scrapers.base_scraper | Request: https://books.toscrape.com/catalogue/a-walk-to-remember_312/index.html
2026-10-06 22:43:16,161 | INFO | scrapers.base_scraper | Request: https://books.toscrape.com/catalogue/a-new-earth-awakening-to-your-lifes-purpose_311/index.html
2026-10-06 22:43:16,703 | INFO | scrapers.base_scraper | Request: https://books.toscrape.com/catalogue/a-history-of-god-the-4000-year-quest-of-judaism-christianity-and-islam_310/index.html
2026-10-06 22:43:16,705 | INFO | scrapers.base_scraper | Request: https://books.toscrape.com/catalogue/salems-lot_309/index.html
2026-10-06 22:43:16,711 | INFO | scrapers.base_scraper | Request: https://books.toscrape.com/catalogue/zero-history-blue-ant-3_308/index.html
2026-10-06 22:43:16,716 | INFO | scrapers.base_scraper | Request: https://books.toscrape.com/catalogue/wuthering-heights_307/index.html
2026-10-06 22:43:17,345 | INFO | scrapers.base_scraper | Request: https://books.toscrape.com/catalogue/world-war-z-an-oral-history-of-the-zombie-war_306/index.html
2026-10-06 22:43:17,508 | INFO | scrapers.base_scraper | Request: https://books.toscrape.com/catalogue/wild-from-lost-to-found-on-the-pacific-crest-trail_305/index.html
2026-10-06 22:43:17,827 | INFO | scrapers.base_scraper | Request: https://books.toscrape.com/catalogue/whered-you-go-bernadette_304/index.html
2026-10-06 22:43:17,828 | INFO | scrapers.base_scraper | Request: https://books.toscrape.com/catalogue/when-you-are-engulfed-in-flames_303/index.html
2026-10-06 22:43:17,940 | INFO | scrapers.base_scraper | Request: https://books.toscrape.com/catalogue/we-the-people-the-modern-day-figures-who-have-reshaped-and-affirmed-the-founding-fathers-vision-of-america_302/index.html
2026-10-06 22:43:18,545 | INFO | scrapers.base_scraper | Request: https://books.toscrape.com/catalogue/we-are-all-completely-beside-ourselves_301/index.html
2026-10-06 22:43:18,680 | INFO | scrapers.base_scraper | Request: https://books.toscrape.com/catalogue/walk-the-edge-thunder-road-2_300/index.html
2026-10-06 22:43:18,680 | INFO | scrapers.base_scraper | Request: https://books.toscrape.com/catalogue/voyager-outlander-3_299/index.html
2026-10-06 22:43:18,889 | INFO | scrapers.base_scraper | Request: https://books.toscrape.com/catalogue/very-good-lives-the-fringe-benefits-of-failure-and-the-importance-of-imagination_298/index.html
2026-10-06 22:43:19,151 | INFO | scrapers.base_scraper | Request: https://books.toscrape.com/catalogue/vegan-vegetarian-omnivore-dinner-for-everyone-at-the-table_297/index.html
2026-10-06 22:43:19,353 | INFO | scrapers.base_scraper | Request: https://books.toscrape.com/catalogue/unstuffed-decluttering-your-home-mind-and-soul_296/index.html
2026-10-06 22:43:19,539 | INFO | scrapers.base_scraper | Request: https://books.toscrape.com/catalogue/under-the-banner-of-heaven-a-story-of-violent-faith_295/index.html
2026-10-06 22:43:19,787 | INFO | scrapers.base_scraper | Request: https://books.toscrape.com/catalogue/two-boys-kissing_294/index.html
2026-10-06 22:43:19,993 | INFO | scrapers.base_scraper | Request: https://books.toscrape.com/catalogue/twilight-twilight-1_293/index.html
2026-10-06 22:43:20,146 | INFO | scrapers.base_scraper | Request: https://books.toscrape.com/catalogue/twenties-girl_292/index.html
2026-10-06 22:43:20,413 | INFO | scrapers.base_scraper | Request: https://books.toscrape.com/catalogue/trespassing-across-america-one-mans-epic-never-done-before-and-sort-of-illegal-hike-across-the-heartland_291/index.html
2026-10-06 22:43:20,569 | INFO | scrapers.base_scraper | Request: https://books.toscrape.com/catalogue/three-martini-lunch_290/index.html
2026-10-06 22:43:20,574 | INFO | scrapers.base_scraper | Request: https://books.toscrape.com/catalogue/thinking-fast-and-slow_289/index.html
2026-10-06 22:43:20,940 | INFO | scrapers.base_scraper | Request: https://books.toscrape.com/catalogue/the-wild-robot_288/index.html
2026-10-06 22:43:20,985 | INFO | scrapers.base_scraper | Request: https://books.toscrape.com/catalogue/the-wicked-the-divine-vol-3-commercial-suicide-the-wicked-the-divine_287/index.html
2026-10-06 22:43:21,339 | INFO | scrapers.base_scraper | Request: https://books.toscrape.com/catalogue/the-undomestic-goddess_286/index.html
2026-10-06 22:43:21,501 | INFO | scrapers.base_scraper | Request: https://books.toscrape.com/catalogue/the-travelers_285/index.html
2026-10-06 22:43:21,621 | INFO | scrapers.base_scraper | Request: https://books.toscrape.com/catalogue/the-tipping-point-how-little-things-can-make-a-big-difference_284/index.html
2026-10-06 22:43:21,699 | INFO | scrapers.base_scraper | Request: https://books.toscrape.com/catalogue/the-thing-about-jellyfish_283/index.html
2026-10-06 22:43:21,744 | INFO | scrapers.base_scraper | Request: https://books.toscrape.com/catalogue/the-stand_282/index.html
2026-10-06 22:43:22,288 | INFO | scrapers.base_scraper | Request: https://books.toscrape.com/catalogue/the-smitten-kitchen-cookbook_281/index.html
2026-10-06 22:43:22,342 | INFO | scrapers.base_scraper | Request: https://books.toscrape.com/catalogue/the-silkworm-cormoran-strike-2_280/index.html
2026-10-06 22:43:22,407 | INFO | scrapers.base_scraper | Request: https://books.toscrape.com/catalogue/the-sandman-vol-3-dream-country-the-sandman-volumes-3_279/index.html
2026-10-06 22:43:22,689 | INFO | scrapers.base_scraper | Request: https://books.toscrape.com/catalogue/the-rose-the-dagger-the-wrath-and-the-dawn-2_278/index.html
2026-10-06 22:43:22,746 | INFO | scrapers.base_scraper | Request: https://books.toscrape.com/catalogue/the-road-to-little-dribbling-adventures-of-an-american-in-britain-notes-from-a-small-island-2_277/index.html
2026-10-06 22:43:23,172 | INFO | scrapers.base_scraper | Request: https://books.toscrape.com/catalogue/the-rise-of-theodore-roosevelt-theodore-roosevelt-1_276/index.html
2026-10-06 22:43:23,338 | INFO | scrapers.base_scraper | Request: https://books.toscrape.com/catalogue/the-restaurant-at-the-end-of-the-universe-hitchhikers-guide-to-the-galaxy-2_275/index.html
2026-10-06 22:43:23,355 | INFO | scrapers.base_scraper | Request: https://books.toscrape.com/catalogue/the-rest-is-noise-listening-to-the-twentieth-century_274/index.html
2026-10-06 22:43:23,506 | INFO | scrapers.base_scraper | Request: https://books.toscrape.com/catalogue/the-red-tent_273/index.html
2026-10-06 22:43:23,689 | INFO | scrapers.base_scraper | Request: https://books.toscrape.com/catalogue/the-purpose-driven-life-what-on-earth-am-i-here-for_272/index.html
2026-10-06 22:43:23,942 | INFO | scrapers.base_scraper | Request: https://books.toscrape.com/catalogue/the-purest-hook-second-circle-tattoos-3_271/index.html
2026-10-06 22:43:24,128 | INFO | scrapers.base_scraper | Request: https://books.toscrape.com/catalogue/the-picture-of-dorian-gray_270/index.html
2026-10-06 22:43:24,255 | INFO | scrapers.base_scraper | Request: https://books.toscrape.com/catalogue/the-paris-wife_269/index.html
2026-10-06 22:43:24,363 | INFO | scrapers.base_scraper | Request: https://books.toscrape.com/catalogue/the-obsession_268/index.html
2026-10-06 22:43:24,687 | INFO | scrapers.base_scraper | Request: https://books.toscrape.com/catalogue/the-nightingale_267/index.html
2026-10-06 22:43:24,906 | INFO | scrapers.base_scraper | Request: https://books.toscrape.com/catalogue/the-new-guy-and-other-senior-year-distractions_266/index.html
2026-10-06 22:43:25,032 | INFO | scrapers.base_scraper | Request: https://books.toscrape.com/catalogue/the-nanny-diaries-nanny-1_265/index.html
2026-10-06 22:43:25,122 | INFO | scrapers.base_scraper | Request: https://books.toscrape.com/catalogue/the-name-of-god-is-mercy_264/index.html
2026-10-06 22:43:25,255 | INFO | scrapers.base_scraper | Request: https://books.toscrape.com/catalogue/the-maze-runner-the-maze-runner-1_263/index.html
2026-10-06 22:43:25,681 | INFO | scrapers.base_scraper | Request: https://books.toscrape.com/catalogue/the-lovers-dictionary_262/index.html
2026-10-06 22:43:25,695 | INFO | scrapers.base_scraper | Request: https://books.toscrape.com/catalogue/the-lonely-ones_261/index.html
2026-10-06 22:43:26,015 | INFO | scrapers.base_scraper | Request: https://books.toscrape.com/catalogue/the-lean-startup-how-todays-entrepreneurs-use-continuous-innovation-to-create-radically-successful-businesses_260/index.html
2026-10-06 22:43:26,044 | INFO | scrapers.base_scraper | Request: https://books.toscrape.com/catalogue/the-last-painting-of-sara-de-vos_259/index.html
2026-10-06 22:43:26,128 | INFO | scrapers.base_scraper | Request: https://books.toscrape.com/catalogue/the-land-of-10000-madonnas_258/index.html
2026-10-06 22:43:26,482 | INFO | scrapers.base_scraper | Request: https://books.toscrape.com/catalogue/the-infinities_257/index.html
2026-10-06 22:43:26,671 | INFO | scrapers.base_scraper | Request: https://books.toscrape.com/catalogue/the-husbands-secret_256/index.html
2026-10-06 22:43:26,896 | INFO | scrapers.base_scraper | Request: https://books.toscrape.com/catalogue/the-hitchhikers-guide-to-the-galaxy-hitchhikers-guide-to-the-galaxy-1_255/index.html
2026-10-06 22:43:27,008 | INFO | scrapers.base_scraper | Request: https://books.toscrape.com/catalogue/the-guns-of-august_254/index.html
2026-10-06 22:43:27,058 | INFO | scrapers.base_scraper | Request: https://books.toscrape.com/catalogue/the-guernsey-literary-and-potato-peel-pie-society_253/index.html
2026-10-06 22:43:27,258 | INFO | scrapers.base_scraper | Request: https://books.toscrape.com/catalogue/the-goldfinch_252/index.html
2026-10-06 22:43:27,440 | INFO | scrapers.base_scraper | Request: https://books.toscrape.com/catalogue/the-giver-the-giver-quartet-1_251/index.html
2026-10-06 22:43:27,660 | INFO | scrapers.base_scraper | Request: https://books.toscrape.com/catalogue/the-girl-with-all-the-gifts_250/index.html
2026-10-06 22:43:27,769 | INFO | scrapers.base_scraper | Request: https://books.toscrape.com/catalogue/the-girl-who-played-with-fire-millennium-trilogy-2_249/index.html
2026-10-06 22:43:27,822 | INFO | scrapers.base_scraper | Request: https://books.toscrape.com/catalogue/the-girl-who-kicked-the-hornets-nest-millennium-trilogy-3_248/index.html
2026-10-06 22:43:28,048 | INFO | scrapers.base_scraper | Request: https://books.toscrape.com/catalogue/the-exiled_247/index.html
2026-10-06 22:43:28,201 | INFO | scrapers.base_scraper | Request: https://books.toscrape.com/catalogue/the-end-of-faith-religion-terror-and-the-future-of-reason_246/index.html
2026-10-06 22:43:28,422 | INFO | scrapers.base_scraper | Request: https://books.toscrape.com/catalogue/the-elegant-universe-superstrings-hidden-dimensions-and-the-quest-for-the-ultimate-theory_245/index.html
2026-10-06 22:43:28,588 | INFO | scrapers.base_scraper | Request: https://books.toscrape.com/catalogue/the-disappearing-spoon-and-other-true-tales-of-madness-love-and-the-history-of-the-world-from-the-periodic-table-of-the-elements_244/index.html
2026-10-06 22:43:28,762 | INFO | scrapers.base_scraper | Request: https://books.toscrape.com/catalogue/the-devil-wears-prada-the-devil-wears-prada-1_243/index.html
2026-10-06 22:43:28,837 | INFO | scrapers.base_scraper | Request: https://books.toscrape.com/catalogue/the-demon-haunted-world-science-as-a-candle-in-the-dark_242/index.html
2026-10-06 22:43:29,197 | INFO | scrapers.base_scraper | Request: https://books.toscrape.com/catalogue/the-day-the-crayons-came-home-crayons_241/index.html
2026-10-06 22:43:29,432 | INFO | scrapers.base_scraper | Request: https://books.toscrape.com/catalogue/the-da-vinci-code-robert-langdon-2_240/index.html
2026-10-06 22:43:29,597 | INFO | scrapers.base_scraper | Request: https://books.toscrape.com/catalogue/the-cuckoos-calling-cormoran-strike-1_239/index.html
2026-10-06 22:43:29,620 | INFO | scrapers.base_scraper | Request: https://books.toscrape.com/catalogue/the-complete-stories-and-poems-the-works-of-edgar-allan-poe-cameo-edition_238/index.html
2026-10-06 22:43:29,772 | INFO | scrapers.base_scraper | Request: https://books.toscrape.com/catalogue/the-complete-poems_237/index.html
2026-10-06 22:43:30,221 | INFO | scrapers.base_scraper | Request: https://books.toscrape.com/catalogue/the-catcher-in-the-rye_236/index.html
2026-10-06 22:43:30,223 | INFO | scrapers.base_scraper | Request: https://books.toscrape.com/catalogue/the-cat-in-the-hat-beginner-books-b-1_235/index.html
2026-10-06 22:43:30,355 | INFO | scrapers.base_scraper | Request: https://books.toscrape.com/catalogue/the-case-for-christ-cases-for-christianity_234/index.html
2026-10-06 22:43:30,410 | INFO | scrapers.base_scraper | Request: https://books.toscrape.com/catalogue/the-book-thief_233/index.html
2026-10-06 22:43:30,538 | INFO | scrapers.base_scraper | Request: https://books.toscrape.com/catalogue/the-book-of-basketball-the-nba-according-to-the-sports-guy_232/index.html
2026-10-06 22:43:30,987 | INFO | scrapers.base_scraper | Request: https://books.toscrape.com/catalogue/the-blind-side-evolution-of-a-game_231/index.html
2026-10-06 22:43:31,124 | INFO | scrapers.base_scraper | Request: https://books.toscrape.com/catalogue/the-autobiography-of-malcolm-x_230/index.html
2026-10-06 22:43:31,256 | INFO | scrapers.base_scraper | Request: https://books.toscrape.com/catalogue/the-art-of-simple-food-notes-lessons-and-recipes-from-a-delicious-revolution_229/index.html
2026-10-06 22:43:31,493 | INFO | scrapers.base_scraper | Request: https://books.toscrape.com/catalogue/the-art-of-fielding_228/index.html
2026-10-06 22:43:31,527 | INFO | scrapers.base_scraper | Request: https://books.toscrape.com/catalogue/surely-youre-joking-mr-feynman-adventures-of-a-curious-character_227/index.html
2026-10-06 22:43:31,984 | INFO | scrapers.base_scraper | Request: https://books.toscrape.com/catalogue/stiff-the-curious-lives-of-human-cadavers_226/index.html
2026-10-06 22:43:32,162 | INFO | scrapers.base_scraper | Request: https://books.toscrape.com/catalogue/spilled-milk-based-on-a-true-story_225/index.html
2026-10-06 22:43:32,264 | INFO | scrapers.base_scraper | Request: https://books.toscrape.com/catalogue/something-borrowed-darcy-rachel-1_224/index.html
2026-10-06 22:43:32,286 | INFO | scrapers.base_scraper | Request: https://books.toscrape.com/catalogue/something-blue-darcy-rachel-2_223/index.html
2026-10-06 22:43:32,546 | INFO | scrapers.base_scraper | Request: https://books.toscrape.com/catalogue/soldier-talon-3_222/index.html
2026-10-06 22:43:32,738 | INFO | scrapers.base_scraper | Request: https://books.toscrape.com/catalogue/shopaholic-baby-shopaholic-5_221/index.html
2026-10-06 22:43:32,935 | INFO | scrapers.base_scraper | Request: https://books.toscrape.com/catalogue/seven-days-in-the-art-world_220/index.html
2026-10-06 22:43:33,028 | INFO | scrapers.base_scraper | Request: https://books.toscrape.com/catalogue/seven-brief-lessons-on-physics_219/index.html
2026-10-06 22:43:33,042 | INFO | scrapers.base_scraper | Request: https://books.toscrape.com/catalogue/scarlet-the-lunar-chronicles-2_218/index.html
2026-10-06 22:43:33,494 | INFO | scrapers.base_scraper | Request: https://books.toscrape.com/catalogue/sarahs-key_217/index.html
2026-10-06 22:43:33,592 | INFO | scrapers.base_scraper | Request: https://books.toscrape.com/catalogue/saga-volume-3-saga-collected-editions-3_216/index.html
2026-10-06 22:43:33,945 | INFO | scrapers.base_scraper | Request: https://books.toscrape.com/catalogue/running-with-scissors_215/index.html
2026-10-06 22:43:34,062 | INFO | scrapers.base_scraper | Request: https://books.toscrape.com/catalogue/rogue-lawyer-rogue-lawyer-1_214/index.html
2026-10-06 22:43:34,065 | INFO | scrapers.base_scraper | Request: https://books.toscrape.com/catalogue/rise-of-the-rocket-girls-the-women-who-propelled-us-from-missiles-to-the-moon-to-mars_213/index.html
2026-10-06 22:43:34,373 | INFO | scrapers.base_scraper | Request: https://books.toscrape.com/catalogue/rework_212/index.html
2026-10-06 22:43:34,491 | INFO | scrapers.base_scraper | Request: https://books.toscrape.com/catalogue/reservations-for-two_211/index.html
2026-10-06 22:43:34,956 | INFO | scrapers.base_scraper | Request: https://books.toscrape.com/catalogue/red-the-true-story-of-red-riding-hood_210/index.html
2026-10-06 22:43:35,054 | INFO | scrapers.base_scraper | Request: https://books.toscrape.com/catalogue/ready-player-one_209/index.html
2026-10-06 22:43:35,073 | INFO | scrapers.base_scraper | Request: https://books.toscrape.com/catalogue/quiet-the-power-of-introverts-in-a-world-that-cant-stop-talking_208/index.html
2026-10-06 22:43:35,242 | INFO | scrapers.base_scraper | Request: https://books.toscrape.com/catalogue/prodigy-the-graphic-novel-legend-the-graphic-novel-2_207/index.html
2026-10-06 22:43:35,426 | INFO | scrapers.base_scraper | Request: https://books.toscrape.com/catalogue/persepolis-the-story-of-a-childhood-persepolis-1-2_206/index.html
2026-10-06 22:43:35,827 | INFO | scrapers.base_scraper | Request: https://books.toscrape.com/catalogue/packing-for-mars-the-curious-science-of-life-in-the-void_205/index.html
2026-10-06 22:43:35,963 | INFO | scrapers.base_scraper | Request: https://books.toscrape.com/catalogue/outliers-the-story-of-success_204/index.html
2026-10-06 22:43:36,074 | INFO | scrapers.base_scraper | Request: https://books.toscrape.com/catalogue/original-fake_203/index.html
2026-10-06 22:43:36,250 | INFO | scrapers.base_scraper | Request: https://books.toscrape.com/catalogue/orange-is-the-new-black_202/index.html
2026-10-06 22:43:36,482 | INFO | scrapers.base_scraper | Request: https://books.toscrape.com/catalogue/one-for-the-money-stephanie-plum-1_201/index.html
2026-10-06 22:43:36,895 | INFO | scrapers.base_scraper | Request: https://books.toscrape.com/catalogue/notes-from-a-small-island-notes-from-a-small-island-1_200/index.html
2026-10-06 22:43:37,025 | INFO | scrapers.base_scraper | Request: https://books.toscrape.com/catalogue/night-the-night-trilogy-1_199/index.html
2026-10-06 22:43:37,026 | INFO | scrapers.base_scraper | Request: https://books.toscrape.com/catalogue/neither-here-nor-there-travels-in-europe_198/index.html
2026-10-06 22:43:37,337 | INFO | scrapers.base_scraper | Request: https://books.toscrape.com/catalogue/naked_197/index.html
2026-10-06 22:43:37,349 | INFO | scrapers.base_scraper | Request: https://books.toscrape.com/catalogue/morning-star-red-rising-3_196/index.html
2026-10-06 22:43:38,036 | INFO | scrapers.base_scraper | Request: https://books.toscrape.com/catalogue/miracles-from-heaven-a-little-girl-her-journey-to-heaven-and-her-amazing-story-of-healing_195/index.html
2026-10-06 22:43:38,226 | INFO | scrapers.base_scraper | Request: https://books.toscrape.com/catalogue/midnight-riot-peter-grant-rivers-of-london-books-1_194/index.html
2026-10-06 22:43:38,230 | INFO | scrapers.base_scraper | Request: https://books.toscrape.com/catalogue/me-talk-pretty-one-day_193/index.html
2026-10-06 22:43:38,237 | INFO | scrapers.base_scraper | Request: https://books.toscrape.com/catalogue/manuscript-found-in-accra_192/index.html
2026-10-06 22:43:38,483 | INFO | scrapers.base_scraper | Request: https://books.toscrape.com/catalogue/lust-wonder_191/index.html
2026-10-06 22:43:39,075 | INFO | scrapers.base_scraper | Request: https://books.toscrape.com/catalogue/lila-gilead-3_190/index.html
2026-10-06 22:43:39,213 | INFO | scrapers.base_scraper | Request: https://books.toscrape.com/catalogue/life-the-universe-and-everything-hitchhikers-guide-to-the-galaxy-3_189/index.html
2026-10-06 22:43:39,404 | INFO | scrapers.base_scraper | Request: https://books.toscrape.com/catalogue/life-without-a-recipe_188/index.html
2026-10-06 22:43:39,409 | INFO | scrapers.base_scraper | Request: https://books.toscrape.com/catalogue/life-after-life_187/index.html
2026-10-06 22:43:39,409 | INFO | scrapers.base_scraper | Request: https://books.toscrape.com/catalogue/letter-to-a-christian-nation_186/index.html
2026-10-06 22:43:40,007 | INFO | scrapers.base_scraper | Request: https://books.toscrape.com/catalogue/lets-pretend-this-never-happened-a-mostly-true-memoir_185/index.html
2026-10-06 22:43:40,229 | INFO | scrapers.base_scraper | Request: https://books.toscrape.com/catalogue/legend-legend-1_184/index.html
2026-10-06 22:43:40,231 | INFO | scrapers.base_scraper | Request: https://books.toscrape.com/catalogue/lean-in-women-work-and-the-will-to-lead_183/index.html
2026-10-06 22:43:40,533 | INFO | scrapers.base_scraper | Request: https://books.toscrape.com/catalogue/lamb-the-gospel-according-to-biff-christs-childhood-pal_182/index.html
2026-10-06 22:43:40,537 | INFO | scrapers.base_scraper | Request: https://books.toscrape.com/catalogue/lady-renegades-rebel-belle-3_181/index.html
2026-10-06 22:43:40,816 | INFO | scrapers.base_scraper | Request: https://books.toscrape.com/catalogue/jurassic-park-jurassic-park-1_180/index.html
2026-10-06 22:43:41,049 | INFO | scrapers.base_scraper | Request: https://books.toscrape.com/catalogue/its-never-too-late-to-begin-again-discovering-creativity-and-meaning-at-midlife-and-beyond_179/index.html
2026-10-06 22:43:41,328 | INFO | scrapers.base_scraper | Request: https://books.toscrape.com/catalogue/is-everyone-hanging-out-without-me-and-other-concerns_178/index.html
2026-10-06 22:43:41,373 | INFO | scrapers.base_scraper | Request: https://books.toscrape.com/catalogue/into-the-wild_177/index.html
2026-10-06 22:43:41,559 | INFO | scrapers.base_scraper | Request: https://books.toscrape.com/catalogue/inferno-robert-langdon-4_176/index.html
2026-10-06 22:43:41,573 | INFO | scrapers.base_scraper | Request: https://books.toscrape.com/catalogue/in-the-garden-of-beasts-love-terror-and-an-american-family-in-hitlers-berlin_175/index.html
2026-10-06 22:43:42,053 | INFO | scrapers.base_scraper | Request: https://books.toscrape.com/catalogue/if-i-run-if-i-run-1_174/index.html
2026-10-06 22:43:42,339 | INFO | scrapers.base_scraper | Request: https://books.toscrape.com/catalogue/ive-got-your-number_173/index.html
2026-10-06 22:43:42,426 | INFO | scrapers.base_scraper | Request: https://books.toscrape.com/catalogue/i-am-malala-the-girl-who-stood-up-for-education-and-was-shot-by-the-taliban_172/index.html
2026-10-06 22:43:42,565 | INFO | scrapers.base_scraper | Request: https://books.toscrape.com/catalogue/hungry-girl-clean-hungry-easy-all-natural-recipes-for-healthy-eating-in-the-real-world_171/index.html
2026-10-06 22:43:42,590 | INFO | scrapers.base_scraper | Request: https://books.toscrape.com/catalogue/house-of-lost-worlds-dinosaurs-dynasties-and-the-story-of-life-on-earth_170/index.html
2026-10-06 22:43:42,818 | INFO | scrapers.base_scraper | Request: https://books.toscrape.com/catalogue/house-of-leaves_169/index.html
2026-10-06 22:43:43,363 | INFO | scrapers.base_scraper | Request: https://books.toscrape.com/catalogue/horrible-bear_168/index.html
2026-10-06 22:43:43,370 | INFO | scrapers.base_scraper | Request: https://books.toscrape.com/catalogue/holidays-on-ice_167/index.html
2026-10-06 22:43:43,480 | INFO | scrapers.base_scraper | Request: https://books.toscrape.com/catalogue/heir-to-the-sky_166/index.html
2026-10-06 22:43:43,564 | INFO | scrapers.base_scraper | Request: https://books.toscrape.com/catalogue/green-eggs-and-ham-beginner-books-b-16_165/index.html
2026-10-06 22:43:43,574 | INFO | scrapers.base_scraper | Request: https://books.toscrape.com/catalogue/grayson-vol-3-nemesis-grayson-3_164/index.html
2026-10-06 22:43:44,184 | INFO | scrapers.base_scraper | Request: https://books.toscrape.com/catalogue/gratitude_163/index.html
2026-10-06 22:43:44,188 | INFO | scrapers.base_scraper | Request: https://books.toscrape.com/catalogue/gone-girl_162/index.html
2026-10-06 22:43:44,264 | INFO | scrapers.base_scraper | Request: https://books.toscrape.com/catalogue/golden-heart-of-dread-3_161/index.html
2026-10-06 22:43:44,328 | INFO | scrapers.base_scraper | Request: https://books.toscrape.com/catalogue/girl-in-the-blue-coat_160/index.html
2026-10-06 22:43:44,340 | INFO | scrapers.base_scraper | Request: https://books.toscrape.com/catalogue/fruits-basket-vol-3-fruits-basket-3_159/index.html
2026-10-06 22:43:45,048 | INFO | scrapers.base_scraper | Request: https://books.toscrape.com/catalogue/friday-night-lights-a-town-a-team-and-a-dream_158/index.html
2026-10-06 22:43:45,105 | INFO | scrapers.base_scraper | Request: https://books.toscrape.com/catalogue/fire-bound-sea-havensisters-of-the-heart-5_157/index.html
2026-10-06 22:43:45,117 | INFO | scrapers.base_scraper | Request: https://books.toscrape.com/catalogue/fifty-shades-freed-fifty-shades-3_156/index.html
2026-10-06 22:43:45,215 | INFO | scrapers.base_scraper | Request: https://books.toscrape.com/catalogue/fellside_155/index.html
2026-10-06 22:43:45,221 | INFO | scrapers.base_scraper | Request: https://books.toscrape.com/catalogue/extreme-prey-lucas-davenport-26_154/index.html
2026-10-06 22:43:45,833 | INFO | scrapers.base_scraper | Request: https://books.toscrape.com/catalogue/eragon-the-inheritance-cycle-1_153/index.html
2026-10-06 22:43:45,857 | INFO | scrapers.base_scraper | Request: https://books.toscrape.com/catalogue/eclipse-twilight-3_152/index.html
2026-10-06 22:43:45,975 | INFO | scrapers.base_scraper | Request: https://books.toscrape.com/catalogue/dune-dune-1_151/index.html
2026-10-06 22:43:46,109 | INFO | scrapers.base_scraper | Request: https://books.toscrape.com/catalogue/dracula_150/index.html
2026-10-06 22:43:46,230 | INFO | scrapers.base_scraper | Request: https://books.toscrape.com/catalogue/do-androids-dream-of-electric-sheep-blade-runner-1_149/index.html
2026-10-06 22:43:46,629 | INFO | scrapers.base_scraper | Request: https://books.toscrape.com/catalogue/disrupted-my-misadventure-in-the-start-up-bubble_148/index.html
2026-10-06 22:43:46,637 | INFO | scrapers.base_scraper | Request: https://books.toscrape.com/catalogue/dead-wake-the-last-crossing-of-the-lusitania_147/index.html
2026-10-06 22:43:46,868 | INFO | scrapers.base_scraper | Request: https://books.toscrape.com/catalogue/david-and-goliath-underdogs-misfits-and-the-art-of-battling-giants_146/index.html
2026-10-06 22:43:46,997 | INFO | scrapers.base_scraper | Request: https://books.toscrape.com/catalogue/darkfever-fever-1_145/index.html
2026-10-06 22:43:47,239 | INFO | scrapers.base_scraper | Request: https://books.toscrape.com/catalogue/dark-places_144/index.html
2026-10-06 22:43:47,627 | INFO | scrapers.base_scraper | Request: https://books.toscrape.com/catalogue/crazy-rich-asians-crazy-rich-asians-1_143/index.html
2026-10-06 22:43:47,644 | INFO | scrapers.base_scraper | Request: https://books.toscrape.com/catalogue/counting-thyme_142/index.html
2026-10-06 22:43:47,684 | INFO | scrapers.base_scraper | Request: https://books.toscrape.com/catalogue/cosmos_141/index.html
2026-10-06 22:43:48,012 | INFO | scrapers.base_scraper | Request: https://books.toscrape.com/catalogue/civilization-and-its-discontents_140/index.html
2026-10-06 22:43:48,245 | INFO | scrapers.base_scraper | Request: https://books.toscrape.com/catalogue/cinder-the-lunar-chronicles-1_139/index.html
2026-10-06 22:43:48,405 | INFO | scrapers.base_scraper | Request: https://books.toscrape.com/catalogue/catastrophic-happiness-finding-joy-in-childhoods-messy-years_138/index.html
2026-10-06 22:43:48,469 | INFO | scrapers.base_scraper | Request: https://books.toscrape.com/catalogue/career-of-evil-cormoran-strike-3_137/index.html
2026-10-06 22:43:48,625 | INFO | scrapers.base_scraper | Request: https://books.toscrape.com/catalogue/breaking-dawn-twilight-4_136/index.html
2026-10-06 22:43:49,023 | INFO | scrapers.base_scraper | Request: https://books.toscrape.com/catalogue/brave-enough_135/index.html
2026-10-06 22:43:49,164 | INFO | scrapers.base_scraper | Request: https://books.toscrape.com/catalogue/boy-meets-boy_134/index.html
2026-10-06 22:43:49,274 | INFO | scrapers.base_scraper | Request: https://books.toscrape.com/catalogue/born-to-run-a-hidden-tribe-superathletes-and-the-greatest-race-the-world-has-never-seen_133/index.html
2026-10-06 22:43:49,288 | INFO | scrapers.base_scraper | Request: https://books.toscrape.com/catalogue/blink-the-power-of-thinking-without-thinking_132/index.html
2026-10-06 22:43:49,374 | INFO | scrapers.base_scraper | Request: https://books.toscrape.com/catalogue/black-flags-the-rise-of-isis_131/index.html
2026-10-06 22:43:50,024 | INFO | scrapers.base_scraper | Request: https://books.toscrape.com/catalogue/black-butler-vol-1-black-butler-1_130/index.html
2026-10-06 22:43:50,176 | INFO | scrapers.base_scraper | Request: https://books.toscrape.com/catalogue/big-little-lies_129/index.html
2026-10-06 22:43:50,297 | INFO | scrapers.base_scraper | Request: https://books.toscrape.com/catalogue/between-shades-of-gray_128/index.html
2026-10-06 22:43:50,330 | INFO | scrapers.base_scraper | Request: https://books.toscrape.com/catalogue/best-of-my-love-fools-gold-20_127/index.html
2026-10-06 22:43:50,376 | INFO | scrapers.base_scraper | Request: https://books.toscrape.com/catalogue/beowulf_126/index.html
2026-10-06 22:43:50,807 | INFO | scrapers.base_scraper | Request: https://books.toscrape.com/catalogue/beautiful-creatures-caster-chronicles-1_125/index.html
2026-10-06 22:43:51,116 | INFO | scrapers.base_scraper | Request: https://books.toscrape.com/catalogue/awkward_124/index.html
2026-10-06 22:43:51,138 | INFO | scrapers.base_scraper | Request: https://books.toscrape.com/catalogue/ash_123/index.html
2026-10-06 22:43:51,178 | INFO | scrapers.base_scraper | Request: https://books.toscrape.com/catalogue/are-we-there-yet_122/index.html
2026-10-06 22:43:51,306 | INFO | scrapers.base_scraper | Request: https://books.toscrape.com/catalogue/are-we-smart-enough-to-know-how-smart-animals-are_121/index.html
2026-10-06 22:43:51,818 | INFO | scrapers.base_scraper | Request: https://books.toscrape.com/catalogue/annie-on-my-mind_120/index.html
2026-10-06 22:43:51,915 | INFO | scrapers.base_scraper | Request: https://books.toscrape.com/catalogue/and-then-there-were-none_119/index.html
2026-10-06 22:43:51,926 | INFO | scrapers.base_scraper | Request: https://books.toscrape.com/catalogue/a-walk-in-the-woods-rediscovering-america-on-the-appalachian-trail_118/index.html
2026-10-06 22:43:51,944 | INFO | scrapers.base_scraper | Request: https://books.toscrape.com/catalogue/a-visit-from-the-goon-squad_117/index.html
2026-10-06 22:43:52,313 | INFO | scrapers.base_scraper | Request: https://books.toscrape.com/catalogue/a-storm-of-swords-a-song-of-ice-and-fire-3_116/index.html
2026-10-06 22:43:52,677 | INFO | scrapers.base_scraper | Request: https://books.toscrape.com/catalogue/a-heartbreaking-work-of-staggering-genius_115/index.html
2026-10-06 22:43:52,720 | INFO | scrapers.base_scraper | Request: https://books.toscrape.com/catalogue/8-keys-to-mental-health-through-exercise_114/index.html
2026-10-06 22:43:52,732 | INFO | scrapers.base_scraper | Request: https://books.toscrape.com/catalogue/girlboss_113/index.html
2026-10-06 22:43:52,854 | INFO | scrapers.base_scraper | Request: https://books.toscrape.com/catalogue/the-suffragettes-little-black-classics-96_112/index.html
2026-10-06 22:43:53,076 | INFO | scrapers.base_scraper | Request: https://books.toscrape.com/catalogue/the-sense-of-an-ending_111/index.html
2026-10-06 22:43:53,514 | INFO | scrapers.base_scraper | Request: https://books.toscrape.com/catalogue/the-sandman-vol-2-the-dolls-house-the-sandman-volumes-2_110/index.html
2026-10-06 22:43:53,672 | INFO | scrapers.base_scraper | Request: https://books.toscrape.com/catalogue/the-course-of-love_109/index.html
2026-10-06 22:43:53,726 | INFO | scrapers.base_scraper | Request: https://books.toscrape.com/catalogue/sugar-rush-offensive-line-2_108/index.html
2026-10-06 22:43:53,838 | INFO | scrapers.base_scraper | Request: https://books.toscrape.com/catalogue/saga-volume-2-saga-collected-editions-2_107/index.html
2026-10-06 22:43:53,868 | INFO | scrapers.base_scraper | Request: https://books.toscrape.com/catalogue/run-spot-run-the-ethics-of-keeping-pets_106/index.html
2026-10-06 22:43:54,566 | INFO | scrapers.base_scraper | Request: https://books.toscrape.com/catalogue/new-moon-twilight-2_105/index.html
2026-10-06 22:43:54,602 | INFO | scrapers.base_scraper | Request: https://books.toscrape.com/catalogue/life_104/index.html
2026-10-06 22:43:54,662 | INFO | scrapers.base_scraper | Request: https://books.toscrape.com/catalogue/kindle-paperwhite-users-guide_103/index.html
2026-10-06 22:43:54,723 | INFO | scrapers.base_scraper | Request: https://books.toscrape.com/catalogue/h-is-for-hawk_102/index.html
2026-10-06 22:43:54,874 | INFO | scrapers.base_scraper | Request: https://books.toscrape.com/catalogue/girl-online-on-tour-girl-online-2_101/index.html
2026-10-06 22:43:55,395 | INFO | scrapers.base_scraper | Request: https://books.toscrape.com/catalogue/fruits-basket-vol-2-fruits-basket-2_100/index.html
2026-10-06 22:43:55,407 | INFO | scrapers.base_scraper | Request: https://books.toscrape.com/catalogue/diary-of-a-minecraft-zombie-book-1-a-scare-of-a-dare-an-unofficial-minecraft-book_99/index.html
2026-10-06 22:43:55,420 | INFO | scrapers.base_scraper | Request: https://books.toscrape.com/catalogue/y-the-last-man-vol-1-unmanned-y-the-last-man-1_98/index.html
2026-10-06 22:43:55,644 | INFO | scrapers.base_scraper | Request: https://books.toscrape.com/catalogue/while-you-were-mine_97/index.html
2026-10-06 22:43:55,731 | INFO | scrapers.base_scraper | Request: https://books.toscrape.com/catalogue/where-lightning-strikes-bleeding-stars-3_96/index.html
2026-10-06 22:43:56,177 | INFO | scrapers.base_scraper | Request: https://books.toscrape.com/catalogue/when-im-gone_95/index.html
2026-10-06 22:43:56,455 | INFO | scrapers.base_scraper | Request: https://books.toscrape.com/catalogue/ways-of-seeing_94/index.html
2026-10-06 22:43:56,465 | INFO | scrapers.base_scraper | Request: https://books.toscrape.com/catalogue/vampire-knight-vol-1-vampire-knight-1_93/index.html
2026-10-06 22:43:56,472 | INFO | scrapers.base_scraper | Request: https://books.toscrape.com/catalogue/vampire-girl-vampire-girl-1_92/index.html
2026-10-06 22:43:56,731 | INFO | scrapers.base_scraper | Request: https://books.toscrape.com/catalogue/twenty-love-poems-and-a-song-of-despair_91/index.html
2026-10-06 22:43:57,251 | INFO | scrapers.base_scraper | Request: https://books.toscrape.com/catalogue/travels-with-charley-in-search-of-america_90/index.html
2026-10-06 22:43:57,268 | INFO | scrapers.base_scraper | Request: https://books.toscrape.com/catalogue/three-wishes-river-of-time-california-1_89/index.html
2026-10-06 22:43:57,277 | INFO | scrapers.base_scraper | Request: https://books.toscrape.com/catalogue/this-one-moment-pushing-limits-1_88/index.html
2026-10-06 22:43:57,451 | INFO | scrapers.base_scraper | Request: https://books.toscrape.com/catalogue/the-zombie-room_87/index.html
2026-10-06 22:43:57,741 | INFO | scrapers.base_scraper | Request: https://books.toscrape.com/catalogue/the-wicked-the-divine-vol-1-the-faust-act-the-wicked-the-divine_86/index.html
2026-10-06 22:43:58,264 | INFO | scrapers.base_scraper | Request: https://books.toscrape.com/catalogue/the-tumor_85/index.html
2026-10-06 22:43:58,283 | INFO | scrapers.base_scraper | Request: https://books.toscrape.com/catalogue/the-story-of-hong-gildong_84/index.html
2026-10-06 22:43:58,325 | INFO | scrapers.base_scraper | Request: https://books.toscrape.com/catalogue/the-silent-wife_83/index.html
2026-10-06 22:43:58,446 | INFO | scrapers.base_scraper | Request: https://books.toscrape.com/catalogue/the-silent-twin-detective-jennifer-knight-3_82/index.html
2026-10-06 22:43:58,740 | INFO | scrapers.base_scraper | Request: https://books.toscrape.com/catalogue/the-selfish-gene_81/index.html
2026-10-06 22:43:59,027 | INFO | scrapers.base_scraper | Request: https://books.toscrape.com/catalogue/the-secret-healer_80/index.html
2026-10-06 22:43:59,292 | INFO | scrapers.base_scraper | Request: https://books.toscrape.com/catalogue/the-sandman-vol-1-preludes-and-nocturnes-the-sandman-volumes-1_79/index.html
2026-10-06 22:43:59,380 | INFO | scrapers.base_scraper | Request: https://books.toscrape.com/catalogue/the-republic_78/index.html
2026-10-06 22:43:59,439 | INFO | scrapers.base_scraper | Request: https://books.toscrape.com/catalogue/the-odyssey_77/index.html
2026-10-06 22:43:59,746 | INFO | scrapers.base_scraper | Request: https://books.toscrape.com/catalogue/the-no-1-ladies-detective-agency-no-1-ladies-detective-agency-1_76/index.html
2026-10-06 22:43:59,792 | INFO | scrapers.base_scraper | Request: https://books.toscrape.com/catalogue/the-nicomachean-ethics_75/index.html
2026-10-06 22:44:00,164 | INFO | scrapers.base_scraper | Request: https://books.toscrape.com/catalogue/the-name-of-the-wind-the-kingkiller-chronicle-1_74/index.html
2026-10-06 22:44:00,297 | INFO | scrapers.base_scraper | Request: https://books.toscrape.com/catalogue/the-mirror-the-maze-the-wrath-and-the-dawn-15_73/index.html
2026-10-06 22:44:00,440 | INFO | scrapers.base_scraper | Request: https://books.toscrape.com/catalogue/the-little-prince_72/index.html
2026-10-06 22:44:00,507 | INFO | scrapers.base_scraper | Request: https://books.toscrape.com/catalogue/the-light-of-the-fireflies_71/index.html
2026-10-06 22:44:00,798 | INFO | scrapers.base_scraper | Request: https://books.toscrape.com/catalogue/the-last-girl-the-dominion-trilogy-1_70/index.html
2026-10-06 22:44:01,062 | INFO | scrapers.base_scraper | Request: https://books.toscrape.com/catalogue/the-iliad_69/index.html
2026-10-06 22:44:01,193 | INFO | scrapers.base_scraper | Request: https://books.toscrape.com/catalogue/the-hook-up-game-on-1_68/index.html
2026-10-06 22:44:01,221 | INFO | scrapers.base_scraper | Request: https://books.toscrape.com/catalogue/the-haters_67/index.html
2026-10-06 22:44:01,506 | INFO | scrapers.base_scraper | Request: https://books.toscrape.com/catalogue/the-girl-you-lost_66/index.html
2026-10-06 22:44:01,558 | INFO | scrapers.base_scraper | Request: https://books.toscrape.com/catalogue/the-girl-in-the-ice-dci-erika-foster-1_65/index.html
2026-10-06 22:44:01,829 | INFO | scrapers.base_scraper | Request: https://books.toscrape.com/catalogue/the-end-of-the-jesus-era-an-investigation-1_64/index.html
2026-10-06 22:44:02,181 | INFO | scrapers.base_scraper | Request: https://books.toscrape.com/catalogue/the-edge-of-reason-bridget-jones-2_63/index.html
2026-10-06 22:44:02,273 | INFO | scrapers.base_scraper | Request: https://books.toscrape.com/catalogue/the-complete-maus-maus-1-2_62/index.html
2026-10-06 22:44:02,507 | INFO | scrapers.base_scraper | Request: https://books.toscrape.com/catalogue/the-communist-manifesto_61/index.html
2026-10-06 22:44:02,577 | INFO | scrapers.base_scraper | Request: https://books.toscrape.com/catalogue/the-bhagavad-gita_60/index.html
2026-10-06 22:44:02,831 | INFO | scrapers.base_scraper | Request: https://books.toscrape.com/catalogue/the-bette-davis-club_59/index.html
2026-10-06 22:44:03,181 | INFO | scrapers.base_scraper | Request: https://books.toscrape.com/catalogue/the-art-of-not-breathing_58/index.html
2026-10-06 22:44:03,271 | INFO | scrapers.base_scraper | Request: https://books.toscrape.com/catalogue/taking-shots-assassins-1_57/index.html
2026-10-06 22:44:03,328 | INFO | scrapers.base_scraper | Request: https://books.toscrape.com/catalogue/starlark_56/index.html
2026-10-06 22:44:03,357 | INFO | scrapers.base_scraper | Request: https://books.toscrape.com/catalogue/skip-beat-vol-01-skip-beat-1_55/index.html
2026-10-06 22:44:03,845 | INFO | scrapers.base_scraper | Request: https://books.toscrape.com/catalogue/sister-sable-the-mad-queen-1_54/index.html
2026-10-06 22:44:03,940 | INFO | scrapers.base_scraper | Request: https://books.toscrape.com/catalogue/shatter-me-shatter-me-1_53/index.html
2026-10-06 22:44:04,050 | INFO | scrapers.base_scraper | Request: https://books.toscrape.com/catalogue/shameless_52/index.html
2026-10-06 22:44:04,112 | INFO | scrapers.base_scraper | Request: https://books.toscrape.com/catalogue/shadow-rites-jane-yellowrock-10_51/index.html
2026-10-06 22:44:04,359 | INFO | scrapers.base_scraper | Request: https://books.toscrape.com/catalogue/settling-the-score-the-summer-games-1_50/index.html
2026-10-06 22:44:04,612 | INFO | scrapers.base_scraper | Request: https://books.toscrape.com/catalogue/sense-and-sensibility_49/index.html
2026-10-06 22:44:04,806 | INFO | scrapers.base_scraper | Request: https://books.toscrape.com/catalogue/saga-volume-1-saga-collected-editions-1_48/index.html
2026-10-06 22:44:04,940 | INFO | scrapers.base_scraper | Request: https://books.toscrape.com/catalogue/rhythm-chord-malykhin_47/index.html
2026-10-06 22:44:05,108 | INFO | scrapers.base_scraper | Request: https://books.toscrape.com/catalogue/rat-queens-vol-1-sass-sorcery-rat-queens-collected-editions-1-5_46/index.html
2026-10-06 22:44:05,358 | INFO | scrapers.base_scraper | Request: https://books.toscrape.com/catalogue/paradise-lost-paradise-1_45/index.html
2026-10-06 22:44:05,372 | INFO | scrapers.base_scraper | Request: https://books.toscrape.com/catalogue/paper-girls-vol-1-paper-girls-1-5_44/index.html
2026-10-06 22:44:05,571 | INFO | scrapers.base_scraper | Request: https://books.toscrape.com/catalogue/ouran-high-school-host-club-vol-1-ouran-high-school-host-club-1_43/index.html
2026-10-06 22:44:05,714 | INFO | scrapers.base_scraper | Request: https://books.toscrape.com/catalogue/origins-alphas-05_42/index.html
2026-10-06 22:44:05,858 | INFO | scrapers.base_scraper | Request: https://books.toscrape.com/catalogue/one-second-seven-7_41/index.html
2026-10-06 22:44:06,123 | INFO | scrapers.base_scraper | Request: https://books.toscrape.com/catalogue/on-the-road-duluoz-legend_40/index.html
2026-10-06 22:44:06,156 | INFO | scrapers.base_scraper | Request: https://books.toscrape.com/catalogue/old-records-never-die-one-mans-quest-for-his-vinyl-and-his-past_39/index.html
2026-10-06 22:44:06,328 | INFO | scrapers.base_scraper | Request: https://books.toscrape.com/catalogue/off-sides-off-1_38/index.html
2026-10-06 22:44:06,739 | INFO | scrapers.base_scraper | Request: https://books.toscrape.com/catalogue/of-mice-and-men_37/index.html
2026-10-06 22:44:06,855 | INFO | scrapers.base_scraper | Request: https://books.toscrape.com/catalogue/myriad-prentor-1_36/index.html
2026-10-06 22:44:06,880 | INFO | scrapers.base_scraper | Request: https://books.toscrape.com/catalogue/my-perfect-mistake-over-the-top-1_35/index.html
2026-10-06 22:44:07,176 | INFO | scrapers.base_scraper | Request: https://books.toscrape.com/catalogue/ms-marvel-vol-1-no-normal-ms-marvel-2014-2015-1_34/index.html
2026-10-06 22:44:07,338 | INFO | scrapers.base_scraper | Request: https://books.toscrape.com/catalogue/meditations_33/index.html
2026-10-06 22:44:07,618 | INFO | scrapers.base_scraper | Request: https://books.toscrape.com/catalogue/matilda_32/index.html
2026-10-06 22:44:07,633 | INFO | scrapers.base_scraper | Request: https://books.toscrape.com/catalogue/lost-among-the-living_31/index.html
2026-10-06 22:44:07,736 | INFO | scrapers.base_scraper | Request: https://books.toscrape.com/catalogue/lord-of-the-flies_30/index.html
2026-10-06 22:44:07,949 | INFO | scrapers.base_scraper | Request: https://books.toscrape.com/catalogue/listen-to-me-fusion-1_29/index.html
2026-10-06 22:44:08,089 | INFO | scrapers.base_scraper | Request: https://books.toscrape.com/catalogue/kitchens-of-the-great-midwest_28/index.html
2026-10-06 22:44:08,611 | INFO | scrapers.base_scraper | Request: https://books.toscrape.com/catalogue/jane-eyre_27/index.html
2026-10-06 22:44:08,641 | INFO | scrapers.base_scraper | Request: https://books.toscrape.com/catalogue/imperfect-harmony_26/index.html
2026-10-06 22:44:08,739 | INFO | scrapers.base_scraper | Request: https://books.toscrape.com/catalogue/icing-aces-hockey-2_25/index.html
2026-10-06 22:44:08,973 | INFO | scrapers.base_scraper | Request: https://books.toscrape.com/catalogue/hawkeye-vol-1-my-life-as-a-weapon-hawkeye-1_24/index.html
2026-10-06 22:44:09,098 | INFO | scrapers.base_scraper | Request: https://books.toscrape.com/catalogue/having-the-barbarians-baby-ice-planet-barbarians-75_23/index.html
2026-10-06 22:44:09,361 | INFO | scrapers.base_scraper | Request: https://books.toscrape.com/catalogue/giant-days-vol-1-giant-days-1-4_22/index.html
2026-10-06 22:44:09,402 | INFO | scrapers.base_scraper | Request: https://books.toscrape.com/catalogue/fruits-basket-vol-1-fruits-basket-1_21/index.html
2026-10-06 22:44:09,741 | INFO | scrapers.base_scraper | Request: https://books.toscrape.com/catalogue/frankenstein_20/index.html
2026-10-06 22:44:09,757 | INFO | scrapers.base_scraper | Request: https://books.toscrape.com/catalogue/forever-rockers-the-rocker-12_19/index.html
2026-10-06 22:44:09,857 | INFO | scrapers.base_scraper | Request: https://books.toscrape.com/catalogue/fighting-fate-fighting-6_18/index.html
2026-10-06 22:44:10,163 | INFO | scrapers.base_scraper | Request: https://books.toscrape.com/catalogue/emma_17/index.html
2026-10-06 22:44:10,365 | INFO | scrapers.base_scraper | Request: https://books.toscrape.com/catalogue/eat-pray-love_16/index.html
2026-10-06 22:44:10,521 | INFO | scrapers.base_scraper | Request: https://books.toscrape.com/catalogue/deep-under-walker-security-1_15/index.html
2026-10-06 22:44:10,745 | INFO | scrapers.base_scraper | Request: https://books.toscrape.com/catalogue/choosing-our-religion-the-spiritual-lives-of-americas-nones_14/index.html
2026-10-06 22:44:10,859 | INFO | scrapers.base_scraper | Request: https://books.toscrape.com/catalogue/charlie-and-the-chocolate-factory-charlie-bucket-1_13/index.html
2026-10-06 22:44:11,158 | INFO | scrapers.base_scraper | Request: https://books.toscrape.com/catalogue/charitys-cross-charles-towne-belles-4_12/index.html
2026-10-06 22:44:11,298 | INFO | scrapers.base_scraper | Request: https://books.toscrape.com/catalogue/bright-lines_11/index.html
2026-10-06 22:44:11,383 | INFO | scrapers.base_scraper | Request: https://books.toscrape.com/catalogue/bridget-joness-diary-bridget-jones-1_10/index.html
2026-10-06 22:44:11,622 | INFO | scrapers.base_scraper | Request: https://books.toscrape.com/catalogue/bounty-colorado-mountain-7_9/index.html
2026-10-06 22:44:11,739 | INFO | scrapers.base_scraper | Request: https://books.toscrape.com/catalogue/blood-defense-samantha-brinkman-1_8/index.html
2026-10-06 22:44:12,152 | INFO | scrapers.base_scraper | Request: https://books.toscrape.com/catalogue/bleach-vol-1-strawberry-and-the-soul-reapers-bleach-1_7/index.html
2026-10-06 22:44:12,316 | INFO | scrapers.base_scraper | Request: https://books.toscrape.com/catalogue/beyond-good-and-evil_6/index.html
2026-10-06 22:44:12,376 | INFO | scrapers.base_scraper | Request: https://books.toscrape.com/catalogue/alice-in-wonderland-alices-adventures-in-wonderland-1_5/index.html
2026-10-06 22:44:12,624 | INFO | scrapers.base_scraper | Request: https://books.toscrape.com/catalogue/ajin-demi-human-volume-1-ajin-demi-human-1_4/index.html
2026-10-06 22:44:12,726 | INFO | scrapers.base_scraper | Request: https://books.toscrape.com/catalogue/a-spys-devotion-the-regency-spies-of-london-1_3/index.html
2026-10-06 22:44:13,560 | INFO | scrapers.base_scraper | Request: https://books.toscrape.com/catalogue/1st-to-die-womens-murder-club-1_2/index.html
2026-10-06 22:44:13,696 | INFO | scrapers.base_scraper | Request: https://books.toscrape.com/catalogue/1000-places-to-see-before-you-die_1/index.html
2026-10-06 22:44:14,020 | WARNING | urllib3.connectionpool | Retrying (Retry(total=2, connect=None, read=None, redirect=None, status=None)) after connection broken by 'RemoteDisconnected('Remote end closed connection without response')': /catalogue/1000-places-to-see-before-you-die_1/index.html
2026-10-06 22:44:26,024 | WARNING | urllib3.connectionpool | Retrying (Retry(total=1, connect=None, read=None, redirect=None, status=None)) after connection broken by 'ConnectTimeoutError(<HTTPSConnection(host='books.toscrape.com', port=443) at 0x20cec784e50>, 'Connection to books.toscrape.com timed out. (connect timeout=10)')': /catalogue/1000-places-to-see-before-you-die_1/index.html
2026-10-06 22:44:28,053 | INFO | scrapers.books_scraper | Books scrape complete: 1000 records
2026-10-06 22:44:28,113 | INFO | scrapers.quotes_scraper | Quotes page 1: https://quotes.toscrape.com/
2026-10-06 22:44:28,113 | INFO | scrapers.base_scraper | Request: https://quotes.toscrape.com/
2026-10-06 22:44:30,274 | INFO | scrapers.quotes_scraper | Quotes page 1 parsed: 10 records
2026-10-06 22:44:30,282 | INFO | scrapers.quotes_scraper | Quotes page 2: https://quotes.toscrape.com/page/2/
2026-10-06 22:44:30,282 | INFO | scrapers.base_scraper | Request: https://quotes.toscrape.com/page/2/
2026-10-06 22:44:31,305 | INFO | scrapers.quotes_scraper | Quotes page 2 parsed: 10 records
2026-10-06 22:44:31,323 | INFO | scrapers.quotes_scraper | Quotes page 3: https://quotes.toscrape.com/page/3/
2026-10-06 22:44:31,323 | INFO | scrapers.base_scraper | Request: https://quotes.toscrape.com/page/3/
2026-10-06 22:44:32,100 | INFO | scrapers.quotes_scraper | Quotes page 3 parsed: 10 records
2026-10-06 22:44:32,106 | INFO | scrapers.quotes_scraper | Quotes page 4: https://quotes.toscrape.com/page/4/
2026-10-06 22:44:32,106 | INFO | scrapers.base_scraper | Request: https://quotes.toscrape.com/page/4/
2026-10-06 22:44:32,875 | INFO | scrapers.quotes_scraper | Quotes page 4 parsed: 10 records
2026-10-06 22:44:32,887 | INFO | scrapers.quotes_scraper | Quotes page 5: https://quotes.toscrape.com/page/5/
2026-10-06 22:44:32,887 | INFO | scrapers.base_scraper | Request: https://quotes.toscrape.com/page/5/
2026-10-06 22:44:33,661 | INFO | scrapers.quotes_scraper | Quotes page 5 parsed: 10 records
2026-10-06 22:44:33,668 | INFO | scrapers.quotes_scraper | Quotes page 6: https://quotes.toscrape.com/page/6/
2026-10-06 22:44:33,670 | INFO | scrapers.base_scraper | Request: https://quotes.toscrape.com/page/6/
2026-10-06 22:44:34,437 | INFO | scrapers.quotes_scraper | Quotes page 6 parsed: 10 records
2026-10-06 22:44:34,447 | INFO | scrapers.quotes_scraper | Quotes page 7: https://quotes.toscrape.com/page/7/
2026-10-06 22:44:34,454 | INFO | scrapers.base_scraper | Request: https://quotes.toscrape.com/page/7/
2026-10-06 22:44:35,225 | INFO | scrapers.quotes_scraper | Quotes page 7 parsed: 10 records
2026-10-06 22:44:35,234 | INFO | scrapers.quotes_scraper | Quotes page 8: https://quotes.toscrape.com/page/8/
2026-10-06 22:44:35,234 | INFO | scrapers.base_scraper | Request: https://quotes.toscrape.com/page/8/
2026-10-06 22:44:36,265 | INFO | scrapers.quotes_scraper | Quotes page 8 parsed: 10 records
2026-10-06 22:44:36,276 | INFO | scrapers.quotes_scraper | Quotes page 9: https://quotes.toscrape.com/page/9/
2026-10-06 22:44:36,276 | INFO | scrapers.base_scraper | Request: https://quotes.toscrape.com/page/9/
2026-10-06 22:44:37,044 | INFO | scrapers.quotes_scraper | Quotes page 9 parsed: 10 records
2026-10-06 22:44:37,051 | INFO | scrapers.quotes_scraper | Quotes page 10: https://quotes.toscrape.com/page/10/
2026-10-06 22:44:37,051 | INFO | scrapers.base_scraper | Request: https://quotes.toscrape.com/page/10/
2026-10-06 22:44:37,826 | INFO | scrapers.quotes_scraper | Quotes page 10 parsed: 10 records
2026-10-06 22:44:37,829 | INFO | scrapers.quotes_scraper | Quotes scrape complete: 100 raw records
2026-10-06 22:44:37,886 | INFO | root | Final records: 1099
2026-10-06 22:44:37,886 | INFO | root | CSV written to C:\scraping_assignment\output\final_dataset.csv
2026-10-06 22:44:37,886 | INFO | root | Summary written to C:\scraping_assignment\output\summary_report.json
2026-10-06 22:44:37,889 | INFO | root | Pipeline finished in 259.023 seconds
